time,rain (mm),lat,lon
1991-01-01,1.1377263,30.5,79.5
1991-01-02,0.59166074,30.5,79.5
1991-01-03,0.0,30.5,79.5
1991-01-04,0.0,30.5,79.5
1991-01-05,0.0,30.5,79.5
1991-01-06,0.0,30.5,79.5
1991-01-07,0.0,30.5,79.5
1991-01-08,0.0,30.5,79.5
1991-01-09,0.30160338,30.5,79.5
1991-01-10,0.0,30.5,79.5
1991-01-11,0.0,30.5,79.5
1991-01-12,0.0,30.5,79.5
1991-01-13,0.0,30.5,79.5
1991-01-14,0.30219945,30.5,79.5
1991-01-15,0.0,30.5,79.5
1991-01-16,0.0,30.5,79.5
1991-01-17,0.0,30.5,79.5
1991-01-18,0.0,30.5,79.5
1991-01-19,0.0,30.5,79.5
1991-01-20,0.0,30.5,79.5
1991-01-21,0.0,30.5,79.5
1991-01-22,0.0,30.5,79.5
1991-01-23,0.0,30.5,79.5
1991-01-24,0.0,30.5,79.5
1991-01-25,0.0,30.5,79.5
1991-01-26,0.0,30.5,79.5
1991-01-27,0.0,30.5,79.5
1991-01-28,0.0,30.5,79.5
1991-01-29,0.0,30.5,79.5
1991-01-30,0.0,30.5,79.5
1991-01-31,0.0,30.5,79.5
1991-02-01,0.013361542,30.5,79.5
1991-02-02,0.0,30.5,79.5
1991-02-03,0.0,30.5,79.5
1991-02-04,1.1720709,30.5,79.5
1991-02-05,0.16988845,30.5,79.5
1991-02-06,0.0,30.5,79.5
1991-02-07,4.501176,30.5,79.5
1991-02-08,0.05716091,30.5,79.5
1991-02-09,0.15446928,30.5,79.5
1991-02-10,0.40361455,30.5,79.5
1991-02-11,32.74822,30.5,79.5
1991-02-12,9.612159,30.5,79.5
1991-02-13,0.0,30.5,79.5
1991-02-14,0.0,30.5,79.5
1991-02-15,0.0,30.5,79.5
1991-02-16,0.0,30.5,79.5
1991-02-17,0.021995025,30.5,79.5
1991-02-18,0.3558114,30.5,79.5
1991-02-19,0.0,30.5,79.5
1991-02-20,0.0,30.5,79.5
1991-02-21,0.0,30.5,79.5
1991-02-22,0.0,30.5,79.5
1991-02-23,0.16002226,30.5,79.5
1991-02-24,3.5761447,30.5,79.5
1991-02-25,4.775047,30.5,79.5
1991-02-26,8.2744875,30.5,79.5
1991-02-27,29.983517,30.5,79.5
1991-02-28,0.9273945,30.5,79.5
1991-03-01,0.0,30.5,79.5
1991-03-02,0.0,30.5,79.5
1991-03-03,0.7544321,30.5,79.5
1991-03-04,16.364462,30.5,79.5
1991-03-05,39.160263,30.5,79.5
1991-03-06,0.042094197,30.5,79.5
1991-03-07,0.0,30.5,79.5
1991-03-08,0.0,30.5,79.5
1991-03-09,16.78817,30.5,79.5
1991-03-10,0.0,30.5,79.5
1991-03-11,0.0,30.5,79.5
1991-03-12,0.0,30.5,79.5
1991-03-13,0.0,30.5,79.5
1991-03-14,20.892057,30.5,79.5
1991-03-15,10.856358,30.5,79.5
1991-03-16,23.69692,30.5,79.5
1991-03-17,14.161871,30.5,79.5
1991-03-18,38.26856,30.5,79.5
1991-03-19,61.70674,30.5,79.5
1991-03-20,105.246635,30.5,79.5
1991-03-21,98.92636,30.5,79.5
1991-03-22,117.46641,30.5,79.5
1991-03-23,120.71881,30.5,79.5
1991-03-24,27.250484,30.5,79.5
1991-03-25,44.80855,30.5,79.5
1991-03-26,0.0,30.5,79.5
1991-03-27,0.0,30.5,79.5
1991-03-28,0.00018403147,30.5,79.5
1991-03-29,0.0,30.5,79.5
1991-03-30,0.0,30.5,79.5
1991-03-31,0.0,30.5,79.5
1991-04-01,2.8244126,30.5,79.5
1991-04-02,0.29619747,30.5,79.5
1991-04-03,3.982055,30.5,79.5
1991-04-04,0.20327944,30.5,79.5
1991-04-05,0.0,30.5,79.5
1991-04-06,0.044425853,30.5,79.5
1991-04-07,0.0,30.5,79.5
1991-04-08,0.4288903,30.5,79.5
1991-04-09,41.60091,30.5,79.5
1991-04-10,6.3913054,30.5,79.5
1991-04-11,1.5303938,30.5,79.5
1991-04-12,0.0,30.5,79.5
1991-04-13,0.5232997,30.5,79.5
1991-04-14,32.845863,30.5,79.5
1991-04-15,23.00628,30.5,79.5
1991-04-16,0.0,30.5,79.5
1991-04-17,0.048030417,30.5,79.5
1991-04-18,0.0,30.5,79.5
1991-04-19,0.0,30.5,79.5
1991-04-20,0.0,30.5,79.5
1991-04-21,0.0,30.5,79.5
1991-04-22,0.850308,30.5,79.5
1991-04-23,6.2170134,30.5,79.5
1991-04-24,0.0,30.5,79.5
1991-04-25,0.0,30.5,79.5
1991-04-26,0.0,30.5,79.5
1991-04-27,0.0,30.5,79.5
1991-04-28,0.0,30.5,79.5
1991-04-29,0.16234306,30.5,79.5
1991-04-30,0.0,30.5,79.5
1991-05-01,0.0,30.5,79.5
1991-05-02,5.562554,30.5,79.5
1991-05-03,9.949411,30.5,79.5
1991-05-04,0.0,30.5,79.5
1991-05-05,0.0,30.5,79.5
1991-05-06,0.12782344,30.5,79.5
1991-05-07,0.6196938,30.5,79.5
1991-05-08,1.6871548,30.5,79.5
1991-05-09,0.002530083,30.5,79.5
1991-05-10,4.295114,30.5,79.5
1991-05-11,0.42572343,30.5,79.5
1991-05-12,0.0,30.5,79.5
1991-05-13,0.0,30.5,79.5
1991-05-14,0.07413496,30.5,79.5
1991-05-15,0.0,30.5,79.5
1991-05-16,0.0,30.5,79.5
1991-05-17,0.16982725,30.5,79.5
1991-05-18,1.4479706,30.5,79.5
1991-05-19,0.16229282,30.5,79.5
1991-05-20,1.2041564,30.5,79.5
1991-05-21,0.9186209,30.5,79.5
1991-05-22,0.0,30.5,79.5
1991-05-23,0.16040257,30.5,79.5
1991-05-24,0.0,30.5,79.5
1991-05-25,0.52086407,30.5,79.5
1991-05-26,1.1941102,30.5,79.5
1991-05-27,0.16010289,30.5,79.5
1991-05-28,0.0,30.5,79.5
1991-05-29,0.10602326,30.5,79.5
1991-05-30,0.43709317,30.5,79.5
1991-05-31,4.282303,30.5,79.5
1991-06-01,0.6045097,30.5,79.5
1991-06-02,0.0,30.5,79.5
1991-06-03,0.0,30.5,79.5
1991-06-04,1.0362979,30.5,79.5
1991-06-05,0.0,30.5,79.5
1991-06-06,1.481084,30.5,79.5
1991-06-07,1.4146292,30.5,79.5
1991-06-08,2.1809971,30.5,79.5
1991-06-09,3.667993,30.5,79.5
1991-06-10,1.3041693,30.5,79.5
1991-06-11,2.2608082,30.5,79.5
1991-06-12,0.0,30.5,79.5
1991-06-13,0.0,30.5,79.5
1991-06-14,0.3402103,30.5,79.5
1991-06-15,0.081338495,30.5,79.5
1991-06-16,0.14637429,30.5,79.5
1991-06-17,6.668878,30.5,79.5
1991-06-18,2.9651787,30.5,79.5
1991-06-19,7.660161,30.5,79.5
1991-06-20,1.3392975,30.5,79.5
1991-06-21,0.16275501,30.5,79.5
1991-06-22,0.0,30.5,79.5
1991-06-23,0.0,30.5,79.5
1991-06-24,0.0,30.5,79.5
1991-06-25,0.0,30.5,79.5
1991-06-26,1.1536672,30.5,79.5
1991-06-27,0.000170486,30.5,79.5
1991-06-28,0.0,30.5,79.5
1991-06-29,0.0,30.5,79.5
1991-06-30,0.311756,30.5,79.5
1991-07-01,2.106097,30.5,79.5
1991-07-02,11.58914,30.5,79.5
1991-07-03,16.973022,30.5,79.5
1991-07-04,6.606051,30.5,79.5
1991-07-05,17.26412,30.5,79.5
1991-07-06,2.8272972,30.5,79.5
1991-07-07,1.1685758,30.5,79.5
1991-07-08,0.64904785,30.5,79.5
1991-07-09,0.2765724,30.5,79.5
1991-07-10,2.0815237,30.5,79.5
1991-07-11,2.74853,30.5,79.5
1991-07-12,0.22143704,30.5,79.5
1991-07-13,20.094246,30.5,79.5
1991-07-14,4.6601124,30.5,79.5
1991-07-15,2.201832,30.5,79.5
1991-07-16,23.13534,30.5,79.5
1991-07-17,0.36494005,30.5,79.5
1991-07-18,32.39414,30.5,79.5
1991-07-19,5.077858,30.5,79.5
1991-07-20,18.921791,30.5,79.5
1991-07-21,32.859463,30.5,79.5
1991-07-22,13.206478,30.5,79.5
1991-07-23,7.426192,30.5,79.5
1991-07-24,5.8452845,30.5,79.5
1991-07-25,11.688677,30.5,79.5
1991-07-26,16.557987,30.5,79.5
1991-07-27,14.500235,30.5,79.5
1991-07-28,12.85575,30.5,79.5
1991-07-29,2.1654482,30.5,79.5
1991-07-30,19.417152,30.5,79.5
1991-07-31,3.6571732,30.5,79.5
1991-08-01,24.367464,30.5,79.5
1991-08-02,35.821987,30.5,79.5
1991-08-03,8.461656,30.5,79.5
1991-08-04,18.004845,30.5,79.5
1991-08-05,10.862204,30.5,79.5
1991-08-06,23.057587,30.5,79.5
1991-08-07,12.261457,30.5,79.5
1991-08-08,40.199036,30.5,79.5
1991-08-09,41.073048,30.5,79.5
1991-08-10,8.231878,30.5,79.5
1991-08-11,0.76821744,30.5,79.5
1991-08-12,0.1857769,30.5,79.5
1991-08-13,0.29921284,30.5,79.5
1991-08-14,0.3450124,30.5,79.5
1991-08-15,2.5519378,30.5,79.5
1991-08-16,36.793186,30.5,79.5
1991-08-17,16.995836,30.5,79.5
1991-08-18,27.107246,30.5,79.5
1991-08-19,1.6309998,30.5,79.5
1991-08-20,3.607053,30.5,79.5
1991-08-21,18.933283,30.5,79.5
1991-08-22,4.728198,30.5,79.5
1991-08-23,19.639095,30.5,79.5
1991-08-24,7.7451353,30.5,79.5
1991-08-25,14.603131,30.5,79.5
1991-08-26,17.234447,30.5,79.5
1991-08-27,4.600004,30.5,79.5
1991-08-28,12.442305,30.5,79.5
1991-08-29,9.083645,30.5,79.5
1991-08-30,10.973783,30.5,79.5
1991-08-31,16.359156,30.5,79.5
1991-09-01,9.376306,30.5,79.5
1991-09-02,4.629975,30.5,79.5
1991-09-03,0.9512213,30.5,79.5
1991-09-04,4.754045,30.5,79.5
1991-09-05,8.353478,30.5,79.5
1991-09-06,12.081854,30.5,79.5
1991-09-07,13.880495,30.5,79.5
1991-09-08,0.45789963,30.5,79.5
1991-09-09,0.03229748,30.5,79.5
1991-09-10,3.0669057,30.5,79.5
1991-09-11,0.24480529,30.5,79.5
1991-09-12,0.008249293,30.5,79.5
1991-09-13,0.0,30.5,79.5
1991-09-14,1.5512595,30.5,79.5
1991-09-15,11.680289,30.5,79.5
1991-09-16,2.2648318,30.5,79.5
1991-09-17,0.2429767,30.5,79.5
1991-09-18,1.2898748,30.5,79.5
1991-09-19,0.16021787,30.5,79.5
1991-09-20,0.32640994,30.5,79.5
1991-09-21,0.4694889,30.5,79.5
1991-09-22,0.8497111,30.5,79.5
1991-09-23,0.0,30.5,79.5
1991-09-24,0.43410042,30.5,79.5
1991-09-25,0.0808889,30.5,79.5
1991-09-26,0.0,30.5,79.5
1991-09-27,0.011137861,30.5,79.5
1991-09-28,0.01714202,30.5,79.5
1991-09-29,0.0,30.5,79.5
1991-09-30,0.0,30.5,79.5
1991-10-01,0.0,30.5,79.5
1991-10-02,0.0028785507,30.5,79.5
1991-10-03,0.0,30.5,79.5
1991-10-04,0.0,30.5,79.5
1991-10-05,0.029312233,30.5,79.5
1991-10-06,0.0,30.5,79.5
1991-10-07,0.0,30.5,79.5
1991-10-08,0.06452037,30.5,79.5
1991-10-09,0.0,30.5,79.5
1991-10-10,0.14366552,30.5,79.5
1991-10-11,0.0,30.5,79.5
1991-10-12,0.0,30.5,79.5
1991-10-13,0.0,30.5,79.5
1991-10-14,4.9692403e-06,30.5,79.5
1991-10-15,0.011581686,30.5,79.5
1991-10-16,0.16588582,30.5,79.5
1991-10-17,0.0,30.5,79.5
1991-10-18,0.0,30.5,79.5
1991-10-19,0.16055198,30.5,79.5
1991-10-20,0.0,30.5,79.5
1991-10-21,0.0,30.5,79.5
1991-10-22,0.0,30.5,79.5
1991-10-23,1.0321228e-05,30.5,79.5
1991-10-24,0.0,30.5,79.5
1991-10-25,0.12447949,30.5,79.5
1991-10-26,0.0,30.5,79.5
1991-10-27,0.0,30.5,79.5
1991-10-28,0.55066854,30.5,79.5
1991-10-29,0.011115671,30.5,79.5
1991-10-30,0.0,30.5,79.5
1991-10-31,0.0,30.5,79.5
1991-11-01,0.0,30.5,79.5
1991-11-02,0.1332757,30.5,79.5
1991-11-03,0.0,30.5,79.5
1991-11-04,0.0,30.5,79.5
1991-11-05,0.0,30.5,79.5
1991-11-06,0.16067909,30.5,79.5
1991-11-07,0.0,30.5,79.5
1991-11-08,0.74478257,30.5,79.5
1991-11-09,0.0,30.5,79.5
1991-11-10,0.0,30.5,79.5
1991-11-11,0.3022638,30.5,79.5
1991-11-12,0.50733346,30.5,79.5
1991-11-13,0.0,30.5,79.5
1991-11-14,0.0,30.5,79.5
1991-11-15,0.0,30.5,79.5
1991-11-16,0.16067909,30.5,79.5
1991-11-17,0.0,30.5,79.5
1991-11-18,0.062219705,30.5,79.5
1991-11-19,0.0068618827,30.5,79.5
1991-11-20,0.0,30.5,79.5
1991-11-21,0.0,30.5,79.5
1991-11-22,0.024359787,30.5,79.5
1991-11-23,0.0,30.5,79.5
1991-11-24,0.16067909,30.5,79.5
1991-11-25,0.0,30.5,79.5
1991-11-26,0.0,30.5,79.5
1991-11-27,0.14046389,30.5,79.5
1991-11-28,0.0,30.5,79.5
1991-11-29,0.0,30.5,79.5
1991-11-30,0.10915203,30.5,79.5
1991-12-01,0.0,30.5,79.5
1991-12-02,0.0,30.5,79.5
1991-12-03,0.0,30.5,79.5
1991-12-04,0.0,30.5,79.5
1991-12-05,0.0,30.5,79.5
1991-12-06,0.0,30.5,79.5
1991-12-07,0.0,30.5,79.5
1991-12-08,0.0,30.5,79.5
1991-12-09,0.0,30.5,79.5
1991-12-10,0.0,30.5,79.5
1991-12-11,0.0,30.5,79.5
1991-12-12,0.0,30.5,79.5
1991-12-13,0.0,30.5,79.5
1991-12-14,0.0,30.5,79.5
1991-12-15,0.0,30.5,79.5
1991-12-16,0.0,30.5,79.5
1991-12-17,0.0,30.5,79.5
1991-12-18,0.0,30.5,79.5
1991-12-19,0.0,30.5,79.5
1991-12-20,0.0,30.5,79.5
1991-12-21,0.0,30.5,79.5
1991-12-22,5.2347856,30.5,79.5
1991-12-23,0.2187211,30.5,79.5
1991-12-24,0.0,30.5,79.5
1991-12-25,6.2297487,30.5,79.5
1991-12-26,7.9175735,30.5,79.5
1991-12-27,0.0,30.5,79.5
1991-12-28,0.0,30.5,79.5
1991-12-29,0.0,30.5,79.5
1991-12-30,0.0,30.5,79.5
1991-12-31,0.0,30.5,79.5
1992-01-01,2.224252,30.5,79.5
1992-01-02,1.8302041,30.5,79.5
1992-01-03,1.9293427,30.5,79.5
1992-01-04,2.1365995,30.5,79.5
1992-01-05,2.0240247,30.5,79.5
1992-01-06,0.9326992,30.5,79.5
1992-01-07,0.8003971,30.5,79.5
1992-01-08,1.9587979,30.5,79.5
1992-01-09,1.3119159,30.5,79.5
1992-01-10,1.4010453,30.5,79.5
1992-01-11,4.6531777,30.5,79.5
1992-01-12,3.6294248,30.5,79.5
1992-01-13,1.5146317,30.5,79.5
1992-01-14,1.2430652,30.5,79.5
1992-01-15,2.2689128,30.5,79.5
1992-01-16,1.6943306,30.5,79.5
1992-01-17,1.8587905,30.5,79.5
1992-01-18,2.6897693,30.5,79.5
1992-01-19,2.2233112,30.5,79.5
1992-01-20,2.3897047,30.5,79.5
1992-01-21,2.6439812,30.5,79.5
1992-01-22,3.5416334,30.5,79.5
1992-01-23,1.1427643,30.5,79.5
1992-01-24,1.8263499,30.5,79.5
1992-01-25,1.7170843,30.5,79.5
1992-01-26,0.71387833,30.5,79.5
1992-01-27,0.80258924,30.5,79.5
1992-01-28,8.595255,30.5,79.5
1992-01-29,5.382454,30.5,79.5
1992-01-30,13.469926,30.5,79.5
1992-01-31,8.689945,30.5,79.5
1992-02-01,1.3927498,30.5,79.5
1992-02-02,1.6368579,30.5,79.5
1992-02-03,1.6217549,30.5,79.5
1992-02-04,0.92312115,30.5,79.5
1992-02-05,1.037605,30.5,79.5
1992-02-06,1.6442914,30.5,79.5
1992-02-07,10.323746,30.5,79.5
1992-02-08,1.9401853,30.5,79.5
1992-02-09,1.265238,30.5,79.5
1992-02-10,1.210908,30.5,79.5
1992-02-11,1.5802952,30.5,79.5
1992-02-12,2.3517942,30.5,79.5
1992-02-13,8.421604,30.5,79.5
1992-02-14,3.6283166,30.5,79.5
1992-02-15,1.8514467,30.5,79.5
1992-02-16,2.107489,30.5,79.5
1992-02-17,1.9498789,30.5,79.5
1992-02-18,1.5394467,30.5,79.5
1992-02-19,1.8245313,30.5,79.5
1992-02-20,1.1555328,30.5,79.5
1992-02-21,2.1981075,30.5,79.5
1992-02-22,1.4382275,30.5,79.5
1992-02-23,1.6549137,30.5,79.5
1992-02-24,2.2698777,30.5,79.5
1992-02-25,1.1574854,30.5,79.5
1992-02-26,0.85039955,30.5,79.5
1992-02-27,1.5836128,30.5,79.5
1992-02-28,1.3503512,30.5,79.5
1992-02-29,1.5737255,30.5,79.5
1992-03-01,1.6567421,30.5,79.5
1992-03-02,2.309185,30.5,79.5
1992-03-03,2.745032,30.5,79.5
1992-03-04,2.57238,30.5,79.5
1992-03-05,1.7941501,30.5,79.5
1992-03-06,1.1897885,30.5,79.5
1992-03-07,1.3909036,30.5,79.5
1992-03-08,1.3992469,30.5,79.5
1992-03-09,2.0352664,30.5,79.5
1992-03-10,2.590106,30.5,79.5
1992-03-11,5.0814133,30.5,79.5
1992-03-12,8.105327,30.5,79.5
1992-03-13,5.007548,30.5,79.5
1992-03-14,4.4019947,30.5,79.5
1992-03-15,0.83284444,30.5,79.5
1992-03-16,1.9617816,30.5,79.5
1992-03-17,1.6481566,30.5,79.5
1992-03-18,1.4647548,30.5,79.5
1992-03-19,1.1311725,30.5,79.5
1992-03-20,7.5794306,30.5,79.5
1992-03-21,4.333154,30.5,79.5
1992-03-22,4.390871,30.5,79.5
1992-03-23,8.0041275,30.5,79.5
1992-03-24,5.548672,30.5,79.5
1992-03-25,1.9891276,30.5,79.5
1992-03-26,2.4861214,30.5,79.5
1992-03-27,1.317698,30.5,79.5
1992-03-28,2.1573079,30.5,79.5
1992-03-29,0.94090307,30.5,79.5
1992-03-30,1.2373044,30.5,79.5
1992-03-31,1.8623071,30.5,79.5
1992-04-01,1.6703664,30.5,79.5
1992-04-02,1.7733577,30.5,79.5
1992-04-03,0.91743857,30.5,79.5
1992-04-04,1.2796245,30.5,79.5
1992-04-05,0.8797207,30.5,79.5
1992-04-06,8.453116,30.5,79.5
1992-04-07,1.2712231,30.5,79.5
1992-04-08,1.8562835,30.5,79.5
1992-04-09,1.7164798,30.5,79.5
1992-04-10,0.7707922,30.5,79.5
1992-04-11,1.0203141,30.5,79.5
1992-04-12,1.2123071,30.5,79.5
1992-04-13,3.1345587,30.5,79.5
1992-04-14,2.062466,30.5,79.5
1992-04-15,2.2696009,30.5,79.5
1992-04-16,0.9194348,30.5,79.5
1992-04-17,1.1690676,30.5,79.5
1992-04-18,1.8393843,30.5,79.5
1992-04-19,1.1531605,30.5,79.5
1992-04-20,1.5766994,30.5,79.5
1992-04-21,1.3864925,30.5,79.5
1992-04-22,2.4118683,30.5,79.5
1992-04-23,0.79351455,30.5,79.5
1992-04-24,0.9245178,30.5,79.5
1992-04-25,0.9118922,30.5,79.5
1992-04-26,0.58343375,30.5,79.5
1992-04-27,0.78375727,30.5,79.5
1992-04-28,0.7274648,30.5,79.5
1992-04-29,1.2729739,30.5,79.5
1992-04-30,0.6795565,30.5,79.5
1992-05-01,2.9828253,30.5,79.5
1992-05-02,8.303897,30.5,79.5
1992-05-03,2.624854,30.5,79.5
1992-05-04,10.828183,30.5,79.5
1992-05-05,1.1929904,30.5,79.5
1992-05-06,0.05454773,30.5,79.5
1992-05-07,3.5787314e-05,30.5,79.5
1992-05-08,0.16689016,30.5,79.5
1992-05-09,0.0059454534,30.5,79.5
1992-05-10,0.71846366,30.5,79.5
1992-05-11,0.6681196,30.5,79.5
1992-05-12,0.091743946,30.5,79.5
1992-05-13,0.19593951,30.5,79.5
1992-05-14,0.20449416,30.5,79.5
1992-05-15,0.39663312,30.5,79.5
1992-05-16,0.5961184,30.5,79.5
1992-05-17,3.0913553,30.5,79.5
1992-05-18,0.2066314,30.5,79.5
1992-05-19,1.7031481,30.5,79.5
1992-05-20,0.8647515,30.5,79.5
1992-05-21,0.20795052,30.5,79.5
1992-05-22,0.40341556,30.5,79.5
1992-05-23,0.26944983,30.5,79.5
1992-05-24,3.9806304,30.5,79.5
1992-05-25,4.441673,30.5,79.5
1992-05-26,9.973641,30.5,79.5
1992-05-27,12.800567,30.5,79.5
1992-05-28,11.226951,30.5,79.5
1992-05-29,11.384862,30.5,79.5
1992-05-30,0.869769,30.5,79.5
1992-05-31,1.771312,30.5,79.5
1992-06-01,1.7403766,30.5,79.5
1992-06-02,0.9898235,30.5,79.5
1992-06-03,2.8653312,30.5,79.5
1992-06-04,2.7347822,30.5,79.5
1992-06-05,2.9869485,30.5,79.5
1992-06-06,2.2182646,30.5,79.5
1992-06-07,2.8865523,30.5,79.5
1992-06-08,3.703873,30.5,79.5
1992-06-09,4.2126446,30.5,79.5
1992-06-10,3.5005121,30.5,79.5
1992-06-11,1.6073062,30.5,79.5
1992-06-12,3.641596,30.5,79.5
1992-06-13,3.3510942,30.5,79.5
1992-06-14,3.1937556,30.5,79.5
1992-06-15,2.924081,30.5,79.5
1992-06-16,3.1899977,30.5,79.5
1992-06-17,3.758744,30.5,79.5
1992-06-18,3.867886,30.5,79.5
1992-06-19,1.5968655,30.5,79.5
1992-06-20,3.1060038,30.5,79.5
1992-06-21,4.820684,30.5,79.5
1992-06-22,2.348731,30.5,79.5
1992-06-23,2.6513317,30.5,79.5
1992-06-24,4.0983233,30.5,79.5
1992-06-25,10.355059,30.5,79.5
1992-06-26,6.144506,30.5,79.5
1992-06-27,3.7131891,30.5,79.5
1992-06-28,3.512046,30.5,79.5
1992-06-29,4.6361604,30.5,79.5
1992-06-30,3.4620147,30.5,79.5
1992-07-01,1.3332042,30.5,79.5
1992-07-02,6.0628543,30.5,79.5
1992-07-03,0.42694238,30.5,79.5
1992-07-04,0.71216637,30.5,79.5
1992-07-05,0.3215664,30.5,79.5
1992-07-06,1.6953748,30.5,79.5
1992-07-07,0.10456182,30.5,79.5
1992-07-08,2.5906365,30.5,79.5
1992-07-09,13.037659,30.5,79.5
1992-07-10,19.59461,30.5,79.5
1992-07-11,6.332282,30.5,79.5
1992-07-12,12.542938,30.5,79.5
1992-07-13,16.478746,30.5,79.5
1992-07-14,20.05379,30.5,79.5
1992-07-15,23.180317,30.5,79.5
1992-07-16,23.216461,30.5,79.5
1992-07-17,25.666143,30.5,79.5
1992-07-18,18.302923,30.5,79.5
1992-07-19,15.552957,30.5,79.5
1992-07-20,34.54675,30.5,79.5
1992-07-21,24.309849,30.5,79.5
1992-07-22,44.964005,30.5,79.5
1992-07-23,10.020656,30.5,79.5
1992-07-24,23.389673,30.5,79.5
1992-07-25,11.878827,30.5,79.5
1992-07-26,18.591206,30.5,79.5
1992-07-27,1.1656157,30.5,79.5
1992-07-28,6.663836,30.5,79.5
1992-07-29,9.101801,30.5,79.5
1992-07-30,7.0279737,30.5,79.5
1992-07-31,14.9397335,30.5,79.5
1992-08-01,12.587366,30.5,79.5
1992-08-02,31.937244,30.5,79.5
1992-08-03,20.8888,30.5,79.5
1992-08-04,14.468175,30.5,79.5
1992-08-05,25.526693,30.5,79.5
1992-08-06,5.2631145,30.5,79.5
1992-08-07,17.13735,30.5,79.5
1992-08-08,41.269817,30.5,79.5
1992-08-09,21.554497,30.5,79.5
1992-08-10,19.028547,30.5,79.5
1992-08-11,4.3752756,30.5,79.5
1992-08-12,7.9672513,30.5,79.5
1992-08-13,20.972286,30.5,79.5
1992-08-14,0.96155447,30.5,79.5
1992-08-15,10.151397,30.5,79.5
1992-08-16,19.808184,30.5,79.5
1992-08-17,39.43642,30.5,79.5
1992-08-18,28.556177,30.5,79.5
1992-08-19,17.091055,30.5,79.5
1992-08-20,26.661932,30.5,79.5
1992-08-21,13.347017,30.5,79.5
1992-08-22,4.217686,30.5,79.5
1992-08-23,0.9423733,30.5,79.5
1992-08-24,9.462007,30.5,79.5
1992-08-25,27.93512,30.5,79.5
1992-08-26,13.78392,30.5,79.5
1992-08-27,11.948308,30.5,79.5
1992-08-28,33.515995,30.5,79.5
1992-08-29,39.31069,30.5,79.5
1992-08-30,3.8186967,30.5,79.5
1992-08-31,3.1172678,30.5,79.5
1992-09-01,34.887016,30.5,79.5
1992-09-02,11.169761,30.5,79.5
1992-09-03,4.8871875,30.5,79.5
1992-09-04,3.3655298,30.5,79.5
1992-09-05,3.381627,30.5,79.5
1992-09-06,4.368376,30.5,79.5
1992-09-07,16.190697,30.5,79.5
1992-09-08,7.228415,30.5,79.5
1992-09-09,14.015047,30.5,79.5
1992-09-10,12.134889,30.5,79.5
1992-09-11,17.544575,30.5,79.5
1992-09-12,2.4860787,30.5,79.5
1992-09-13,14.400516,30.5,79.5
1992-09-14,7.485516,30.5,79.5
1992-09-15,10.644256,30.5,79.5
1992-09-16,3.4469311,30.5,79.5
1992-09-17,4.1731706,30.5,79.5
1992-09-18,1.6198764,30.5,79.5
1992-09-19,2.9840863,30.5,79.5
1992-09-20,3.4092453,30.5,79.5
1992-09-21,3.6488795,30.5,79.5
1992-09-22,3.6104648,30.5,79.5
1992-09-23,2.1675687,30.5,79.5
1992-09-24,2.3137827,30.5,79.5
1992-09-25,2.1593351,30.5,79.5
1992-09-26,2.2645566,30.5,79.5
1992-09-27,2.203057,30.5,79.5
1992-09-28,1.573665,30.5,79.5
1992-09-29,2.4432862,30.5,79.5
1992-09-30,5.4159603,30.5,79.5
1992-10-01,3.5684469,30.5,79.5
1992-10-02,1.9298222,30.5,79.5
1992-10-03,2.4256577,30.5,79.5
1992-10-04,3.366345,30.5,79.5
1992-10-05,3.273635,30.5,79.5
1992-10-06,6.271995,30.5,79.5
1992-10-07,3.330138,30.5,79.5
1992-10-08,1.6356608,30.5,79.5
1992-10-09,2.4777186,30.5,79.5
1992-10-10,1.2680889,30.5,79.5
1992-10-11,3.1825051,30.5,79.5
1992-10-12,4.8995404,30.5,79.5
1992-10-13,2.4293103,30.5,79.5
1992-10-14,1.6984658,30.5,79.5
1992-10-15,2.1892781,30.5,79.5
1992-10-16,2.8201365,30.5,79.5
1992-10-17,2.50953,30.5,79.5
1992-10-18,3.607929,30.5,79.5
1992-10-19,3.547925,30.5,79.5
1992-10-20,3.6582026,30.5,79.5
1992-10-21,3.5230532,30.5,79.5
1992-10-22,3.3987622,30.5,79.5
1992-10-23,3.495474,30.5,79.5
1992-10-24,3.3125374,30.5,79.5
1992-10-25,3.264453,30.5,79.5
1992-10-26,3.3553329,30.5,79.5
1992-10-27,3.3638794,30.5,79.5
1992-10-28,3.6183803,30.5,79.5
1992-10-29,3.7798438,30.5,79.5
1992-10-30,2.6524637,30.5,79.5
1992-10-31,2.2161386,30.5,79.5
1992-11-01,2.5308216,30.5,79.5
1992-11-02,1.8930256,30.5,79.5
1992-11-03,2.4567254,30.5,79.5
1992-11-04,2.3161213,30.5,79.5
1992-11-05,1.970455,30.5,79.5
1992-11-06,2.2419508,30.5,79.5
1992-11-07,2.1034813,30.5,79.5
1992-11-08,2.6581633,30.5,79.5
1992-11-09,1.851681,30.5,79.5
1992-11-10,2.271079,30.5,79.5
1992-11-11,1.7778649,30.5,79.5
1992-11-12,2.0745165,30.5,79.5
1992-11-13,2.618132,30.5,79.5
1992-11-14,2.5379825,30.5,79.5
1992-11-15,2.63108,30.5,79.5
1992-11-16,2.954898,30.5,79.5
1992-11-17,1.7584822,30.5,79.5
1992-11-18,3.1223562,30.5,79.5
1992-11-19,3.6841502,30.5,79.5
1992-11-20,18.717756,30.5,79.5
1992-11-21,4.9900656,30.5,79.5
1992-11-22,2.1797647,30.5,79.5
1992-11-23,3.4242477,30.5,79.5
1992-11-24,1.3301963,30.5,79.5
1992-11-25,2.1935318,30.5,79.5
1992-11-26,2.4879735,30.5,79.5
1992-11-27,2.2031782,30.5,79.5
1992-11-28,2.6098657,30.5,79.5
1992-11-29,2.7609713,30.5,79.5
1992-11-30,2.7313924,30.5,79.5
1992-12-01,1.7920843,30.5,79.5
1992-12-02,2.1080184,30.5,79.5
1992-12-03,3.4022114,30.5,79.5
1992-12-04,2.0557034,30.5,79.5
1992-12-05,1.6539128,30.5,79.5
1992-12-06,2.173488,30.5,79.5
1992-12-07,0.89828163,30.5,79.5
1992-12-08,2.1402795,30.5,79.5
1992-12-09,2.0788872,30.5,79.5
1992-12-10,1.511637,30.5,79.5
1992-12-11,2.4863954,30.5,79.5
1992-12-12,2.001948,30.5,79.5
1992-12-13,1.8359897,30.5,79.5
1992-12-14,2.2244952,30.5,79.5
1992-12-15,1.4958041,30.5,79.5
1992-12-16,2.2335687,30.5,79.5
1992-12-17,2.0309472,30.5,79.5
1992-12-18,2.2868068,30.5,79.5
1992-12-19,2.1880853,30.5,79.5
1992-12-20,1.3829821,30.5,79.5
1992-12-21,1.3611214,30.5,79.5
1992-12-22,1.1860869,30.5,79.5
1992-12-23,1.3424726,30.5,79.5
1992-12-24,2.2780216,30.5,79.5
1992-12-25,2.097962,30.5,79.5
1992-12-26,2.06928,30.5,79.5
1992-12-27,1.3691213,30.5,79.5
1992-12-28,1.4239334,30.5,79.5
1992-12-29,1.2061095,30.5,79.5
1992-12-30,2.192723,30.5,79.5
1992-12-31,2.1722848,30.5,79.5
1993-01-01,2.3031366,30.5,79.5
1993-01-02,1.2442993,30.5,79.5
1993-01-03,1.9626102,30.5,79.5
1993-01-04,3.36245,30.5,79.5
1993-01-05,2.6142256,30.5,79.5
1993-01-06,11.249064,30.5,79.5
1993-01-07,9.304981,30.5,79.5
1993-01-08,1.0571613,30.5,79.5
1993-01-09,1.9810289,30.5,79.5
1993-01-10,2.2466197,30.5,79.5
1993-01-11,5.662864,30.5,79.5
1993-01-12,0.41776893,30.5,79.5
1993-01-13,0.717718,30.5,79.5
1993-01-14,1.0700365,30.5,79.5
1993-01-15,1.6907951,30.5,79.5
1993-01-16,3.2528424,30.5,79.5
1993-01-17,1.2296764,30.5,79.5
1993-01-18,1.2721542,30.5,79.5
1993-01-19,1.1757486,30.5,79.5
1993-01-20,0.5261655,30.5,79.5
1993-01-21,0.59629273,30.5,79.5
1993-01-22,0.9920022,30.5,79.5
1993-01-23,1.7967485,30.5,79.5
1993-01-24,1.4966958,30.5,79.5
1993-01-25,0.60398287,30.5,79.5
1993-01-26,0.80809957,30.5,79.5
1993-01-27,1.3978379,30.5,79.5
1993-01-28,1.439109,30.5,79.5
1993-01-29,4.7205434,30.5,79.5
1993-01-30,5.22314,30.5,79.5
1993-01-31,4.1211767,30.5,79.5
1993-02-01,0.96608,30.5,79.5
1993-02-02,1.4393898,30.5,79.5
1993-02-03,0.9647124,30.5,79.5
1993-02-04,1.3891276,30.5,79.5
1993-02-05,0.58115387,30.5,79.5
1993-02-06,1.3100191,30.5,79.5
1993-02-07,0.8306337,30.5,79.5
1993-02-08,0.8769245,30.5,79.5
1993-02-09,0.6255086,30.5,79.5
1993-02-10,0.8497836,30.5,79.5
1993-02-11,0.4732323,30.5,79.5
1993-02-12,1.0133507,30.5,79.5
1993-02-13,0.65399206,30.5,79.5
1993-02-14,0.6254943,30.5,79.5
1993-02-15,0.98199123,30.5,79.5
1993-02-16,0.6696522,30.5,79.5
1993-02-17,1.8793224,30.5,79.5
1993-02-18,7.185405,30.5,79.5
1993-02-19,5.724588,30.5,79.5
1993-02-20,5.2327332,30.5,79.5
1993-02-21,2.5647883,30.5,79.5
1993-02-22,3.625315,30.5,79.5
1993-02-23,1.4653305,30.5,79.5
1993-02-24,0.7034492,30.5,79.5
1993-02-25,5.0052786,30.5,79.5
1993-02-26,7.7148013,30.5,79.5
1993-02-27,22.654013,30.5,79.5
1993-02-28,3.944755,30.5,79.5
1993-03-01,6.9413652,30.5,79.5
1993-03-02,1.4694685,30.5,79.5
1993-03-03,1.2747862,30.5,79.5
1993-03-04,0.77896017,30.5,79.5
1993-03-05,0.8702124,30.5,79.5
1993-03-06,1.2440351,30.5,79.5
1993-03-07,1.0363129,30.5,79.5
1993-03-08,0.34658387,30.5,79.5
1993-03-09,0.37937003,30.5,79.5
1993-03-10,1.887633,30.5,79.5
1993-03-11,3.6263657,30.5,79.5
1993-03-12,6.43236,30.5,79.5
1993-03-13,5.894021,30.5,79.5
1993-03-14,10.760408,30.5,79.5
1993-03-15,6.3914037,30.5,79.5
1993-03-16,0.25275207,30.5,79.5
1993-03-17,0.37633583,30.5,79.5
1993-03-18,0.88692987,30.5,79.5
1993-03-19,0.7061835,30.5,79.5
1993-03-20,0.87719154,30.5,79.5
1993-03-21,2.7430327,30.5,79.5
1993-03-22,6.478853,30.5,79.5
1993-03-23,13.178941,30.5,79.5
1993-03-24,24.232672,30.5,79.5
1993-03-25,26.954853,30.5,79.5
1993-03-26,14.418337,30.5,79.5
1993-03-27,2.6458516,30.5,79.5
1993-03-28,0.8611968,30.5,79.5
1993-03-29,0.43004498,30.5,79.5
1993-03-30,1.00015,30.5,79.5
1993-03-31,1.134816,30.5,79.5
1993-04-01,0.9444627,30.5,79.5
1993-04-02,1.9791255,30.5,79.5
1993-04-03,1.2230773,30.5,79.5
1993-04-04,1.163814,30.5,79.5
1993-04-05,0.69151014,30.5,79.5
1993-04-06,1.22605,30.5,79.5
1993-04-07,2.6734705,30.5,79.5
1993-04-08,1.2070397,30.5,79.5
1993-04-09,1.9517304,30.5,79.5
1993-04-10,1.5700338,30.5,79.5
1993-04-11,1.2647729,30.5,79.5
1993-04-12,5.4469075,30.5,79.5
1993-04-13,4.8992934,30.5,79.5
1993-04-14,1.4489911,30.5,79.5
1993-04-15,1.8223168,30.5,79.5
1993-04-16,1.6492127,30.5,79.5
1993-04-17,0.93739146,30.5,79.5
1993-04-18,1.699265,30.5,79.5
1993-04-19,1.3982455,30.5,79.5
1993-04-20,0.93083996,30.5,79.5
1993-04-21,0.9141196,30.5,79.5
1993-04-22,1.2674158,30.5,79.5
1993-04-23,1.5915241,30.5,79.5
1993-04-24,6.0123644,30.5,79.5
1993-04-25,1.1039193,30.5,79.5
1993-04-26,2.5144231,30.5,79.5
1993-04-27,1.4183987,30.5,79.5
1993-04-28,1.631378,30.5,79.5
1993-04-29,1.0943416,30.5,79.5
1993-04-30,1.4901669,30.5,79.5
1993-05-01,0.63829035,30.5,79.5
1993-05-02,0.8101565,30.5,79.5
1993-05-03,40.947006,30.5,79.5
1993-05-04,2.2518458,30.5,79.5
1993-05-05,0.5517266,30.5,79.5
1993-05-06,0.60909295,30.5,79.5
1993-05-07,0.7777744,30.5,79.5
1993-05-08,5.4825516,30.5,79.5
1993-05-09,10.493458,30.5,79.5
1993-05-10,1.4379989,30.5,79.5
1993-05-11,12.059129,30.5,79.5
1993-05-12,2.0926855,30.5,79.5
1993-05-13,2.8096924,30.5,79.5
1993-05-14,0.6047183,30.5,79.5
1993-05-15,0.5574972,30.5,79.5
1993-05-16,1.6149557,30.5,79.5
1993-05-17,4.929561,30.5,79.5
1993-05-18,6.9720645,30.5,79.5
1993-05-19,8.942559,30.5,79.5
1993-05-20,9.878179,30.5,79.5
1993-05-21,4.7121882,30.5,79.5
1993-05-22,0.44263953,30.5,79.5
1993-05-23,0.6289295,30.5,79.5
1993-05-24,2.2562985,30.5,79.5
1993-05-25,1.2335136,30.5,79.5
1993-05-26,1.0654087,30.5,79.5
1993-05-27,4.040903,30.5,79.5
1993-05-28,1.1428566,30.5,79.5
1993-05-29,3.9716222,30.5,79.5
1993-05-30,3.2191336,30.5,79.5
1993-05-31,4.8770823,30.5,79.5
1993-06-01,2.9642355,30.5,79.5
1993-06-02,4.8297143,30.5,79.5
1993-06-03,0.31772316,30.5,79.5
1993-06-04,1.1733521,30.5,79.5
1993-06-05,2.6472738,30.5,79.5
1993-06-06,1.5738226,30.5,79.5
1993-06-07,3.6305566,30.5,79.5
1993-06-08,5.4578395,30.5,79.5
1993-06-09,4.9182944,30.5,79.5
1993-06-10,4.856366,30.5,79.5
1993-06-11,3.0313632,30.5,79.5
1993-06-12,1.7607175,30.5,79.5
1993-06-13,0.7522135,30.5,79.5
1993-06-14,6.5393305,30.5,79.5
1993-06-15,4.744696,30.5,79.5
1993-06-16,4.4342346,30.5,79.5
1993-06-17,10.537888,30.5,79.5
1993-06-18,4.489717,30.5,79.5
1993-06-19,3.01279,30.5,79.5
1993-06-20,5.3434567,30.5,79.5
1993-06-21,1.7329148,30.5,79.5
1993-06-22,1.1163617,30.5,79.5
1993-06-23,2.7282329,30.5,79.5
1993-06-24,9.175389,30.5,79.5
1993-06-25,7.395433,30.5,79.5
1993-06-26,17.859413,30.5,79.5
1993-06-27,4.0533133,30.5,79.5
1993-06-28,7.569044,30.5,79.5
1993-06-29,8.083822,30.5,79.5
1993-06-30,0.76717544,30.5,79.5
1993-07-01,1.6477873,30.5,79.5
1993-07-02,1.0210087,30.5,79.5
1993-07-03,3.440243,30.5,79.5
1993-07-04,18.303165,30.5,79.5
1993-07-05,3.5402896,30.5,79.5
1993-07-06,3.868632,30.5,79.5
1993-07-07,4.269095,30.5,79.5
1993-07-08,10.963774,30.5,79.5
1993-07-09,6.330183,30.5,79.5
1993-07-10,5.693274,30.5,79.5
1993-07-11,3.6323466,30.5,79.5
1993-07-12,13.499073,30.5,79.5
1993-07-13,4.7489986,30.5,79.5
1993-07-14,15.986149,30.5,79.5
1993-07-15,28.997814,30.5,79.5
1993-07-16,45.393963,30.5,79.5
1993-07-17,21.505451,30.5,79.5
1993-07-18,7.037284,30.5,79.5
1993-07-19,1.8655014,30.5,79.5
1993-07-20,5.2419324,30.5,79.5
1993-07-21,0.84329635,30.5,79.5
1993-07-22,6.5882387,30.5,79.5
1993-07-23,56.87903,30.5,79.5
1993-07-24,1.9155338,30.5,79.5
1993-07-25,1.1349462,30.5,79.5
1993-07-26,1.6885773,30.5,79.5
1993-07-27,4.274642,30.5,79.5
1993-07-28,1.3242023,30.5,79.5
1993-07-29,0.8743366,30.5,79.5
1993-07-30,1.9083639,30.5,79.5
1993-07-31,11.078536,30.5,79.5
1993-08-01,7.5590014,30.5,79.5
1993-08-02,4.516075,30.5,79.5
1993-08-03,4.2863135,30.5,79.5
1993-08-04,8.406201,30.5,79.5
1993-08-05,11.378924,30.5,79.5
1993-08-06,7.959632,30.5,79.5
1993-08-07,13.962711,30.5,79.5
1993-08-08,5.4449625,30.5,79.5
1993-08-09,20.089006,30.5,79.5
1993-08-10,4.6424084,30.5,79.5
1993-08-11,7.014175,30.5,79.5
1993-08-12,12.84667,30.5,79.5
1993-08-13,3.1237593,30.5,79.5
1993-08-14,0.9969137,30.5,79.5
1993-08-15,0.11033915,30.5,79.5
1993-08-16,1.9112048,30.5,79.5
1993-08-17,7.400336,30.5,79.5
1993-08-18,5.4497247,30.5,79.5
1993-08-19,2.9407866,30.5,79.5
1993-08-20,8.945336,30.5,79.5
1993-08-21,4.265003,30.5,79.5
1993-08-22,2.4576204,30.5,79.5
1993-08-23,6.514475,30.5,79.5
1993-08-24,16.461344,30.5,79.5
1993-08-25,26.097206,30.5,79.5
1993-08-26,25.36369,30.5,79.5
1993-08-27,3.685678,30.5,79.5
1993-08-28,5.04246,30.5,79.5
1993-08-29,3.3570743,30.5,79.5
1993-08-30,3.3366675,30.5,79.5
1993-08-31,22.04546,30.5,79.5
1993-09-01,11.254957,30.5,79.5
1993-09-02,12.082217,30.5,79.5
1993-09-03,14.410919,30.5,79.5
1993-09-04,15.339831,30.5,79.5
1993-09-05,14.46252,30.5,79.5
1993-09-06,52.753178,30.5,79.5
1993-09-07,4.4846544,30.5,79.5
1993-09-08,19.87864,30.5,79.5
1993-09-09,2.5528214,30.5,79.5
1993-09-10,7.420659,30.5,79.5
1993-09-11,10.00523,30.5,79.5
1993-09-12,15.041245,30.5,79.5
1993-09-13,41.642223,30.5,79.5
1993-09-14,3.519867,30.5,79.5
1993-09-15,8.195628,30.5,79.5
1993-09-16,0.85673726,30.5,79.5
1993-09-17,0.8902883,30.5,79.5
1993-09-18,1.2155166,30.5,79.5
1993-09-19,1.2498482,30.5,79.5
1993-09-20,1.0876572,30.5,79.5
1993-09-21,1.4274405,30.5,79.5
1993-09-22,3.2583287,30.5,79.5
1993-09-23,0.33262733,30.5,79.5
1993-09-24,7.574249,30.5,79.5
1993-09-25,19.068268,30.5,79.5
1993-09-26,6.516649,30.5,79.5
1993-09-27,1.057417,30.5,79.5
1993-09-28,0.2623134,30.5,79.5
1993-09-29,0.4870446,30.5,79.5
1993-09-30,0.28171843,30.5,79.5
1993-10-01,0.8644813,30.5,79.5
1993-10-02,0.30271906,30.5,79.5
1993-10-03,0.5939071,30.5,79.5
1993-10-04,0.28378132,30.5,79.5
1993-10-05,1.0116886,30.5,79.5
1993-10-06,0.56392723,30.5,79.5
1993-10-07,1.0734531,30.5,79.5
1993-10-08,0.7269548,30.5,79.5
1993-10-09,0.75552917,30.5,79.5
1993-10-10,0.09036002,30.5,79.5
1993-10-11,0.52639526,30.5,79.5
1993-10-12,0.32014376,30.5,79.5
1993-10-13,0.031837627,30.5,79.5
1993-10-14,0.4040131,30.5,79.5
1993-10-15,0.8623905,30.5,79.5
1993-10-16,0.46926084,30.5,79.5
1993-10-17,1.0897931,30.5,79.5
1993-10-18,0.91819465,30.5,79.5
1993-10-19,1.3013731,30.5,79.5
1993-10-20,1.1264864,30.5,79.5
1993-10-21,1.9812039,30.5,79.5
1993-10-22,1.4548409,30.5,79.5
1993-10-23,1.5053198,30.5,79.5
1993-10-24,1.7538749,30.5,79.5
1993-10-25,1.5928036,30.5,79.5
1993-10-26,2.055075,30.5,79.5
1993-10-27,2.6376615,30.5,79.5
1993-10-28,1.8171583,30.5,79.5
1993-10-29,1.8939011,30.5,79.5
1993-10-30,2.0079455,30.5,79.5
1993-10-31,2.0828662,30.5,79.5
1993-11-01,2.3262346,30.5,79.5
1993-11-02,2.4963007,30.5,79.5
1993-11-03,1.7708073,30.5,79.5
1993-11-04,1.9785359,30.5,79.5
1993-11-05,1.575619,30.5,79.5
1993-11-06,2.098769,30.5,79.5
1993-11-07,6.843452,30.5,79.5
1993-11-08,2.1137636,30.5,79.5
1993-11-09,4.0948706,30.5,79.5
1993-11-10,1.9610121,30.5,79.5
1993-11-11,1.2183182,30.5,79.5
1993-11-12,1.3054703,30.5,79.5
1993-11-13,2.0653088,30.5,79.5
1993-11-14,1.9094961,30.5,79.5
1993-11-15,2.3716273,30.5,79.5
1993-11-16,1.9245745,30.5,79.5
1993-11-17,1.9497218,30.5,79.5
1993-11-18,1.7671405,30.5,79.5
1993-11-19,1.8808683,30.5,79.5
1993-11-20,1.4746778,30.5,79.5
1993-11-21,2.0377014,30.5,79.5
1993-11-22,2.0961463,30.5,79.5
1993-11-23,1.7407308,30.5,79.5
1993-11-24,1.4786438,30.5,79.5
1993-11-25,2.3090813,30.5,79.5
1993-11-26,1.9955615,30.5,79.5
1993-11-27,2.207031,30.5,79.5
1993-11-28,2.0037875,30.5,79.5
1993-11-29,2.3637495,30.5,79.5
1993-11-30,2.0917633,30.5,79.5
1993-12-01,0.9544403,30.5,79.5
1993-12-02,1.0904253,30.5,79.5
1993-12-03,1.5259929,30.5,79.5
1993-12-04,1.1231837,30.5,79.5
1993-12-05,1.6189325,30.5,79.5
1993-12-06,2.084297,30.5,79.5
1993-12-07,1.7504585,30.5,79.5
1993-12-08,1.303514,30.5,79.5
1993-12-09,1.2900423,30.5,79.5
1993-12-10,0.8266791,30.5,79.5
1993-12-11,1.2973417,30.5,79.5
1993-12-12,1.6089243,30.5,79.5
1993-12-13,1.107942,30.5,79.5
1993-12-14,0.71141446,30.5,79.5
1993-12-15,0.8814299,30.5,79.5
1993-12-16,1.2402097,30.5,79.5
1993-12-17,0.7976411,30.5,79.5
1993-12-18,1.5194831,30.5,79.5
1993-12-19,1.2249017,30.5,79.5
1993-12-20,0.9927838,30.5,79.5
1993-12-21,0.87547773,30.5,79.5
1993-12-22,1.1708446,30.5,79.5
1993-12-23,1.4144913,30.5,79.5
1993-12-24,1.2524849,30.5,79.5
1993-12-25,1.5603089,30.5,79.5
1993-12-26,1.4544994,30.5,79.5
1993-12-27,1.9943038,30.5,79.5
1993-12-28,0.91120726,30.5,79.5
1993-12-29,0.70775574,30.5,79.5
1993-12-30,1.9848255,30.5,79.5
1993-12-31,1.145596,30.5,79.5
1994-01-01,1.3196083,30.5,79.5
1994-01-02,1.9328485,30.5,79.5
1994-01-03,1.4865073,30.5,79.5
1994-01-04,1.4478315,30.5,79.5
1994-01-05,1.450081,30.5,79.5
1994-01-06,2.3520892,30.5,79.5
1994-01-07,1.6601433,30.5,79.5
1994-01-08,1.6740613,30.5,79.5
1994-01-09,1.5486177,30.5,79.5
1994-01-10,1.3361933,30.5,79.5
1994-01-11,2.789308,30.5,79.5
1994-01-12,8.189951,30.5,79.5
1994-01-13,9.979981,30.5,79.5
1994-01-14,1.8128661,30.5,79.5
1994-01-15,6.748689,30.5,79.5
1994-01-16,3.677865,30.5,79.5
1994-01-17,3.1110241,30.5,79.5
1994-01-18,2.0503936,30.5,79.5
1994-01-19,2.1492958,30.5,79.5
1994-01-20,2.5343409,30.5,79.5
1994-01-21,1.4062963,30.5,79.5
1994-01-22,1.7976526,30.5,79.5
1994-01-23,1.666372,30.5,79.5
1994-01-24,2.2899473,30.5,79.5
1994-01-25,1.6632456,30.5,79.5
1994-01-26,1.8643047,30.5,79.5
1994-01-27,2.0349631,30.5,79.5
1994-01-28,2.4667747,30.5,79.5
1994-01-29,4.464557,30.5,79.5
1994-01-30,7.8187094,30.5,79.5
1994-01-31,1.5996784,30.5,79.5
1994-02-01,3.2079072,30.5,79.5
1994-02-02,3.5991402,30.5,79.5
1994-02-03,2.2336667,30.5,79.5
1994-02-04,2.3447084,30.5,79.5
1994-02-05,2.1476216,30.5,79.5
1994-02-06,1.9216526,30.5,79.5
1994-02-07,1.8645058,30.5,79.5
1994-02-08,2.401366,30.5,79.5
1994-02-09,7.00407,30.5,79.5
1994-02-10,1.7875762,30.5,79.5
1994-02-11,2.450244,30.5,79.5
1994-02-12,8.1100025,30.5,79.5
1994-02-13,2.1956294,30.5,79.5
1994-02-14,1.5338948,30.5,79.5
1994-02-15,3.4708936,30.5,79.5
1994-02-16,4.71516,30.5,79.5
1994-02-17,5.1319346,30.5,79.5
1994-02-18,8.3696,30.5,79.5
1994-02-19,7.9340186,30.5,79.5
1994-02-20,4.332782,30.5,79.5
1994-02-21,7.8726187,30.5,79.5
1994-02-22,7.5919166,30.5,79.5
1994-02-23,2.6328702,30.5,79.5
1994-02-24,2.159302,30.5,79.5
1994-02-25,7.084819,30.5,79.5
1994-02-26,8.055475,30.5,79.5
1994-02-27,8.73432,30.5,79.5
1994-02-28,2.0213723,30.5,79.5
1994-03-01,0.6272642,30.5,79.5
1994-03-02,0.7017479,30.5,79.5
1994-03-03,0.97785646,30.5,79.5
1994-03-04,0.7020438,30.5,79.5
1994-03-05,0.58847356,30.5,79.5
1994-03-06,0.96802294,30.5,79.5
1994-03-07,0.5529942,30.5,79.5
1994-03-08,0.9931661,30.5,79.5
1994-03-09,0.3536359,30.5,79.5
1994-03-10,0.7309683,30.5,79.5
1994-03-11,1.886539,30.5,79.5
1994-03-12,0.90823275,30.5,79.5
1994-03-13,1.1444455,30.5,79.5
1994-03-14,1.9327254,30.5,79.5
1994-03-15,3.9800997,30.5,79.5
1994-03-16,1.6838416,30.5,79.5
1994-03-17,1.8683659,30.5,79.5
1994-03-18,0.102161,30.5,79.5
1994-03-19,0.5637398,30.5,79.5
1994-03-20,3.6848514,30.5,79.5
1994-03-21,2.6959333,30.5,79.5
1994-03-22,0.4615195,30.5,79.5
1994-03-23,2.8648102,30.5,79.5
1994-03-24,1.5263845,30.5,79.5
1994-03-25,2.7380843,30.5,79.5
1994-03-26,2.0139673,30.5,79.5
1994-03-27,0.22321011,30.5,79.5
1994-03-28,0.06713394,30.5,79.5
1994-03-29,0.85724586,30.5,79.5
1994-03-30,0.89272743,30.5,79.5
1994-03-31,2.3776371,30.5,79.5
1994-04-01,6.3395405,30.5,79.5
1994-04-02,3.6834912,30.5,79.5
1994-04-03,2.6021082,30.5,79.5
1994-04-04,1.4477979,30.5,79.5
1994-04-05,3.893868,30.5,79.5
1994-04-06,6.153966,30.5,79.5
1994-04-07,3.8148847,30.5,79.5
1994-04-08,0.24738036,30.5,79.5
1994-04-09,0.29929695,30.5,79.5
1994-04-10,0.9215701,30.5,79.5
1994-04-11,0.5488885,30.5,79.5
1994-04-12,1.2819827,30.5,79.5
1994-04-13,0.4476662,30.5,79.5
1994-04-14,1.1020286,30.5,79.5
1994-04-15,7.7060294,30.5,79.5
1994-04-16,10.831694,30.5,79.5
1994-04-17,3.9236267,30.5,79.5
1994-04-18,1.404246,30.5,79.5
1994-04-19,0.18085188,30.5,79.5
1994-04-20,0.791666,30.5,79.5
1994-04-21,0.20336604,30.5,79.5
1994-04-22,1.4736127,30.5,79.5
1994-04-23,7.6835995,30.5,79.5
1994-04-24,4.937633,30.5,79.5
1994-04-25,0.9071497,30.5,79.5
1994-04-26,1.273575,30.5,79.5
1994-04-27,1.1687762,30.5,79.5
1994-04-28,1.2051631,30.5,79.5
1994-04-29,1.2284876,30.5,79.5
1994-04-30,2.6677902,30.5,79.5
1994-05-01,2.663523,30.5,79.5
1994-05-02,0.7675346,30.5,79.5
1994-05-03,1.224978,30.5,79.5
1994-05-04,0.57973677,30.5,79.5
1994-05-05,5.867796,30.5,79.5
1994-05-06,3.1075165,30.5,79.5
1994-05-07,1.5604492,30.5,79.5
1994-05-08,3.15823,30.5,79.5
1994-05-09,5.0352955,30.5,79.5
1994-05-10,6.707232,30.5,79.5
1994-05-11,1.7198015,30.5,79.5
1994-05-12,0.7761425,30.5,79.5
1994-05-13,0.84156203,30.5,79.5
1994-05-14,3.4722528,30.5,79.5
1994-05-15,2.6802511,30.5,79.5
1994-05-16,1.1479689,30.5,79.5
1994-05-17,2.099114,30.5,79.5
1994-05-18,0.9650358,30.5,79.5
1994-05-19,0.45472905,30.5,79.5
1994-05-20,2.115138,30.5,79.5
1994-05-21,0.5078051,30.5,79.5
1994-05-22,0.7106865,30.5,79.5
1994-05-23,0.7081872,30.5,79.5
1994-05-24,0.53175527,30.5,79.5
1994-05-25,4.196683,30.5,79.5
1994-05-26,2.0802782,30.5,79.5
1994-05-27,0.6483047,30.5,79.5
1994-05-28,1.8229947,30.5,79.5
1994-05-29,0.8373104,30.5,79.5
1994-05-30,1.2586048,30.5,79.5
1994-05-31,1.7844788,30.5,79.5
1994-06-01,2.5116506,30.5,79.5
1994-06-02,0.7479616,30.5,79.5
1994-06-03,0.71546584,30.5,79.5
1994-06-04,1.7736357,30.5,79.5
1994-06-05,1.700998,30.5,79.5
1994-06-06,0.54284656,30.5,79.5
1994-06-07,0.84318143,30.5,79.5
1994-06-08,1.0414491,30.5,79.5
1994-06-09,4.500133,30.5,79.5
1994-06-10,4.701262,30.5,79.5
1994-06-11,3.1784596,30.5,79.5
1994-06-12,0.5518976,30.5,79.5
1994-06-13,0.6961286,30.5,79.5
1994-06-14,0.5276215,30.5,79.5
1994-06-15,0.40892416,30.5,79.5
1994-06-16,3.791198,30.5,79.5
1994-06-17,0.64799464,30.5,79.5
1994-06-18,1.4463347,30.5,79.5
1994-06-19,1.2024617,30.5,79.5
1994-06-20,3.2578614,30.5,79.5
1994-06-21,3.424245,30.5,79.5
1994-06-22,2.9731126,30.5,79.5
1994-06-23,3.2992005,30.5,79.5
1994-06-24,5.182448,30.5,79.5
1994-06-25,1.7186114,30.5,79.5
1994-06-26,4.3501987,30.5,79.5
1994-06-27,4.3279214,30.5,79.5
1994-06-28,6.669668,30.5,79.5
1994-06-29,5.426346,30.5,79.5
1994-06-30,9.591297,30.5,79.5
1994-07-01,6.953217,30.5,79.5
1994-07-02,9.487518,30.5,79.5
1994-07-03,16.328592,30.5,79.5
1994-07-04,4.052335,30.5,79.5
1994-07-05,17.272648,30.5,79.5
1994-07-06,2.5120962,30.5,79.5
1994-07-07,2.3656871,30.5,79.5
1994-07-08,3.522129,30.5,79.5
1994-07-09,0.26312983,30.5,79.5
1994-07-10,0.7842791,30.5,79.5
1994-07-11,3.4907773,30.5,79.5
1994-07-12,3.6693692,30.5,79.5
1994-07-13,4.40283,30.5,79.5
1994-07-14,10.788817,30.5,79.5
1994-07-15,16.542131,30.5,79.5
1994-07-16,0.08139384,30.5,79.5
1994-07-17,7.8399706,30.5,79.5
1994-07-18,7.4897885,30.5,79.5
1994-07-19,14.007076,30.5,79.5
1994-07-20,29.543188,30.5,79.5
1994-07-21,20.333199,30.5,79.5
1994-07-22,8.075104,30.5,79.5
1994-07-23,8.510684,30.5,79.5
1994-07-24,5.291242,30.5,79.5
1994-07-25,7.090113,30.5,79.5
1994-07-26,5.269592,30.5,79.5
1994-07-27,6.251059,30.5,79.5
1994-07-28,12.36194,30.5,79.5
1994-07-29,3.4475806,30.5,79.5
1994-07-30,22.301182,30.5,79.5
1994-07-31,8.561311,30.5,79.5
1994-08-01,7.7121673,30.5,79.5
1994-08-02,4.0204587,30.5,79.5
1994-08-03,3.6489952,30.5,79.5
1994-08-04,6.878648,30.5,79.5
1994-08-05,5.3952417,30.5,79.5
1994-08-06,8.959361,30.5,79.5
1994-08-07,10.576797,30.5,79.5
1994-08-08,2.1025743,30.5,79.5
1994-08-09,10.636025,30.5,79.5
1994-08-10,11.981052,30.5,79.5
1994-08-11,2.101418,30.5,79.5
1994-08-12,1.2638808,30.5,79.5
1994-08-13,23.175566,30.5,79.5
1994-08-14,2.030835,30.5,79.5
1994-08-15,6.325668,30.5,79.5
1994-08-16,14.143066,30.5,79.5
1994-08-17,6.0215163,30.5,79.5
1994-08-18,4.2368054,30.5,79.5
1994-08-19,2.2187915,30.5,79.5
1994-08-20,3.6301732,30.5,79.5
1994-08-21,9.661266,30.5,79.5
1994-08-22,13.3791,30.5,79.5
1994-08-23,21.89005,30.5,79.5
1994-08-24,9.820486,30.5,79.5
1994-08-25,13.6492,30.5,79.5
1994-08-26,5.294512,30.5,79.5
1994-08-27,4.9603605,30.5,79.5
1994-08-28,12.642463,30.5,79.5
1994-08-29,8.540368,30.5,79.5
1994-08-30,33.93071,30.5,79.5
1994-08-31,8.991395,30.5,79.5
1994-09-01,12.568508,30.5,79.5
1994-09-02,3.3462338,30.5,79.5
1994-09-03,15.744115,30.5,79.5
1994-09-04,13.796446,30.5,79.5
1994-09-05,7.5464125,30.5,79.5
1994-09-06,5.316359,30.5,79.5
1994-09-07,5.332415,30.5,79.5
1994-09-08,5.6844745,30.5,79.5
1994-09-09,6.2270737,30.5,79.5
1994-09-10,3.443761,30.5,79.5
1994-09-11,2.07767,30.5,79.5
1994-09-12,2.7649508,30.5,79.5
1994-09-13,1.2326069,30.5,79.5
1994-09-14,3.726354,30.5,79.5
1994-09-15,6.3572354,30.5,79.5
1994-09-16,3.0198185,30.5,79.5
1994-09-17,3.5622156,30.5,79.5
1994-09-18,5.601894,30.5,79.5
1994-09-19,5.674896,30.5,79.5
1994-09-20,4.040899,30.5,79.5
1994-09-21,3.6125815,30.5,79.5
1994-09-22,2.310691,30.5,79.5
1994-09-23,1.5648806,30.5,79.5
1994-09-24,1.1460983,30.5,79.5
1994-09-25,1.357764,30.5,79.5
1994-09-26,1.223695,30.5,79.5
1994-09-27,1.7758132,30.5,79.5
1994-09-28,2.123938,30.5,79.5
1994-09-29,1.7319753,30.5,79.5
1994-09-30,1.9868338,30.5,79.5
1994-10-01,1.0188506,30.5,79.5
1994-10-02,1.3039117,30.5,79.5
1994-10-03,0.326143,30.5,79.5
1994-10-04,1.875094,30.5,79.5
1994-10-05,0.876703,30.5,79.5
1994-10-06,0.5828954,30.5,79.5
1994-10-07,0.84368616,30.5,79.5
1994-10-08,0.8045645,30.5,79.5
1994-10-09,0.413371,30.5,79.5
1994-10-10,0.60527,30.5,79.5
1994-10-11,0.58253175,30.5,79.5
1994-10-12,0.4193475,30.5,79.5
1994-10-13,0.28996053,30.5,79.5
1994-10-14,0.67487794,30.5,79.5
1994-10-15,0.59668046,30.5,79.5
1994-10-16,0.83076274,30.5,79.5
1994-10-17,0.9618863,30.5,79.5
1994-10-18,0.42286673,30.5,79.5
1994-10-19,1.2239395,30.5,79.5
1994-10-20,0.9063112,30.5,79.5
1994-10-21,0.31573746,30.5,79.5
1994-10-22,1.2060882,30.5,79.5
1994-10-23,0.36964947,30.5,79.5
1994-10-24,0.34737593,30.5,79.5
1994-10-25,0.9848443,30.5,79.5
1994-10-26,0.6092015,30.5,79.5
1994-10-27,2.7208,30.5,79.5
1994-10-28,0.4608722,30.5,79.5
1994-10-29,1.3053486,30.5,79.5
1994-10-30,0.37432513,30.5,79.5
1994-10-31,0.2805677,30.5,79.5
1994-11-01,0.6797301,30.5,79.5
1994-11-02,0.57170403,30.5,79.5
1994-11-03,1.1084867,30.5,79.5
1994-11-04,1.201368,30.5,79.5
1994-11-05,0.36975285,30.5,79.5
1994-11-06,0.43511075,30.5,79.5
1994-11-07,0.5545477,30.5,79.5
1994-11-08,0.80005366,30.5,79.5
1994-11-09,0.37305847,30.5,79.5
1994-11-10,0.404249,30.5,79.5
1994-11-11,0.1771262,30.5,79.5
1994-11-12,0.61103094,30.5,79.5
1994-11-13,0.27047935,30.5,79.5
1994-11-14,0.81178576,30.5,79.5
1994-11-15,0.74841565,30.5,79.5
1994-11-16,0.69123584,30.5,79.5
1994-11-17,0.49140772,30.5,79.5
1994-11-18,0.8017428,30.5,79.5
1994-11-19,0.36078262,30.5,79.5
1994-11-20,0.39193055,30.5,79.5
1994-11-21,0.23875798,30.5,79.5
1994-11-22,0.72910976,30.5,79.5
1994-11-23,0.7838155,30.5,79.5
1994-11-24,1.0899655,30.5,79.5
1994-11-25,1.3998411,30.5,79.5
1994-11-26,0.49218783,30.5,79.5
1994-11-27,1.3086792,30.5,79.5
1994-11-28,0.9825892,30.5,79.5
1994-11-29,0.45766672,30.5,79.5
1994-11-30,0.53504,30.5,79.5
1994-12-01,0.30071735,30.5,79.5
1994-12-02,0.7271702,30.5,79.5
1994-12-03,0.5416254,30.5,79.5
1994-12-04,1.7545494,30.5,79.5
1994-12-05,1.1807503,30.5,79.5
1994-12-06,0.5791866,30.5,79.5
1994-12-07,1.4891112,30.5,79.5
1994-12-08,0.6411964,30.5,79.5
1994-12-09,0.8722874,30.5,79.5
1994-12-10,1.167333,30.5,79.5
1994-12-11,1.3450271,30.5,79.5
1994-12-12,1.5801684,30.5,79.5
1994-12-13,0.47951087,30.5,79.5
1994-12-14,1.1552625,30.5,79.5
1994-12-15,1.6754482,30.5,79.5
1994-12-16,0.5438729,30.5,79.5
1994-12-17,0.56243235,30.5,79.5
1994-12-18,1.6674793,30.5,79.5
1994-12-19,1.549568,30.5,79.5
1994-12-20,1.114355,30.5,79.5
1994-12-21,0.45842484,30.5,79.5
1994-12-22,0.661676,30.5,79.5
1994-12-23,0.6930326,30.5,79.5
1994-12-24,0.8556023,30.5,79.5
1994-12-25,5.100302,30.5,79.5
1994-12-26,1.9015888,30.5,79.5
1994-12-27,2.2914205,30.5,79.5
1994-12-28,1.5058883,30.5,79.5
1994-12-29,2.1498783,30.5,79.5
1994-12-30,2.1035202,30.5,79.5
1994-12-31,1.6861513,30.5,79.5
1995-01-01,1.8325406,30.5,79.5
1995-01-02,2.0335844,30.5,79.5
1995-01-03,2.278088,30.5,79.5
1995-01-04,1.70459,30.5,79.5
1995-01-05,5.1274395,30.5,79.5
1995-01-06,2.135575,30.5,79.5
1995-01-07,1.7023145,30.5,79.5
1995-01-08,2.2893043,30.5,79.5
1995-01-09,6.502712,30.5,79.5
1995-01-10,5.588071,30.5,79.5
1995-01-11,1.3235663,30.5,79.5
1995-01-12,1.354432,30.5,79.5
1995-01-13,2.0849156,30.5,79.5
1995-01-14,1.8237296,30.5,79.5
1995-01-15,6.9892287,30.5,79.5
1995-01-16,3.6762311,30.5,79.5
1995-01-17,1.707885,30.5,79.5
1995-01-18,1.3749791,30.5,79.5
1995-01-19,1.9678999,30.5,79.5
1995-01-20,1.7394459,30.5,79.5
1995-01-21,5.766569,30.5,79.5
1995-01-22,2.346131,30.5,79.5
1995-01-23,2.1388807,30.5,79.5
1995-01-24,1.8584439,30.5,79.5
1995-01-25,1.6744187,30.5,79.5
1995-01-26,2.103374,30.5,79.5
1995-01-27,1.0499085,30.5,79.5
1995-01-28,2.1793811,30.5,79.5
1995-01-29,2.19996,30.5,79.5
1995-01-30,1.4838002,30.5,79.5
1995-01-31,2.303098,30.5,79.5
1995-02-01,1.6618081,30.5,79.5
1995-02-02,1.5808905,30.5,79.5
1995-02-03,1.4125897,30.5,79.5
1995-02-04,1.8032674,30.5,79.5
1995-02-05,2.168953,30.5,79.5
1995-02-06,1.7306998,30.5,79.5
1995-02-07,0.9700091,30.5,79.5
1995-02-08,1.6398164,30.5,79.5
1995-02-09,2.1373265,30.5,79.5
1995-02-10,1.6583524,30.5,79.5
1995-02-11,2.4515007,30.5,79.5
1995-02-12,9.600978,30.5,79.5
1995-02-13,6.102464,30.5,79.5
1995-02-14,10.685541,30.5,79.5
1995-02-15,14.469694,30.5,79.5
1995-02-16,1.8600028,30.5,79.5
1995-02-17,1.7799481,30.5,79.5
1995-02-18,1.0939423,30.5,79.5
1995-02-19,2.3640623,30.5,79.5
1995-02-20,1.440582,30.5,79.5
1995-02-21,1.7416675,30.5,79.5
1995-02-22,4.349515,30.5,79.5
1995-02-23,4.824078,30.5,79.5
1995-02-24,2.102898,30.5,79.5
1995-02-25,2.2095292,30.5,79.5
1995-02-26,1.8696275,30.5,79.5
1995-02-27,7.547127,30.5,79.5
1995-02-28,3.6858964,30.5,79.5
1995-03-01,3.358115,30.5,79.5
1995-03-02,1.1731493,30.5,79.5
1995-03-03,1.5919642,30.5,79.5
1995-03-04,0.2918763,30.5,79.5
1995-03-05,0.95653224,30.5,79.5
1995-03-06,1.0471021,30.5,79.5
1995-03-07,1.483015,30.5,79.5
1995-03-08,2.4699972,30.5,79.5
1995-03-09,0.79075277,30.5,79.5
1995-03-10,1.2117763,30.5,79.5
1995-03-11,2.2080648,30.5,79.5
1995-03-12,0.5563045,30.5,79.5
1995-03-13,1.1126838,30.5,79.5
1995-03-14,0.272243,30.5,79.5
1995-03-15,0.6260925,30.5,79.5
1995-03-16,1.2980729,30.5,79.5
1995-03-17,0.63036937,30.5,79.5
1995-03-18,0.45359442,30.5,79.5
1995-03-19,1.2514594,30.5,79.5
1995-03-20,1.3300095,30.5,79.5
1995-03-21,0.692172,30.5,79.5
1995-03-22,1.36288,30.5,79.5
1995-03-23,0.6416441,30.5,79.5
1995-03-24,0.20832625,30.5,79.5
1995-03-25,0.7693189,30.5,79.5
1995-03-26,3.3132567,30.5,79.5
1995-03-27,0.92804056,30.5,79.5
1995-03-28,1.93526,30.5,79.5
1995-03-29,8.434923,30.5,79.5
1995-03-30,13.812314,30.5,79.5
1995-03-31,7.281167,30.5,79.5
1995-04-01,1.6841651,30.5,79.5
1995-04-02,2.2283177,30.5,79.5
1995-04-03,1.6917446,30.5,79.5
1995-04-04,1.7719617,30.5,79.5
1995-04-05,1.9145534,30.5,79.5
1995-04-06,2.0863407,30.5,79.5
1995-04-07,1.4331375,30.5,79.5
1995-04-08,1.3414192,30.5,79.5
1995-04-09,1.5287254,30.5,79.5
1995-04-10,2.0059488,30.5,79.5
1995-04-11,14.76243,30.5,79.5
1995-04-12,3.1218202,30.5,79.5
1995-04-13,2.0725293,30.5,79.5
1995-04-14,1.9697509,30.5,79.5
1995-04-15,1.3833059,30.5,79.5
1995-04-16,1.7149673,30.5,79.5
1995-04-17,1.06297,30.5,79.5
1995-04-18,1.9239947,30.5,79.5
1995-04-19,1.5123645,30.5,79.5
1995-04-20,1.0154203,30.5,79.5
1995-04-21,0.77355945,30.5,79.5
1995-04-22,1.754704,30.5,79.5
1995-04-23,3.6948512,30.5,79.5
1995-04-24,9.217531,30.5,79.5
1995-04-25,1.6503351,30.5,79.5
1995-04-26,1.3509752,30.5,79.5
1995-04-27,2.5266414,30.5,79.5
1995-04-28,1.6014518,30.5,79.5
1995-04-29,1.1795217,30.5,79.5
1995-04-30,1.667015,30.5,79.5
1995-05-01,1.7149296,30.5,79.5
1995-05-02,2.3822634,30.5,79.5
1995-05-03,3.2940898,30.5,79.5
1995-05-04,1.2365215,30.5,79.5
1995-05-05,1.2348895,30.5,79.5
1995-05-06,1.8190075,30.5,79.5
1995-05-07,1.4403845,30.5,79.5
1995-05-08,2.244471,30.5,79.5
1995-05-09,2.3260293,30.5,79.5
1995-05-10,2.388207,30.5,79.5
1995-05-11,5.7963862,30.5,79.5
1995-05-12,1.8710521,30.5,79.5
1995-05-13,1.6249669,30.5,79.5
1995-05-14,5.6056767,30.5,79.5
1995-05-15,1.1823183,30.5,79.5
1995-05-16,1.6141369,30.5,79.5
1995-05-17,1.7547709,30.5,79.5
1995-05-18,1.7950934,30.5,79.5
1995-05-19,2.5167353,30.5,79.5
1995-05-20,1.3815587,30.5,79.5
1995-05-21,1.7286227,30.5,79.5
1995-05-22,3.714934,30.5,79.5
1995-05-23,3.6157167,30.5,79.5
1995-05-24,1.5787181,30.5,79.5
1995-05-25,1.9947288,30.5,79.5
1995-05-26,1.7632105,30.5,79.5
1995-05-27,1.6778419,30.5,79.5
1995-05-28,1.6311687,30.5,79.5
1995-05-29,1.6799152,30.5,79.5
1995-05-30,2.5332448,30.5,79.5
1995-05-31,3.0159633,30.5,79.5
1995-06-01,1.5141543,30.5,79.5
1995-06-02,1.6907108,30.5,79.5
1995-06-03,1.300549,30.5,79.5
1995-06-04,1.2333878,30.5,79.5
1995-06-05,1.2562923,30.5,79.5
1995-06-06,0.8084428,30.5,79.5
1995-06-07,0.9915703,30.5,79.5
1995-06-08,1.0675597,30.5,79.5
1995-06-09,1.2052349,30.5,79.5
1995-06-10,1.8797821,30.5,79.5
1995-06-11,1.3325295,30.5,79.5
1995-06-12,6.459908,30.5,79.5
1995-06-13,2.182222,30.5,79.5
1995-06-14,5.2709417,30.5,79.5
1995-06-15,5.9637938,30.5,79.5
1995-06-16,1.6113766,30.5,79.5
1995-06-17,5.169868,30.5,79.5
1995-06-18,3.918164,30.5,79.5
1995-06-19,3.659558,30.5,79.5
1995-06-20,1.0660284,30.5,79.5
1995-06-21,0.45635834,30.5,79.5
1995-06-22,1.7126553,30.5,79.5
1995-06-23,14.111688,30.5,79.5
1995-06-24,1.1133584,30.5,79.5
1995-06-25,1.4573239,30.5,79.5
1995-06-26,1.7429286,30.5,79.5
1995-06-27,5.9392056,30.5,79.5
1995-06-28,0.22700658,30.5,79.5
1995-06-29,6.832949,30.5,79.5
1995-06-30,10.588426,30.5,79.5
1995-07-01,11.716565,30.5,79.5
1995-07-02,3.297103,30.5,79.5
1995-07-03,0.13008335,30.5,79.5
1995-07-04,5.831438,30.5,79.5
1995-07-05,14.868695,30.5,79.5
1995-07-06,3.5922658,30.5,79.5
1995-07-07,11.1446085,30.5,79.5
1995-07-08,4.4246607,30.5,79.5
1995-07-09,1.4848044,30.5,79.5
1995-07-10,8.1571665,30.5,79.5
1995-07-11,1.7819762,30.5,79.5
1995-07-12,3.870673,30.5,79.5
1995-07-13,3.4420304,30.5,79.5
1995-07-14,4.8513885,30.5,79.5
1995-07-15,9.322588,30.5,79.5
1995-07-16,2.8147469,30.5,79.5
1995-07-17,7.9491625,30.5,79.5
1995-07-18,3.5970638,30.5,79.5
1995-07-19,2.8137002,30.5,79.5
1995-07-20,8.751263,30.5,79.5
1995-07-21,5.5751567,30.5,79.5
1995-07-22,12.934958,30.5,79.5
1995-07-23,4.514544,30.5,79.5
1995-07-24,0.7160744,30.5,79.5
1995-07-25,8.385746,30.5,79.5
1995-07-26,1.8372186,30.5,79.5
1995-07-27,2.4001756,30.5,79.5
1995-07-28,17.651506,30.5,79.5
1995-07-29,4.126319,30.5,79.5
1995-07-30,3.6545608,30.5,79.5
1995-07-31,30.472395,30.5,79.5
1995-08-01,15.024372,30.5,79.5
1995-08-02,28.110176,30.5,79.5
1995-08-03,22.818,30.5,79.5
1995-08-04,5.813508,30.5,79.5
1995-08-05,2.9997127,30.5,79.5
1995-08-06,2.569451,30.5,79.5
1995-08-07,4.18682,30.5,79.5
1995-08-08,16.205416,30.5,79.5
1995-08-09,11.867606,30.5,79.5
1995-08-10,14.951859,30.5,79.5
1995-08-11,0.9251019,30.5,79.5
1995-08-12,4.727714,30.5,79.5
1995-08-13,2.1777337,30.5,79.5
1995-08-14,3.9821901,30.5,79.5
1995-08-15,1.1595875,30.5,79.5
1995-08-16,2.0779405,30.5,79.5
1995-08-17,6.8541675,30.5,79.5
1995-08-18,13.636692,30.5,79.5
1995-08-19,13.255553,30.5,79.5
1995-08-20,4.334684,30.5,79.5
1995-08-21,18.463703,30.5,79.5
1995-08-22,7.626562,30.5,79.5
1995-08-23,10.96982,30.5,79.5
1995-08-24,2.284498,30.5,79.5
1995-08-25,6.0946016,30.5,79.5
1995-08-26,10.626464,30.5,79.5
1995-08-27,2.3257625,30.5,79.5
1995-08-28,8.337014,30.5,79.5
1995-08-29,9.362753,30.5,79.5
1995-08-30,22.663815,30.5,79.5
1995-08-31,6.4295015,30.5,79.5
1995-09-01,6.1646605,30.5,79.5
1995-09-02,2.363402,30.5,79.5
1995-09-03,5.220812,30.5,79.5
1995-09-04,20.160807,30.5,79.5
1995-09-05,15.610877,30.5,79.5
1995-09-06,19.659973,30.5,79.5
1995-09-07,7.9009275,30.5,79.5
1995-09-08,5.22512,30.5,79.5
1995-09-09,2.5307837,30.5,79.5
1995-09-10,2.6213865,30.5,79.5
1995-09-11,4.423812,30.5,79.5
1995-09-12,0.41023046,30.5,79.5
1995-09-13,1.1923534,30.5,79.5
1995-09-14,3.3852923,30.5,79.5
1995-09-15,7.2012033,30.5,79.5
1995-09-16,2.2502577,30.5,79.5
1995-09-17,2.257998,30.5,79.5
1995-09-18,2.061026,30.5,79.5
1995-09-19,1.1408429,30.5,79.5
1995-09-20,0.9870269,30.5,79.5
1995-09-21,1.449571,30.5,79.5
1995-09-22,2.238939,30.5,79.5
1995-09-23,0.5897657,30.5,79.5
1995-09-24,1.2622104,30.5,79.5
1995-09-25,2.2242405,30.5,79.5
1995-09-26,1.5716367,30.5,79.5
1995-09-27,1.4007604,30.5,79.5
1995-09-28,5.5859327,30.5,79.5
1995-09-29,9.948656,30.5,79.5
1995-09-30,9.027441,30.5,79.5
1995-10-01,2.0576873,30.5,79.5
1995-10-02,2.4357731,30.5,79.5
1995-10-03,1.9778025,30.5,79.5
1995-10-04,2.2211554,30.5,79.5
1995-10-05,1.888808,30.5,79.5
1995-10-06,2.1649284,30.5,79.5
1995-10-07,1.8141208,30.5,79.5
1995-10-08,2.1896985,30.5,79.5
1995-10-09,2.5018535,30.5,79.5
1995-10-10,1.5389771,30.5,79.5
1995-10-11,2.403946,30.5,79.5
1995-10-12,1.8607601,30.5,79.5
1995-10-13,2.1820097,30.5,79.5
1995-10-14,1.5348843,30.5,79.5
1995-10-15,1.8159354,30.5,79.5
1995-10-16,1.4585162,30.5,79.5
1995-10-17,3.9072778,30.5,79.5
1995-10-18,1.6607634,30.5,79.5
1995-10-19,1.5711932,30.5,79.5
1995-10-20,1.478947,30.5,79.5
1995-10-21,2.6003716,30.5,79.5
1995-10-22,2.266184,30.5,79.5
1995-10-23,1.8614409,30.5,79.5
1995-10-24,2.1924026,30.5,79.5
1995-10-25,1.7754699,30.5,79.5
1995-10-26,1.6832736,30.5,79.5
1995-10-27,2.5232344,30.5,79.5
1995-10-28,2.2714875,30.5,79.5
1995-10-29,2.5898383,30.5,79.5
1995-10-30,2.1098397,30.5,79.5
1995-10-31,2.9504366,30.5,79.5
1995-11-01,2.1217742,30.5,79.5
1995-11-02,0.89042515,30.5,79.5
1995-11-03,1.2930506,30.5,79.5
1995-11-04,0.84759647,30.5,79.5
1995-11-05,0.8136381,30.5,79.5
1995-11-06,0.9425657,30.5,79.5
1995-11-07,1.4129921,30.5,79.5
1995-11-08,1.066294,30.5,79.5
1995-11-09,0.70346344,30.5,79.5
1995-11-10,1.7256297,30.5,79.5
1995-11-11,1.8789321,30.5,79.5
1995-11-12,1.0944053,30.5,79.5
1995-11-13,0.83937454,30.5,79.5
1995-11-14,0.56987745,30.5,79.5
1995-11-15,0.97946453,30.5,79.5
1995-11-16,2.3380249,30.5,79.5
1995-11-17,1.5982442,30.5,79.5
1995-11-18,1.3327096,30.5,79.5
1995-11-19,1.6964638,30.5,79.5
1995-11-20,0.80705285,30.5,79.5
1995-11-21,0.8171686,30.5,79.5
1995-11-22,1.1539699,30.5,79.5
1995-11-23,0.8517115,30.5,79.5
1995-11-24,1.6106979,30.5,79.5
1995-11-25,1.2803209,30.5,79.5
1995-11-26,0.7104319,30.5,79.5
1995-11-27,1.2347798,30.5,79.5
1995-11-28,0.91363436,30.5,79.5
1995-11-29,1.2130044,30.5,79.5
1995-11-30,0.914075,30.5,79.5
1995-12-01,0.67618537,30.5,79.5
1995-12-02,0.75555444,30.5,79.5
1995-12-03,1.6348987,30.5,79.5
1995-12-04,0.6218847,30.5,79.5
1995-12-05,1.1569344,30.5,79.5
1995-12-06,0.5869448,30.5,79.5
1995-12-07,0.9263609,30.5,79.5
1995-12-08,0.6381303,30.5,79.5
1995-12-09,1.0225699,30.5,79.5
1995-12-10,4.9135604,30.5,79.5
1995-12-11,2.159943,30.5,79.5
1995-12-12,1.231026,30.5,79.5
1995-12-13,1.2018998,30.5,79.5
1995-12-14,3.2755914,30.5,79.5
1995-12-15,2.4008155,30.5,79.5
1995-12-16,0.77124566,30.5,79.5
1995-12-17,1.2998326,30.5,79.5
1995-12-18,0.79695857,30.5,79.5
1995-12-19,0.55476356,30.5,79.5
1995-12-20,0.6092265,30.5,79.5
1995-12-21,1.6429222,30.5,79.5
1995-12-22,2.410138,30.5,79.5
1995-12-23,7.3580003,30.5,79.5
1995-12-24,4.4511104,30.5,79.5
1995-12-25,2.657252,30.5,79.5
1995-12-26,2.0142434,30.5,79.5
1995-12-27,1.6528157,30.5,79.5
1995-12-28,1.0343107,30.5,79.5
1995-12-29,1.6637604,30.5,79.5
1995-12-30,0.44757953,30.5,79.5
1995-12-31,1.6077191,30.5,79.5
1996-01-01,0.0,30.5,79.5
1996-01-02,0.0,30.5,79.5
1996-01-03,0.0,30.5,79.5
1996-01-04,0.0,30.5,79.5
1996-01-05,0.0,30.5,79.5
1996-01-06,0.0,30.5,79.5
1996-01-07,0.0,30.5,79.5
1996-01-08,0.0,30.5,79.5
1996-01-09,0.0,30.5,79.5
1996-01-10,0.0,30.5,79.5
1996-01-11,0.0,30.5,79.5
1996-01-12,0.0,30.5,79.5
1996-01-13,0.0,30.5,79.5
1996-01-14,0.94070315,30.5,79.5
1996-01-15,14.079725,30.5,79.5
1996-01-16,25.074162,30.5,79.5
1996-01-17,6.632516,30.5,79.5
1996-01-18,0.0,30.5,79.5
1996-01-19,0.0,30.5,79.5
1996-01-20,0.0,30.5,79.5
1996-01-21,0.0,30.5,79.5
1996-01-22,0.0,30.5,79.5
1996-01-23,2.8998227,30.5,79.5
1996-01-24,0.0,30.5,79.5
1996-01-25,0.0,30.5,79.5
1996-01-26,0.0,30.5,79.5
1996-01-27,0.0,30.5,79.5
1996-01-28,0.0,30.5,79.5
1996-01-29,0.0,30.5,79.5
1996-01-30,0.0,30.5,79.5
1996-01-31,0.0,30.5,79.5
1996-02-01,0.0,30.5,79.5
1996-02-02,0.0,30.5,79.5
1996-02-03,0.0,30.5,79.5
1996-02-04,0.0,30.5,79.5
1996-02-05,0.0,30.5,79.5
1996-02-06,0.0,30.5,79.5
1996-02-07,0.0,30.5,79.5
1996-02-08,0.13942046,30.5,79.5
1996-02-09,0.0,30.5,79.5
1996-02-10,3.7876482,30.5,79.5
1996-02-11,6.0338206,30.5,79.5
1996-02-12,0.0,30.5,79.5
1996-02-13,0.0,30.5,79.5
1996-02-14,0.0,30.5,79.5
1996-02-15,3.092335,30.5,79.5
1996-02-16,5.2937346,30.5,79.5
1996-02-17,0.0,30.5,79.5
1996-02-18,0.0,30.5,79.5
1996-02-19,0.0,30.5,79.5
1996-02-20,0.5094978,30.5,79.5
1996-02-21,0.36621228,30.5,79.5
1996-02-22,0.2797618,30.5,79.5
1996-02-23,0.0,30.5,79.5
1996-02-24,11.272111,30.5,79.5
1996-02-25,10.739938,30.5,79.5
1996-02-26,6.200698,30.5,79.5
1996-02-27,13.39414,30.5,79.5
1996-02-28,0.0,30.5,79.5
1996-02-29,0.0,30.5,79.5
1996-03-01,1.2205344,30.5,79.5
1996-03-02,1.029237,30.5,79.5
1996-03-03,1.0348438,30.5,79.5
1996-03-04,0.44632366,30.5,79.5
1996-03-05,0.32981586,30.5,79.5
1996-03-06,0.6148139,30.5,79.5
1996-03-07,0.46870047,30.5,79.5
1996-03-08,5.049093,30.5,79.5
1996-03-09,0.6277985,30.5,79.5
1996-03-10,0.78109914,30.5,79.5
1996-03-11,0.48186284,30.5,79.5
1996-03-12,1.5546649,30.5,79.5
1996-03-13,0.8842879,30.5,79.5
1996-03-14,0.7137826,30.5,79.5
1996-03-15,0.88322127,30.5,79.5
1996-03-16,4.6758733,30.5,79.5
1996-03-17,11.43559,30.5,79.5
1996-03-18,26.751955,30.5,79.5
1996-03-19,11.033255,30.5,79.5
1996-03-20,0.3971848,30.5,79.5
1996-03-21,3.0806572,30.5,79.5
1996-03-22,17.647661,30.5,79.5
1996-03-23,13.461584,30.5,79.5
1996-03-24,0.7899925,30.5,79.5
1996-03-25,0.9713236,30.5,79.5
1996-03-26,0.28963414,30.5,79.5
1996-03-27,0.11108983,30.5,79.5
1996-03-28,0.5192489,30.5,79.5
1996-03-29,12.190038,30.5,79.5
1996-03-30,9.779439,30.5,79.5
1996-03-31,0.37876388,30.5,79.5
1996-04-01,0.16245557,30.5,79.5
1996-04-02,0.11188447,30.5,79.5
1996-04-03,0.0016459936,30.5,79.5
1996-04-04,0.0,30.5,79.5
1996-04-05,0.0,30.5,79.5
1996-04-06,0.0,30.5,79.5
1996-04-07,9.758569,30.5,79.5
1996-04-08,4.2497554,30.5,79.5
1996-04-09,0.26327568,30.5,79.5
1996-04-10,0.8761315,30.5,79.5
1996-04-11,0.6256377,30.5,79.5
1996-04-12,0.20246865,30.5,79.5
1996-04-13,0.0,30.5,79.5
1996-04-14,0.0,30.5,79.5
1996-04-15,0.0019578997,30.5,79.5
1996-04-16,0.0,30.5,79.5
1996-04-17,0.018079491,30.5,79.5
1996-04-18,0.16023692,30.5,79.5
1996-04-19,0.07588002,30.5,79.5
1996-04-20,1.3509042,30.5,79.5
1996-04-21,2.7821434,30.5,79.5
1996-04-22,2.6814117,30.5,79.5
1996-04-23,4.7693887,30.5,79.5
1996-04-24,8.890326,30.5,79.5
1996-04-25,6.875314,30.5,79.5
1996-04-26,0.551194,30.5,79.5
1996-04-27,0.0,30.5,79.5
1996-04-28,3.0024462,30.5,79.5
1996-04-29,0.16010171,30.5,79.5
1996-04-30,0.41407695,30.5,79.5
1996-05-01,4.4041114,30.5,79.5
1996-05-02,0.45314562,30.5,79.5
1996-05-03,0.6029936,30.5,79.5
1996-05-04,0.9026115,30.5,79.5
1996-05-05,0.5041529,30.5,79.5
1996-05-06,0.45473516,30.5,79.5
1996-05-07,0.33760267,30.5,79.5
1996-05-08,1.3279992,30.5,79.5
1996-05-09,0.59792924,30.5,79.5
1996-05-10,0.5850734,30.5,79.5
1996-05-11,0.1445753,30.5,79.5
1996-05-12,2.1902177,30.5,79.5
1996-05-13,0.9395932,30.5,79.5
1996-05-14,1.6450361,30.5,79.5
1996-05-15,0.72396386,30.5,79.5
1996-05-16,2.9492497,30.5,79.5
1996-05-17,0.9446031,30.5,79.5
1996-05-18,2.1182885,30.5,79.5
1996-05-19,2.6979048,30.5,79.5
1996-05-20,4.7913957,30.5,79.5
1996-05-21,0.7849241,30.5,79.5
1996-05-22,0.8388252,30.5,79.5
1996-05-23,0.8503459,30.5,79.5
1996-05-24,0.63473535,30.5,79.5
1996-05-25,0.39763445,30.5,79.5
1996-05-26,0.22325118,30.5,79.5
1996-05-27,0.40433577,30.5,79.5
1996-05-28,0.9598443,30.5,79.5
1996-05-29,3.78966,30.5,79.5
1996-05-30,3.4212735,30.5,79.5
1996-05-31,0.60938936,30.5,79.5
1996-06-01,0.0,30.5,79.5
1996-06-02,0.0,30.5,79.5
1996-06-03,1.0837247,30.5,79.5
1996-06-04,1.057826,30.5,79.5
1996-06-05,11.314931,30.5,79.5
1996-06-06,0.5379921,30.5,79.5
1996-06-07,0.0,30.5,79.5
1996-06-08,0.0,30.5,79.5
1996-06-09,0.56610227,30.5,79.5
1996-06-10,0.0,30.5,79.5
1996-06-11,0.0,30.5,79.5
1996-06-12,0.0058209766,30.5,79.5
1996-06-13,8.17723,30.5,79.5
1996-06-14,0.41723463,30.5,79.5
1996-06-15,7.5531917,30.5,79.5
1996-06-16,0.0,30.5,79.5
1996-06-17,1.930443,30.5,79.5
1996-06-18,0.3074121,30.5,79.5
1996-06-19,0.010491894,30.5,79.5
1996-06-20,2.370424,30.5,79.5
1996-06-21,1.6973828,30.5,79.5
1996-06-22,18.97254,30.5,79.5
1996-06-23,3.66318,30.5,79.5
1996-06-24,6.195199,30.5,79.5
1996-06-25,13.594768,30.5,79.5
1996-06-26,5.078893,30.5,79.5
1996-06-27,15.982939,30.5,79.5
1996-06-28,17.712639,30.5,79.5
1996-06-29,0.58480793,30.5,79.5
1996-06-30,0.35797313,30.5,79.5
1996-07-01,0.9920261,30.5,79.5
1996-07-02,0.15245387,30.5,79.5
1996-07-03,0.010578856,30.5,79.5
1996-07-04,40.026047,30.5,79.5
1996-07-05,27.46346,30.5,79.5
1996-07-06,1.822801,30.5,79.5
1996-07-07,0.0,30.5,79.5
1996-07-08,0.47730207,30.5,79.5
1996-07-09,8.224431,30.5,79.5
1996-07-10,40.11118,30.5,79.5
1996-07-11,18.525606,30.5,79.5
1996-07-12,45.94478,30.5,79.5
1996-07-13,27.521542,30.5,79.5
1996-07-14,21.883554,30.5,79.5
1996-07-15,0.5458105,30.5,79.5
1996-07-16,0.0,30.5,79.5
1996-07-17,41.443283,30.5,79.5
1996-07-18,41.1691,30.5,79.5
1996-07-19,13.697794,30.5,79.5
1996-07-20,0.17549004,30.5,79.5
1996-07-21,38.594933,30.5,79.5
1996-07-22,27.169504,30.5,79.5
1996-07-23,11.539763,30.5,79.5
1996-07-24,10.534324,30.5,79.5
1996-07-25,29.523283,30.5,79.5
1996-07-26,26.293074,30.5,79.5
1996-07-27,35.552242,30.5,79.5
1996-07-28,5.0554347,30.5,79.5
1996-07-29,18.021942,30.5,79.5
1996-07-30,23.030739,30.5,79.5
1996-07-31,3.7436092,30.5,79.5
1996-08-01,3.105621,30.5,79.5
1996-08-02,28.37115,30.5,79.5
1996-08-03,29.4498,30.5,79.5
1996-08-04,33.637096,30.5,79.5
1996-08-05,19.501062,30.5,79.5
1996-08-06,59.08359,30.5,79.5
1996-08-07,27.272211,30.5,79.5
1996-08-08,13.943578,30.5,79.5
1996-08-09,22.947567,30.5,79.5
1996-08-10,15.960581,30.5,79.5
1996-08-11,1.3043042,30.5,79.5
1996-08-12,64.6869,30.5,79.5
1996-08-13,37.671894,30.5,79.5
1996-08-14,29.96887,30.5,79.5
1996-08-15,50.430435,30.5,79.5
1996-08-16,27.934772,30.5,79.5
1996-08-17,20.943804,30.5,79.5
1996-08-18,51.626278,30.5,79.5
1996-08-19,42.011955,30.5,79.5
1996-08-20,20.987371,30.5,79.5
1996-08-21,24.13958,30.5,79.5
1996-08-22,27.2388,30.5,79.5
1996-08-23,0.029016815,30.5,79.5
1996-08-24,0.35338446,30.5,79.5
1996-08-25,1.1726195,30.5,79.5
1996-08-26,1.0731691,30.5,79.5
1996-08-27,2.822681,30.5,79.5
1996-08-28,50.924316,30.5,79.5
1996-08-29,25.367731,30.5,79.5
1996-08-30,17.243639,30.5,79.5
1996-08-31,36.359226,30.5,79.5
1996-09-01,32.32951,30.5,79.5
1996-09-02,19.915943,30.5,79.5
1996-09-03,17.136072,30.5,79.5
1996-09-04,19.09883,30.5,79.5
1996-09-05,32.333427,30.5,79.5
1996-09-06,3.9465067,30.5,79.5
1996-09-07,10.258191,30.5,79.5
1996-09-08,10.696641,30.5,79.5
1996-09-09,30.76032,30.5,79.5
1996-09-10,5.270501,30.5,79.5
1996-09-11,3.0394356,30.5,79.5
1996-09-12,0.0,30.5,79.5
1996-09-13,0.0056659146,30.5,79.5
1996-09-14,12.0116005,30.5,79.5
1996-09-15,11.175481,30.5,79.5
1996-09-16,7.4854474,30.5,79.5
1996-09-17,13.2438755,30.5,79.5
1996-09-18,1.4989117,30.5,79.5
1996-09-19,0.0,30.5,79.5
1996-09-20,0.0,30.5,79.5
1996-09-21,0.0,30.5,79.5
1996-09-22,0.0,30.5,79.5
1996-09-23,0.0,30.5,79.5
1996-09-24,0.0,30.5,79.5
1996-09-25,0.0,30.5,79.5
1996-09-26,0.0,30.5,79.5
1996-09-27,0.0,30.5,79.5
1996-09-28,6.0949774,30.5,79.5
1996-09-29,0.0,30.5,79.5
1996-09-30,0.09061981,30.5,79.5
1996-10-01,0.0,30.5,79.5
1996-10-02,0.0,30.5,79.5
1996-10-03,0.31014937,30.5,79.5
1996-10-04,5.4475713,30.5,79.5
1996-10-05,20.055182,30.5,79.5
1996-10-06,0.0,30.5,79.5
1996-10-07,3.5632396,30.5,79.5
1996-10-08,3.306103,30.5,79.5
1996-10-09,0.0,30.5,79.5
1996-10-10,0.0,30.5,79.5
1996-10-11,0.0,30.5,79.5
1996-10-12,0.0,30.5,79.5
1996-10-13,0.0,30.5,79.5
1996-10-14,0.0,30.5,79.5
1996-10-15,0.0,30.5,79.5
1996-10-16,0.0,30.5,79.5
1996-10-17,0.0,30.5,79.5
1996-10-18,0.0,30.5,79.5
1996-10-19,0.0,30.5,79.5
1996-10-20,0.46281052,30.5,79.5
1996-10-21,0.0,30.5,79.5
1996-10-22,0.0,30.5,79.5
1996-10-23,0.0,30.5,79.5
1996-10-24,0.0,30.5,79.5
1996-10-25,0.0,30.5,79.5
1996-10-26,0.0,30.5,79.5
1996-10-27,0.0096647,30.5,79.5
1996-10-28,0.32562366,30.5,79.5
1996-10-29,0.0,30.5,79.5
1996-10-30,0.0,30.5,79.5
1996-10-31,0.0,30.5,79.5
1996-11-01,1.0923163,30.5,79.5
1996-11-02,1.6637352,30.5,79.5
1996-11-03,1.023088,30.5,79.5
1996-11-04,0.97447026,30.5,79.5
1996-11-05,0.7551252,30.5,79.5
1996-11-06,0.81110775,30.5,79.5
1996-11-07,0.56863254,30.5,79.5
1996-11-08,2.3664153,30.5,79.5
1996-11-09,1.7379091,30.5,79.5
1996-11-10,1.5208622,30.5,79.5
1996-11-11,2.376057,30.5,79.5
1996-11-12,2.2487025,30.5,79.5
1996-11-13,1.1605809,30.5,79.5
1996-11-14,1.3862574,30.5,79.5
1996-11-15,1.4041253,30.5,79.5
1996-11-16,1.7639371,30.5,79.5
1996-11-17,1.8938383,30.5,79.5
1996-11-18,1.3189261,30.5,79.5
1996-11-19,1.0627087,30.5,79.5
1996-11-20,1.352667,30.5,79.5
1996-11-21,1.4917709,30.5,79.5
1996-11-22,1.8714767,30.5,79.5
1996-11-23,1.9376488,30.5,79.5
1996-11-24,2.2139425,30.5,79.5
1996-11-25,1.8048224,30.5,79.5
1996-11-26,1.3491813,30.5,79.5
1996-11-27,1.8729013,30.5,79.5
1996-11-28,1.4305594,30.5,79.5
1996-11-29,1.5208073,30.5,79.5
1996-11-30,1.387197,30.5,79.5
1996-12-01,0.0,30.5,79.5
1996-12-02,0.0,30.5,79.5
1996-12-03,0.0,30.5,79.5
1996-12-04,0.0,30.5,79.5
1996-12-05,0.0,30.5,79.5
1996-12-06,0.0,30.5,79.5
1996-12-07,0.0,30.5,79.5
1996-12-08,0.0,30.5,79.5
1996-12-09,0.0,30.5,79.5
1996-12-10,0.0,30.5,79.5
1996-12-11,0.0,30.5,79.5
1996-12-12,0.0,30.5,79.5
1996-12-13,0.0,30.5,79.5
1996-12-14,0.0,30.5,79.5
1996-12-15,0.0,30.5,79.5
1996-12-16,0.0,30.5,79.5
1996-12-17,0.0,30.5,79.5
1996-12-18,0.0,30.5,79.5
1996-12-19,0.0,30.5,79.5
1996-12-20,0.0,30.5,79.5
1996-12-21,0.0,30.5,79.5
1996-12-22,0.0,30.5,79.5
1996-12-23,0.0,30.5,79.5
1996-12-24,0.0,30.5,79.5
1996-12-25,0.0,30.5,79.5
1996-12-26,0.0,30.5,79.5
1996-12-27,0.0,30.5,79.5
1996-12-28,0.0,30.5,79.5
1996-12-29,0.0,30.5,79.5
1996-12-30,0.0,30.5,79.5
1996-12-31,0.0,30.5,79.5
1997-01-01,0.0,30.5,79.5
1997-01-02,0.0,30.5,79.5
1997-01-03,0.0,30.5,79.5
1997-01-04,0.0,30.5,79.5
1997-01-05,0.0,30.5,79.5
1997-01-06,0.0,30.5,79.5
1997-01-07,0.0,30.5,79.5
1997-01-08,0.0,30.5,79.5
1997-01-09,0.0,30.5,79.5
1997-01-10,0.0,30.5,79.5
1997-01-11,0.0,30.5,79.5
1997-01-12,0.0,30.5,79.5
1997-01-13,0.0,30.5,79.5
1997-01-14,0.0,30.5,79.5
1997-01-15,0.0,30.5,79.5
1997-01-16,0.0,30.5,79.5
1997-01-17,0.0,30.5,79.5
1997-01-18,0.0,30.5,79.5
1997-01-19,3.8041418,30.5,79.5
1997-01-20,30.615034,30.5,79.5
1997-01-21,19.124752,30.5,79.5
1997-01-22,0.0,30.5,79.5
1997-01-23,0.0,30.5,79.5
1997-01-24,0.0,30.5,79.5
1997-01-25,0.0,30.5,79.5
1997-01-26,0.0,30.5,79.5
1997-01-27,0.0,30.5,79.5
1997-01-28,0.0,30.5,79.5
1997-01-29,0.0,30.5,79.5
1997-01-30,0.0,30.5,79.5
1997-01-31,0.0,30.5,79.5
1997-02-01,0.0,30.5,79.5
1997-02-02,0.0,30.5,79.5
1997-02-03,3.6708186,30.5,79.5
1997-02-04,0.0,30.5,79.5
1997-02-05,2.2606456,30.5,79.5
1997-02-06,0.0,30.5,79.5
1997-02-07,2.4676012e-05,30.5,79.5
1997-02-08,0.02226482,30.5,79.5
1997-02-09,0.14349723,30.5,79.5
1997-02-10,2.342213,30.5,79.5
1997-02-11,4.672061,30.5,79.5
1997-02-12,1.4661762,30.5,79.5
1997-02-13,0.8984062,30.5,79.5
1997-02-14,1.2180023,30.5,79.5
1997-02-15,0.0,30.5,79.5
1997-02-16,0.0025139658,30.5,79.5
1997-02-17,0.0,30.5,79.5
1997-02-18,0.07688609,30.5,79.5
1997-02-19,0.0,30.5,79.5
1997-02-20,0.0011144003,30.5,79.5
1997-02-21,1.967922,30.5,79.5
1997-02-22,2.3156009,30.5,79.5
1997-02-23,9.603627,30.5,79.5
1997-02-24,0.69372815,30.5,79.5
1997-02-25,1.2036126,30.5,79.5
1997-02-26,1.0510617,30.5,79.5
1997-02-27,6.679695,30.5,79.5
1997-02-28,2.1797698,30.5,79.5
1997-03-01,0.0,30.5,79.5
1997-03-02,0.0,30.5,79.5
1997-03-03,0.0,30.5,79.5
1997-03-04,0.0,30.5,79.5
1997-03-05,0.0,30.5,79.5
1997-03-06,0.0,30.5,79.5
1997-03-07,0.0,30.5,79.5
1997-03-08,0.0,30.5,79.5
1997-03-09,0.0,30.5,79.5
1997-03-10,0.0,30.5,79.5
1997-03-11,0.0,30.5,79.5
1997-03-12,0.0,30.5,79.5
1997-03-13,0.0,30.5,79.5
1997-03-14,1.2253797,30.5,79.5
1997-03-15,5.2883143,30.5,79.5
1997-03-16,14.15476,30.5,79.5
1997-03-17,0.727606,30.5,79.5
1997-03-18,0.42774132,30.5,79.5
1997-03-19,1.915073,30.5,79.5
1997-03-20,0.0,30.5,79.5
1997-03-21,0.8428486,30.5,79.5
1997-03-22,3.1239738,30.5,79.5
1997-03-23,0.76412284,30.5,79.5
1997-03-24,0.0,30.5,79.5
1997-03-25,0.0,30.5,79.5
1997-03-26,0.0,30.5,79.5
1997-03-27,0.0,30.5,79.5
1997-03-28,0.0,30.5,79.5
1997-03-29,12.970736,30.5,79.5
1997-03-30,9.842528,30.5,79.5
1997-03-31,0.0,30.5,79.5
1997-04-01,4.0139422,30.5,79.5
1997-04-02,5.459518,30.5,79.5
1997-04-03,6.1699843,30.5,79.5
1997-04-04,16.981936,30.5,79.5
1997-04-05,16.763546,30.5,79.5
1997-04-06,1.6391847,30.5,79.5
1997-04-07,0.0,30.5,79.5
1997-04-08,0.0,30.5,79.5
1997-04-09,7.2681,30.5,79.5
1997-04-10,14.873415,30.5,79.5
1997-04-11,0.0,30.5,79.5
1997-04-12,1.7629231,30.5,79.5
1997-04-13,7.4855313,30.5,79.5
1997-04-14,0.105553664,30.5,79.5
1997-04-15,6.7256937,30.5,79.5
1997-04-16,26.11501,30.5,79.5
1997-04-17,5.70436,30.5,79.5
1997-04-18,0.0,30.5,79.5
1997-04-19,0.0,30.5,79.5
1997-04-20,0.0,30.5,79.5
1997-04-21,0.0,30.5,79.5
1997-04-22,0.0,30.5,79.5
1997-04-23,0.0,30.5,79.5
1997-04-24,0.0,30.5,79.5
1997-04-25,0.0,30.5,79.5
1997-04-26,0.0,30.5,79.5
1997-04-27,0.0,30.5,79.5
1997-04-28,0.33347064,30.5,79.5
1997-04-29,0.0,30.5,79.5
1997-04-30,0.0,30.5,79.5
1997-05-01,0.0,30.5,79.5
1997-05-02,0.0,30.5,79.5
1997-05-03,4.6905103,30.5,79.5
1997-05-04,2.4499543,30.5,79.5
1997-05-05,0.020161686,30.5,79.5
1997-05-06,0.0,30.5,79.5
1997-05-07,4.04659,30.5,79.5
1997-05-08,24.812147,30.5,79.5
1997-05-09,1.7152104,30.5,79.5
1997-05-10,0.0,30.5,79.5
1997-05-11,0.0,30.5,79.5
1997-05-12,0.0,30.5,79.5
1997-05-13,0.0,30.5,79.5
1997-05-14,0.0,30.5,79.5
1997-05-15,0.0,30.5,79.5
1997-05-16,0.0,30.5,79.5
1997-05-17,0.0,30.5,79.5
1997-05-18,0.0,30.5,79.5
1997-05-19,0.0,30.5,79.5
1997-05-20,0.0,30.5,79.5
1997-05-21,0.0,30.5,79.5
1997-05-22,0.0,30.5,79.5
1997-05-23,0.0,30.5,79.5
1997-05-24,0.0,30.5,79.5
1997-05-25,0.0,30.5,79.5
1997-05-26,0.26872578,30.5,79.5
1997-05-27,1.4067371,30.5,79.5
1997-05-28,9.225773,30.5,79.5
1997-05-29,3.5413756,30.5,79.5
1997-05-30,1.8377223,30.5,79.5
1997-05-31,8.866217,30.5,79.5
1997-06-01,0.2871531,30.5,79.5
1997-06-02,3.8782532,30.5,79.5
1997-06-03,5.701457,30.5,79.5
1997-06-04,0.6007225,30.5,79.5
1997-06-05,1.8483503,30.5,79.5
1997-06-06,2.170226,30.5,79.5
1997-06-07,1.3802254,30.5,79.5
1997-06-08,3.113878,30.5,79.5
1997-06-09,0.4664633,30.5,79.5
1997-06-10,0.3264786,30.5,79.5
1997-06-11,0.5009808,30.5,79.5
1997-06-12,2.0397763,30.5,79.5
1997-06-13,0.36644468,30.5,79.5
1997-06-14,0.2745201,30.5,79.5
1997-06-15,0.0,30.5,79.5
1997-06-16,0.0029192227,30.5,79.5
1997-06-17,0.14948186,30.5,79.5
1997-06-18,0.7631554,30.5,79.5
1997-06-19,2.222705,30.5,79.5
1997-06-20,16.652056,30.5,79.5
1997-06-21,1.8559086,30.5,79.5
1997-06-22,0.0,30.5,79.5
1997-06-23,18.047682,30.5,79.5
1997-06-24,0.40623873,30.5,79.5
1997-06-25,23.198702,30.5,79.5
1997-06-26,1.939324,30.5,79.5
1997-06-27,3.7216668,30.5,79.5
1997-06-28,0.0,30.5,79.5
1997-06-29,6.1998796,30.5,79.5
1997-06-30,19.121773,30.5,79.5
1997-07-01,9.752217,30.5,79.5
1997-07-02,0.78785866,30.5,79.5
1997-07-03,2.167007,30.5,79.5
1997-07-04,10.467178,30.5,79.5
1997-07-05,24.594084,30.5,79.5
1997-07-06,50.01078,30.5,79.5
1997-07-07,0.8117612,30.5,79.5
1997-07-08,43.91953,30.5,79.5
1997-07-09,30.06496,30.5,79.5
1997-07-10,21.42515,30.5,79.5
1997-07-11,14.381847,30.5,79.5
1997-07-12,37.265007,30.5,79.5
1997-07-13,8.826466,30.5,79.5
1997-07-14,10.99794,30.5,79.5
1997-07-15,24.638678,30.5,79.5
1997-07-16,32.20086,30.5,79.5
1997-07-17,9.222274,30.5,79.5
1997-07-18,4.406283,30.5,79.5
1997-07-19,10.595392,30.5,79.5
1997-07-20,13.505566,30.5,79.5
1997-07-21,20.043364,30.5,79.5
1997-07-22,37.32287,30.5,79.5
1997-07-23,25.711065,30.5,79.5
1997-07-24,29.938362,30.5,79.5
1997-07-25,40.18803,30.5,79.5
1997-07-26,4.798973,30.5,79.5
1997-07-27,2.4352953,30.5,79.5
1997-07-28,26.624695,30.5,79.5
1997-07-29,35.933277,30.5,79.5
1997-07-30,25.336039,30.5,79.5
1997-07-31,18.204319,30.5,79.5
1997-08-01,0.0,30.5,79.5
1997-08-02,2.9671798,30.5,79.5
1997-08-03,2.2153213,30.5,79.5
1997-08-04,0.0,30.5,79.5
1997-08-05,0.022283329,30.5,79.5
1997-08-06,3.3013737,30.5,79.5
1997-08-07,0.3684865,30.5,79.5
1997-08-08,0.27957785,30.5,79.5
1997-08-09,2.4896448,30.5,79.5
1997-08-10,0.0020929023,30.5,79.5
1997-08-11,0.71301085,30.5,79.5
1997-08-12,4.8348665,30.5,79.5
1997-08-13,2.0903056,30.5,79.5
1997-08-14,2.6433218,30.5,79.5
1997-08-15,0.03456066,30.5,79.5
1997-08-16,0.0,30.5,79.5
1997-08-17,0.0,30.5,79.5
1997-08-18,0.036489908,30.5,79.5
1997-08-19,0.048692558,30.5,79.5
1997-08-20,0.0,30.5,79.5
1997-08-21,0.0,30.5,79.5
1997-08-22,0.0,30.5,79.5
1997-08-23,0.0,30.5,79.5
1997-08-24,0.0,30.5,79.5
1997-08-25,0.7649268,30.5,79.5
1997-08-26,0.0,30.5,79.5
1997-08-27,0.07244338,30.5,79.5
1997-08-28,2.0931728,30.5,79.5
1997-08-29,2.2199998,30.5,79.5
1997-08-30,0.0,30.5,79.5
1997-08-31,0.0,30.5,79.5
1997-09-01,0.05965499,30.5,79.5
1997-09-02,2.038711,30.5,79.5
1997-09-03,0.0,30.5,79.5
1997-09-04,0.12932266,30.5,79.5
1997-09-05,0.017455008,30.5,79.5
1997-09-06,0.45982984,30.5,79.5
1997-09-07,4.4873195,30.5,79.5
1997-09-08,2.085533,30.5,79.5
1997-09-09,0.00065705075,30.5,79.5
1997-09-10,0.22790246,30.5,79.5
1997-09-11,3.365674,30.5,79.5
1997-09-12,1.0771059,30.5,79.5
1997-09-13,0.0,30.5,79.5
1997-09-14,0.22618237,30.5,79.5
1997-09-15,0.0,30.5,79.5
1997-09-16,0.0,30.5,79.5
1997-09-17,0.30041307,30.5,79.5
1997-09-18,1.47152,30.5,79.5
1997-09-19,0.20130682,30.5,79.5
1997-09-20,0.56951356,30.5,79.5
1997-09-21,0.0,30.5,79.5
1997-09-22,1.0031769,30.5,79.5
1997-09-23,0.0,30.5,79.5
1997-09-24,0.12050419,30.5,79.5
1997-09-25,0.0,30.5,79.5
1997-09-26,0.0,30.5,79.5
1997-09-27,0.0,30.5,79.5
1997-09-28,0.0,30.5,79.5
1997-09-29,0.1796319,30.5,79.5
1997-09-30,0.0,30.5,79.5
1997-10-01,0.0,30.5,79.5
1997-10-02,0.039076153,30.5,79.5
1997-10-03,4.8083634e-06,30.5,79.5
1997-10-04,0.16056122,30.5,79.5
1997-10-05,0.0,30.5,79.5
1997-10-06,0.1213028,30.5,79.5
1997-10-07,0.03497519,30.5,79.5
1997-10-08,0.0,30.5,79.5
1997-10-09,0.2693935,30.5,79.5
1997-10-10,0.0,30.5,79.5
1997-10-11,0.047879186,30.5,79.5
1997-10-12,0.033209555,30.5,79.5
1997-10-13,0.0,30.5,79.5
1997-10-14,0.0,30.5,79.5
1997-10-15,0.046212453,30.5,79.5
1997-10-16,0.0,30.5,79.5
1997-10-17,0.0,30.5,79.5
1997-10-18,0.0,30.5,79.5
1997-10-19,0.0,30.5,79.5
1997-10-20,0.0,30.5,79.5
1997-10-21,0.0,30.5,79.5
1997-10-22,0.26113945,30.5,79.5
1997-10-23,0.0,30.5,79.5
1997-10-24,0.0,30.5,79.5
1997-10-25,0.0,30.5,79.5
1997-10-26,0.0,30.5,79.5
1997-10-27,0.0,30.5,79.5
1997-10-28,0.0,30.5,79.5
1997-10-29,0.0,30.5,79.5
1997-10-30,0.032410715,30.5,79.5
1997-10-31,0.0,30.5,79.5
1997-11-01,0.0,30.5,79.5
1997-11-02,0.0,30.5,79.5
1997-11-03,0.0,30.5,79.5
1997-11-04,0.0,30.5,79.5
1997-11-05,0.0,30.5,79.5
1997-11-06,0.0,30.5,79.5
1997-11-07,0.0,30.5,79.5
1997-11-08,0.0,30.5,79.5
1997-11-09,0.0,30.5,79.5
1997-11-10,2.012341,30.5,79.5
1997-11-11,0.0,30.5,79.5
1997-11-12,0.0,30.5,79.5
1997-11-13,0.0,30.5,79.5
1997-11-14,0.0,30.5,79.5
1997-11-15,0.0,30.5,79.5
1997-11-16,0.0,30.5,79.5
1997-11-17,0.0,30.5,79.5
1997-11-18,0.0,30.5,79.5
1997-11-19,0.016069882,30.5,79.5
1997-11-20,0.0,30.5,79.5
1997-11-21,0.0,30.5,79.5
1997-11-22,0.0,30.5,79.5
1997-11-23,0.0,30.5,79.5
1997-11-24,0.085920975,30.5,79.5
1997-11-25,0.0539857,30.5,79.5
1997-11-26,1.9785081,30.5,79.5
1997-11-27,0.0009095016,30.5,79.5
1997-11-28,0.0,30.5,79.5
1997-11-29,0.0,30.5,79.5
1997-11-30,0.0,30.5,79.5
1997-12-01,0.16448538,30.5,79.5
1997-12-02,0.0,30.5,79.5
1997-12-03,0.0,30.5,79.5
1997-12-04,0.0,30.5,79.5
1997-12-05,0.0,30.5,79.5
1997-12-06,0.0,30.5,79.5
1997-12-07,0.0,30.5,79.5
1997-12-08,0.0,30.5,79.5
1997-12-09,0.0,30.5,79.5
1997-12-10,0.0,30.5,79.5
1997-12-11,0.0,30.5,79.5
1997-12-12,0.0,30.5,79.5
1997-12-13,0.0,30.5,79.5
1997-12-14,0.0,30.5,79.5
1997-12-15,0.0,30.5,79.5
1997-12-16,0.0,30.5,79.5
1997-12-17,0.0,30.5,79.5
1997-12-18,0.0,30.5,79.5
1997-12-19,0.0,30.5,79.5
1997-12-20,0.0,30.5,79.5
1997-12-21,0.0,30.5,79.5
1997-12-22,0.0,30.5,79.5
1997-12-23,0.0,30.5,79.5
1997-12-24,0.0,30.5,79.5
1997-12-25,0.0,30.5,79.5
1997-12-26,0.0,30.5,79.5
1997-12-27,0.0,30.5,79.5
1997-12-28,0.0,30.5,79.5
1997-12-29,0.0,30.5,79.5
1997-12-30,0.038989626,30.5,79.5
1997-12-31,0.0,30.5,79.5
1998-01-01,0.0,30.5,79.5
1998-01-02,0.0,30.5,79.5
1998-01-03,0.0,30.5,79.5
1998-01-04,0.0,30.5,79.5
1998-01-05,0.0,30.5,79.5
1998-01-06,0.0,30.5,79.5
1998-01-07,0.0,30.5,79.5
1998-01-08,0.0,30.5,79.5
1998-01-09,0.0,30.5,79.5
1998-01-10,0.0,30.5,79.5
1998-01-11,0.0,30.5,79.5
1998-01-12,0.0,30.5,79.5
1998-01-13,3.2566566,30.5,79.5
1998-01-14,0.0,30.5,79.5
1998-01-15,0.0,30.5,79.5
1998-01-16,1.4081455,30.5,79.5
1998-01-17,0.0,30.5,79.5
1998-01-18,0.0,30.5,79.5
1998-01-19,0.0,30.5,79.5
1998-01-20,0.0,30.5,79.5
1998-01-21,0.0,30.5,79.5
1998-01-22,0.0,30.5,79.5
1998-01-23,0.0,30.5,79.5
1998-01-24,0.0,30.5,79.5
1998-01-25,0.0,30.5,79.5
1998-01-26,0.0,30.5,79.5
1998-01-27,0.0,30.5,79.5
1998-01-28,0.0,30.5,79.5
1998-01-29,2.4104817,30.5,79.5
1998-01-30,0.0,30.5,79.5
1998-01-31,0.0,30.5,79.5
1998-02-01,0.0,30.5,79.5
1998-02-02,0.2205331,30.5,79.5
1998-02-03,1.1202499,30.5,79.5
1998-02-04,0.0,30.5,79.5
1998-02-05,0.0,30.5,79.5
1998-02-06,0.0017861351,30.5,79.5
1998-02-07,0.0,30.5,79.5
1998-02-08,0.0,30.5,79.5
1998-02-09,0.0,30.5,79.5
1998-02-10,0.0,30.5,79.5
1998-02-11,0.0,30.5,79.5
1998-02-12,0.0,30.5,79.5
1998-02-13,0.0,30.5,79.5
1998-02-14,0.0,30.5,79.5
1998-02-15,0.0,30.5,79.5
1998-02-16,0.1878904,30.5,79.5
1998-02-17,0.0,30.5,79.5
1998-02-18,0.41119787,30.5,79.5
1998-02-19,4.962661,30.5,79.5
1998-02-20,1.2558368,30.5,79.5
1998-02-21,0.0,30.5,79.5
1998-02-22,0.0,30.5,79.5
1998-02-23,0.0,30.5,79.5
1998-02-24,31.27578,30.5,79.5
1998-02-25,61.64777,30.5,79.5
1998-02-26,20.172228,30.5,79.5
1998-02-27,0.0,30.5,79.5
1998-02-28,0.0,30.5,79.5
1998-03-01,0.0,30.5,79.5
1998-03-02,0.0,30.5,79.5
1998-03-03,0.0,30.5,79.5
1998-03-04,6.3404183,30.5,79.5
1998-03-05,27.460115,30.5,79.5
1998-03-06,42.403126,30.5,79.5
1998-03-07,0.0,30.5,79.5
1998-03-08,0.0,30.5,79.5
1998-03-09,0.0,30.5,79.5
1998-03-10,0.0,30.5,79.5
1998-03-11,0.0,30.5,79.5
1998-03-12,11.215386,30.5,79.5
1998-03-13,24.079134,30.5,79.5
1998-03-14,0.0,30.5,79.5
1998-03-15,0.0,30.5,79.5
1998-03-16,0.0,30.5,79.5
1998-03-17,0.0,30.5,79.5
1998-03-18,1.8103826,30.5,79.5
1998-03-19,0.0,30.5,79.5
1998-03-20,0.0,30.5,79.5
1998-03-21,0.0,30.5,79.5
1998-03-22,0.0,30.5,79.5
1998-03-23,4.8667455,30.5,79.5
1998-03-24,2.4535823,30.5,79.5
1998-03-25,0.0,30.5,79.5
1998-03-26,0.0,30.5,79.5
1998-03-27,0.0,30.5,79.5
1998-03-28,0.0,30.5,79.5
1998-03-29,7.009058,30.5,79.5
1998-03-30,1.8608524,30.5,79.5
1998-03-31,0.0,30.5,79.5
1998-04-01,0.0,30.5,79.5
1998-04-02,0.0,30.5,79.5
1998-04-03,4.3998723,30.5,79.5
1998-04-04,10.381911,30.5,79.5
1998-04-05,0.0,30.5,79.5
1998-04-06,0.0,30.5,79.5
1998-04-07,0.26515964,30.5,79.5
1998-04-08,2.5258653,30.5,79.5
1998-04-09,46.66767,30.5,79.5
1998-04-10,11.871714,30.5,79.5
1998-04-11,0.0,30.5,79.5
1998-04-12,0.0,30.5,79.5
1998-04-13,0.0,30.5,79.5
1998-04-14,0.0,30.5,79.5
1998-04-15,0.0,30.5,79.5
1998-04-16,0.0,30.5,79.5
1998-04-17,0.0,30.5,79.5
1998-04-18,0.0,30.5,79.5
1998-04-19,0.0,30.5,79.5
1998-04-20,0.0,30.5,79.5
1998-04-21,1.4429412,30.5,79.5
1998-04-22,0.0,30.5,79.5
1998-04-23,0.0,30.5,79.5
1998-04-24,0.0,30.5,79.5
1998-04-25,0.0,30.5,79.5
1998-04-26,11.739637,30.5,79.5
1998-04-27,27.332266,30.5,79.5
1998-04-28,0.0,30.5,79.5
1998-04-29,0.0,30.5,79.5
1998-04-30,0.0,30.5,79.5
1998-05-01,0.0,30.5,79.5
1998-05-02,2.0165172,30.5,79.5
1998-05-03,0.0,30.5,79.5
1998-05-04,0.0,30.5,79.5
1998-05-05,0.0,30.5,79.5
1998-05-06,0.0,30.5,79.5
1998-05-07,48.919266,30.5,79.5
1998-05-08,22.240608,30.5,79.5
1998-05-09,0.97587496,30.5,79.5
1998-05-10,0.3526517,30.5,79.5
1998-05-11,2.1223292,30.5,79.5
1998-05-12,0.0,30.5,79.5
1998-05-13,0.0,30.5,79.5
1998-05-14,0.07841755,30.5,79.5
1998-05-15,0.0,30.5,79.5
1998-05-16,0.0,30.5,79.5
1998-05-17,2.822888,30.5,79.5
1998-05-18,0.0,30.5,79.5
1998-05-19,0.7189379,30.5,79.5
1998-05-20,0.0,30.5,79.5
1998-05-21,0.0,30.5,79.5
1998-05-22,0.0,30.5,79.5
1998-05-23,0.0,30.5,79.5
1998-05-24,0.0,30.5,79.5
1998-05-25,0.0,30.5,79.5
1998-05-26,0.0,30.5,79.5
1998-05-27,0.32856405,30.5,79.5
1998-05-28,0.0,30.5,79.5
1998-05-29,0.0,30.5,79.5
1998-05-30,0.0,30.5,79.5
1998-05-31,0.0,30.5,79.5
1998-06-01,0.0,30.5,79.5
1998-06-02,0.0,30.5,79.5
1998-06-03,0.0,30.5,79.5
1998-06-04,0.0,30.5,79.5
1998-06-05,2.1063452,30.5,79.5
1998-06-06,0.0,30.5,79.5
1998-06-07,0.0,30.5,79.5
1998-06-08,0.0,30.5,79.5
1998-06-09,0.0,30.5,79.5
1998-06-10,0.6689915,30.5,79.5
1998-06-11,23.154716,30.5,79.5
1998-06-12,28.844572,30.5,79.5
1998-06-13,5.494321,30.5,79.5
1998-06-14,0.0,30.5,79.5
1998-06-15,0.0,30.5,79.5
1998-06-16,16.684053,30.5,79.5
1998-06-17,24.883919,30.5,79.5
1998-06-18,4.8901067,30.5,79.5
1998-06-19,0.0,30.5,79.5
1998-06-20,0.0,30.5,79.5
1998-06-21,0.13791782,30.5,79.5
1998-06-22,3.6052668,30.5,79.5
1998-06-23,0.0,30.5,79.5
1998-06-24,0.0,30.5,79.5
1998-06-25,0.0,30.5,79.5
1998-06-26,2.1476796,30.5,79.5
1998-06-27,24.889885,30.5,79.5
1998-06-28,28.149128,30.5,79.5
1998-06-29,17.348429,30.5,79.5
1998-06-30,1.4243523,30.5,79.5
1998-07-01,0.6371376,30.5,79.5
1998-07-02,1.2475381,30.5,79.5
1998-07-03,5.4412303,30.5,79.5
1998-07-04,3.0771627,30.5,79.5
1998-07-05,4.540971,30.5,79.5
1998-07-06,1.6773496,30.5,79.5
1998-07-07,19.042719,30.5,79.5
1998-07-08,0.20267572,30.5,79.5
1998-07-09,4.01713,30.5,79.5
1998-07-10,3.550741,30.5,79.5
1998-07-11,0.4189862,30.5,79.5
1998-07-12,1.2013133,30.5,79.5
1998-07-13,2.968514,30.5,79.5
1998-07-14,0.07561187,30.5,79.5
1998-07-15,5.494322,30.5,79.5
1998-07-16,0.08484812,30.5,79.5
1998-07-17,5.34732,30.5,79.5
1998-07-18,2.2147596,30.5,79.5
1998-07-19,6.4179463,30.5,79.5
1998-07-20,6.2224226,30.5,79.5
1998-07-21,3.6745086,30.5,79.5
1998-07-22,3.9923089,30.5,79.5
1998-07-23,0.17311281,30.5,79.5
1998-07-24,1.5916927,30.5,79.5
1998-07-25,2.1785061,30.5,79.5
1998-07-26,0.12200069,30.5,79.5
1998-07-27,0.0,30.5,79.5
1998-07-28,0.0,30.5,79.5
1998-07-29,2.0201585,30.5,79.5
1998-07-30,7.4377017,30.5,79.5
1998-07-31,4.260298,30.5,79.5
1998-08-01,0.0025007764,30.5,79.5
1998-08-02,0.49492377,30.5,79.5
1998-08-03,0.0,30.5,79.5
1998-08-04,0.14504358,30.5,79.5
1998-08-05,0.74751604,30.5,79.5
1998-08-06,0.2741742,30.5,79.5
1998-08-07,0.0,30.5,79.5
1998-08-08,0.8665169,30.5,79.5
1998-08-09,0.36496624,30.5,79.5
1998-08-10,1.6502358,30.5,79.5
1998-08-11,1.2482051,30.5,79.5
1998-08-12,2.0811632,30.5,79.5
1998-08-13,0.11475334,30.5,79.5
1998-08-14,4.395053,30.5,79.5
1998-08-15,3.3972287,30.5,79.5
1998-08-16,0.96842295,30.5,79.5
1998-08-17,3.1921422,30.5,79.5
1998-08-18,0.0,30.5,79.5
1998-08-19,2.8164907,30.5,79.5
1998-08-20,0.047541924,30.5,79.5
1998-08-21,0.0017402946,30.5,79.5
1998-08-22,0.13964759,30.5,79.5
1998-08-23,1.3350054,30.5,79.5
1998-08-24,0.026831418,30.5,79.5
1998-08-25,0.17930609,30.5,79.5
1998-08-26,2.377886,30.5,79.5
1998-08-27,0.024265869,30.5,79.5
1998-08-28,0.22825734,30.5,79.5
1998-08-29,6.181128,30.5,79.5
1998-08-30,0.0,30.5,79.5
1998-08-31,0.0,30.5,79.5
1998-09-01,2.5100272,30.5,79.5
1998-09-02,0.2603385,30.5,79.5
1998-09-03,2.9963124,30.5,79.5
1998-09-04,0.0,30.5,79.5
1998-09-05,0.0,30.5,79.5
1998-09-06,0.0,30.5,79.5
1998-09-07,1.4948952,30.5,79.5
1998-09-08,4.458213,30.5,79.5
1998-09-09,4.218885,30.5,79.5
1998-09-10,7.3699417,30.5,79.5
1998-09-11,3.1801581,30.5,79.5
1998-09-12,7.665263,30.5,79.5
1998-09-13,4.5285397,30.5,79.5
1998-09-14,6.1552463,30.5,79.5
1998-09-15,5.3757296,30.5,79.5
1998-09-16,2.629369,30.5,79.5
1998-09-17,0.0,30.5,79.5
1998-09-18,0.0,30.5,79.5
1998-09-19,0.12483175,30.5,79.5
1998-09-20,2.8176003,30.5,79.5
1998-09-21,4.5456676,30.5,79.5
1998-09-22,6.9672227,30.5,79.5
1998-09-23,7.706321,30.5,79.5
1998-09-24,6.8874493,30.5,79.5
1998-09-25,4.1629615,30.5,79.5
1998-09-26,0.0,30.5,79.5
1998-09-27,0.07538135,30.5,79.5
1998-09-28,0.0,30.5,79.5
1998-09-29,0.599713,30.5,79.5
1998-09-30,0.45707187,30.5,79.5
1998-10-01,2.1297987,30.5,79.5
1998-10-02,7.5411315,30.5,79.5
1998-10-03,0.0,30.5,79.5
1998-10-04,0.0,30.5,79.5
1998-10-05,0.0,30.5,79.5
1998-10-06,0.0,30.5,79.5
1998-10-07,0.0,30.5,79.5
1998-10-08,0.0,30.5,79.5
1998-10-09,0.0,30.5,79.5
1998-10-10,0.0,30.5,79.5
1998-10-11,0.0,30.5,79.5
1998-10-12,0.0,30.5,79.5
1998-10-13,0.0,30.5,79.5
1998-10-14,0.0,30.5,79.5
1998-10-15,0.0,30.5,79.5
1998-10-16,8.106778,30.5,79.5
1998-10-17,12.815743,30.5,79.5
1998-10-18,23.116686,30.5,79.5
1998-10-19,0.0,30.5,79.5
1998-10-20,0.0,30.5,79.5
1998-10-21,0.0,30.5,79.5
1998-10-22,0.0,30.5,79.5
1998-10-23,0.0,30.5,79.5
1998-10-24,0.0,30.5,79.5
1998-10-25,0.0,30.5,79.5
1998-10-26,0.0,30.5,79.5
1998-10-27,0.0,30.5,79.5
1998-10-28,0.0,30.5,79.5
1998-10-29,0.0,30.5,79.5
1998-10-30,0.15621896,30.5,79.5
1998-10-31,0.0,30.5,79.5
1998-11-01,0.0,30.5,79.5
1998-11-02,0.0,30.5,79.5
1998-11-03,0.0,30.5,79.5
1998-11-04,0.0,30.5,79.5
1998-11-05,0.0,30.5,79.5
1998-11-06,0.0,30.5,79.5
1998-11-07,0.0,30.5,79.5
1998-11-08,0.0,30.5,79.5
1998-11-09,0.0,30.5,79.5
1998-11-10,0.0,30.5,79.5
1998-11-11,0.0,30.5,79.5
1998-11-12,0.0,30.5,79.5
1998-11-13,0.0,30.5,79.5
1998-11-14,0.0,30.5,79.5
1998-11-15,0.0,30.5,79.5
1998-11-16,0.0,30.5,79.5
1998-11-17,0.0,30.5,79.5
1998-11-18,0.0050446833,30.5,79.5
1998-11-19,0.093946174,30.5,79.5
1998-11-20,0.0,30.5,79.5
1998-11-21,0.0,30.5,79.5
1998-11-22,0.0,30.5,79.5
1998-11-23,0.0,30.5,79.5
1998-11-24,0.0,30.5,79.5
1998-11-25,0.0,30.5,79.5
1998-11-26,0.0,30.5,79.5
1998-11-27,0.0,30.5,79.5
1998-11-28,0.0,30.5,79.5
1998-11-29,0.0,30.5,79.5
1998-11-30,0.0,30.5,79.5
1998-12-01,0.0,30.5,79.5
1998-12-02,0.0,30.5,79.5
1998-12-03,0.0,30.5,79.5
1998-12-04,0.0,30.5,79.5
1998-12-05,0.0,30.5,79.5
1998-12-06,0.0,30.5,79.5
1998-12-07,0.0,30.5,79.5
1998-12-08,0.0,30.5,79.5
1998-12-09,0.0,30.5,79.5
1998-12-10,0.0,30.5,79.5
1998-12-11,0.0,30.5,79.5
1998-12-12,0.0,30.5,79.5
1998-12-13,0.0,30.5,79.5
1998-12-14,0.0,30.5,79.5
1998-12-15,0.0,30.5,79.5
1998-12-16,0.0,30.5,79.5
1998-12-17,0.0,30.5,79.5
1998-12-18,0.0,30.5,79.5
1998-12-19,0.0,30.5,79.5
1998-12-20,0.0,30.5,79.5
1998-12-21,0.0,30.5,79.5
1998-12-22,0.0,30.5,79.5
1998-12-23,0.0,30.5,79.5
1998-12-24,0.0,30.5,79.5
1998-12-25,0.0,30.5,79.5
1998-12-26,0.0,30.5,79.5
1998-12-27,0.0,30.5,79.5
1998-12-28,0.0,30.5,79.5
1998-12-29,0.0,30.5,79.5
1998-12-30,0.0,30.5,79.5
1998-12-31,0.0,30.5,79.5
1999-01-01,0.0,30.5,79.5
1999-01-02,0.0,30.5,79.5
1999-01-03,0.0,30.5,79.5
1999-01-04,0.0,30.5,79.5
1999-01-05,0.0,30.5,79.5
1999-01-06,0.0,30.5,79.5
1999-01-07,0.0,30.5,79.5
1999-01-08,3.007785,30.5,79.5
1999-01-09,0.0,30.5,79.5
1999-01-10,0.0,30.5,79.5
1999-01-11,0.0,30.5,79.5
1999-01-12,0.0,30.5,79.5
1999-01-13,0.0,30.5,79.5
1999-01-14,0.0,30.5,79.5
1999-01-15,0.0,30.5,79.5
1999-01-16,0.0,30.5,79.5
1999-01-17,0.0,30.5,79.5
1999-01-18,0.0,30.5,79.5
1999-01-19,0.0,30.5,79.5
1999-01-20,0.0,30.5,79.5
1999-01-21,2.772413,30.5,79.5
1999-01-22,0.8716794,30.5,79.5
1999-01-23,0.0,30.5,79.5
1999-01-24,0.0,30.5,79.5
1999-01-25,0.0,30.5,79.5
1999-01-26,0.0,30.5,79.5
1999-01-27,0.0,30.5,79.5
1999-01-28,1.3475823,30.5,79.5
1999-01-29,10.386781,30.5,79.5
1999-01-30,0.0,30.5,79.5
1999-01-31,0.0,30.5,79.5
1999-02-01,0.0,30.5,79.5
1999-02-02,0.0,30.5,79.5
1999-02-03,0.0,30.5,79.5
1999-02-04,0.0,30.5,79.5
1999-02-05,0.0,30.5,79.5
1999-02-06,0.0,30.5,79.5
1999-02-07,0.0,30.5,79.5
1999-02-08,0.0,30.5,79.5
1999-02-09,0.0,30.5,79.5
1999-02-10,0.0,30.5,79.5
1999-02-11,0.0,30.5,79.5
1999-02-12,0.0,30.5,79.5
1999-02-13,0.0,30.5,79.5
1999-02-14,0.0,30.5,79.5
1999-02-15,0.0,30.5,79.5
1999-02-16,0.0,30.5,79.5
1999-02-17,0.0,30.5,79.5
1999-02-18,0.0,30.5,79.5
1999-02-19,0.0,30.5,79.5
1999-02-20,0.0,30.5,79.5
1999-02-21,0.0,30.5,79.5
1999-02-22,0.0,30.5,79.5
1999-02-23,0.12948272,30.5,79.5
1999-02-24,2.102054,30.5,79.5
1999-02-25,2.9381113,30.5,79.5
1999-02-26,4.4296613,30.5,79.5
1999-02-27,1.0833846,30.5,79.5
1999-02-28,0.0,30.5,79.5
1999-03-01,0.0,30.5,79.5
1999-03-02,0.0,30.5,79.5
1999-03-03,0.0,30.5,79.5
1999-03-04,0.0,30.5,79.5
1999-03-05,0.0,30.5,79.5
1999-03-06,0.0,30.5,79.5
1999-03-07,0.0,30.5,79.5
1999-03-08,0.0,30.5,79.5
1999-03-09,0.0,30.5,79.5
1999-03-10,0.0,30.5,79.5
1999-03-11,0.0,30.5,79.5
1999-03-12,0.0,30.5,79.5
1999-03-13,0.0,30.5,79.5
1999-03-14,0.0,30.5,79.5
1999-03-15,0.0,30.5,79.5
1999-03-16,0.0,30.5,79.5
1999-03-17,0.0,30.5,79.5
1999-03-18,0.0,30.5,79.5
1999-03-19,0.0,30.5,79.5
1999-03-20,0.0,30.5,79.5
1999-03-21,0.0,30.5,79.5
1999-03-22,0.0,30.5,79.5
1999-03-23,0.0,30.5,79.5
1999-03-24,0.0,30.5,79.5
1999-03-25,0.0,30.5,79.5
1999-03-26,1.7329413,30.5,79.5
1999-03-27,0.0,30.5,79.5
1999-03-28,0.0,30.5,79.5
1999-03-29,0.0,30.5,79.5
1999-03-30,0.0,30.5,79.5
1999-03-31,0.0,30.5,79.5
1999-04-01,0.0,30.5,79.5
1999-04-02,0.0,30.5,79.5
1999-04-03,0.0,30.5,79.5
1999-04-04,0.0,30.5,79.5
1999-04-05,0.0,30.5,79.5
1999-04-06,0.0,30.5,79.5
1999-04-07,0.0,30.5,79.5
1999-04-08,0.02265665,30.5,79.5
1999-04-09,0.011891493,30.5,79.5
1999-04-10,0.0,30.5,79.5
1999-04-11,0.0,30.5,79.5
1999-04-12,0.0,30.5,79.5
1999-04-13,0.0,30.5,79.5
1999-04-14,0.0,30.5,79.5
1999-04-15,0.0,30.5,79.5
1999-04-16,0.0,30.5,79.5
1999-04-17,0.0,30.5,79.5
1999-04-18,0.0,30.5,79.5
1999-04-19,0.0,30.5,79.5
1999-04-20,0.0,30.5,79.5
1999-04-21,0.0,30.5,79.5
1999-04-22,0.0,30.5,79.5
1999-04-23,0.0,30.5,79.5
1999-04-24,0.0,30.5,79.5
1999-04-25,0.0,30.5,79.5
1999-04-26,0.0,30.5,79.5
1999-04-27,0.0,30.5,79.5
1999-04-28,0.0,30.5,79.5
1999-04-29,0.0,30.5,79.5
1999-04-30,0.0,30.5,79.5
1999-05-01,0.0,30.5,79.5
1999-05-02,0.021004409,30.5,79.5
1999-05-03,0.0,30.5,79.5
1999-05-04,0.105020195,30.5,79.5
1999-05-05,0.0,30.5,79.5
1999-05-06,0.0,30.5,79.5
1999-05-07,0.0,30.5,79.5
1999-05-08,0.0,30.5,79.5
1999-05-09,3.1005187,30.5,79.5
1999-05-10,0.6107074,30.5,79.5
1999-05-11,0.838481,30.5,79.5
1999-05-12,0.0,30.5,79.5
1999-05-13,8.813684,30.5,79.5
1999-05-14,4.3091717,30.5,79.5
1999-05-15,1.5848734,30.5,79.5
1999-05-16,0.0,30.5,79.5
1999-05-17,1.0962274,30.5,79.5
1999-05-18,0.4526099,30.5,79.5
1999-05-19,3.238527,30.5,79.5
1999-05-20,2.6892385,30.5,79.5
1999-05-21,3.7371118,30.5,79.5
1999-05-22,3.365527,30.5,79.5
1999-05-23,0.0,30.5,79.5
1999-05-24,1.867954,30.5,79.5
1999-05-25,6.041163,30.5,79.5
1999-05-26,0.0,30.5,79.5
1999-05-27,0.0,30.5,79.5
1999-05-28,1.5126147,30.5,79.5
1999-05-29,0.96161544,30.5,79.5
1999-05-30,0.0,30.5,79.5
1999-05-31,1.1107862,30.5,79.5
1999-06-01,4.7273297,30.5,79.5
1999-06-02,0.50247526,30.5,79.5
1999-06-03,2.8113923,30.5,79.5
1999-06-04,3.2799,30.5,79.5
1999-06-05,0.02185565,30.5,79.5
1999-06-06,0.0,30.5,79.5
1999-06-07,0.0,30.5,79.5
1999-06-08,0.0,30.5,79.5
1999-06-09,0.26979208,30.5,79.5
1999-06-10,4.1532393,30.5,79.5
1999-06-11,7.2010417,30.5,79.5
1999-06-12,4.1127524,30.5,79.5
1999-06-13,10.197341,30.5,79.5
1999-06-14,0.0021498005,30.5,79.5
1999-06-15,0.0,30.5,79.5
1999-06-16,1.4667096,30.5,79.5
1999-06-17,12.594463,30.5,79.5
1999-06-18,18.83565,30.5,79.5
1999-06-19,24.106813,30.5,79.5
1999-06-20,2.0620742,30.5,79.5
1999-06-21,6.175841,30.5,79.5
1999-06-22,0.0,30.5,79.5
1999-06-23,0.3788245,30.5,79.5
1999-06-24,0.45500565,30.5,79.5
1999-06-25,2.7469003,30.5,79.5
1999-06-26,0.0,30.5,79.5
1999-06-27,4.3672004,30.5,79.5
1999-06-28,1.2565883,30.5,79.5
1999-06-29,42.28667,30.5,79.5
1999-06-30,36.734722,30.5,79.5
1999-07-01,3.3546834,30.5,79.5
1999-07-02,24.014017,30.5,79.5
1999-07-03,32.142776,30.5,79.5
1999-07-04,26.690907,30.5,79.5
1999-07-05,6.2425284,30.5,79.5
1999-07-06,14.491634,30.5,79.5
1999-07-07,1.6764736,30.5,79.5
1999-07-08,9.854404,30.5,79.5
1999-07-09,2.6047056,30.5,79.5
1999-07-10,2.5566313,30.5,79.5
1999-07-11,8.681916,30.5,79.5
1999-07-12,32.0767,30.5,79.5
1999-07-13,11.399994,30.5,79.5
1999-07-14,0.0,30.5,79.5
1999-07-15,2.115769,30.5,79.5
1999-07-16,38.529907,30.5,79.5
1999-07-17,23.338,30.5,79.5
1999-07-18,36.1506,30.5,79.5
1999-07-19,11.108085,30.5,79.5
1999-07-20,36.123337,30.5,79.5
1999-07-21,6.768143,30.5,79.5
1999-07-22,26.1168,30.5,79.5
1999-07-23,10.101211,30.5,79.5
1999-07-24,27.592297,30.5,79.5
1999-07-25,21.251192,30.5,79.5
1999-07-26,9.4388075,30.5,79.5
1999-07-27,10.842407,30.5,79.5
1999-07-28,23.865038,30.5,79.5
1999-07-29,21.90284,30.5,79.5
1999-07-30,22.691748,30.5,79.5
1999-07-31,17.44602,30.5,79.5
1999-08-01,6.9436746,30.5,79.5
1999-08-02,0.03932561,30.5,79.5
1999-08-03,30.835161,30.5,79.5
1999-08-04,1.6736238,30.5,79.5
1999-08-05,55.602016,30.5,79.5
1999-08-06,69.57893,30.5,79.5
1999-08-07,18.82257,30.5,79.5
1999-08-08,3.6740258,30.5,79.5
1999-08-09,6.973319,30.5,79.5
1999-08-10,22.422583,30.5,79.5
1999-08-11,31.502394,30.5,79.5
1999-08-12,17.064608,30.5,79.5
1999-08-13,17.046984,30.5,79.5
1999-08-14,6.665559,30.5,79.5
1999-08-15,0.0,30.5,79.5
1999-08-16,0.00034748195,30.5,79.5
1999-08-17,0.008925883,30.5,79.5
1999-08-18,2.6847837,30.5,79.5
1999-08-19,35.05806,30.5,79.5
1999-08-20,3.9613636,30.5,79.5
1999-08-21,2.598239,30.5,79.5
1999-08-22,9.070459,30.5,79.5
1999-08-23,25.644417,30.5,79.5
1999-08-24,1.7060993,30.5,79.5
1999-08-25,11.270634,30.5,79.5
1999-08-26,11.956816,30.5,79.5
1999-08-27,0.63993555,30.5,79.5
1999-08-28,0.44309238,30.5,79.5
1999-08-29,0.0,30.5,79.5
1999-08-30,0.0,30.5,79.5
1999-08-31,0.5078027,30.5,79.5
1999-09-01,0.0,30.5,79.5
1999-09-02,6.510671,30.5,79.5
1999-09-03,4.720807,30.5,79.5
1999-09-04,3.5646818,30.5,79.5
1999-09-05,26.140928,30.5,79.5
1999-09-06,35.482048,30.5,79.5
1999-09-07,21.67491,30.5,79.5
1999-09-08,0.050133068,30.5,79.5
1999-09-09,9.522088,30.5,79.5
1999-09-10,11.608072,30.5,79.5
1999-09-11,7.534426,30.5,79.5
1999-09-12,6.237938,30.5,79.5
1999-09-13,13.572671,30.5,79.5
1999-09-14,0.723902,30.5,79.5
1999-09-15,2.3612802,30.5,79.5
1999-09-16,7.721582,30.5,79.5
1999-09-17,3.8400276,30.5,79.5
1999-09-18,0.0,30.5,79.5
1999-09-19,33.085476,30.5,79.5
1999-09-20,1.4339806,30.5,79.5
1999-09-21,0.0,30.5,79.5
1999-09-22,5.0650735,30.5,79.5
1999-09-23,3.3926628,30.5,79.5
1999-09-24,1.991088,30.5,79.5
1999-09-25,0.63993365,30.5,79.5
1999-09-26,0.0,30.5,79.5
1999-09-27,0.38232458,30.5,79.5
1999-09-28,0.03094901,30.5,79.5
1999-09-29,1.3713347,30.5,79.5
1999-09-30,3.8287752,30.5,79.5
1999-10-01,2.2138758,30.5,79.5
1999-10-02,0.05200342,30.5,79.5
1999-10-03,0.0,30.5,79.5
1999-10-04,3.8733146,30.5,79.5
1999-10-05,0.0,30.5,79.5
1999-10-06,6.557275,30.5,79.5
1999-10-07,1.3815229,30.5,79.5
1999-10-08,0.0,30.5,79.5
1999-10-09,0.0,30.5,79.5
1999-10-10,0.0,30.5,79.5
1999-10-11,0.0,30.5,79.5
1999-10-12,0.0,30.5,79.5
1999-10-13,0.0,30.5,79.5
1999-10-14,0.0,30.5,79.5
1999-10-15,0.0,30.5,79.5
1999-10-16,0.0,30.5,79.5
1999-10-17,0.0,30.5,79.5
1999-10-18,0.27360666,30.5,79.5
1999-10-19,0.0,30.5,79.5
1999-10-20,0.3100549,30.5,79.5
1999-10-21,0.0,30.5,79.5
1999-10-22,0.085423626,30.5,79.5
1999-10-23,0.0,30.5,79.5
1999-10-24,0.8655709,30.5,79.5
1999-10-25,0.0,30.5,79.5
1999-10-26,0.0,30.5,79.5
1999-10-27,0.0,30.5,79.5
1999-10-28,0.8113664,30.5,79.5
1999-10-29,0.0,30.5,79.5
1999-10-30,0.6800581,30.5,79.5
1999-10-31,0.0,30.5,79.5
1999-11-01,0.0,30.5,79.5
1999-11-02,0.0,30.5,79.5
1999-11-03,0.0,30.5,79.5
1999-11-04,0.0,30.5,79.5
1999-11-05,0.0,30.5,79.5
1999-11-06,0.0,30.5,79.5
1999-11-07,0.0,30.5,79.5
1999-11-08,0.0,30.5,79.5
1999-11-09,0.0,30.5,79.5
1999-11-10,0.0,30.5,79.5
1999-11-11,0.0,30.5,79.5
1999-11-12,0.0,30.5,79.5
1999-11-13,0.0,30.5,79.5
1999-11-14,0.0,30.5,79.5
1999-11-15,0.0,30.5,79.5
1999-11-16,0.0,30.5,79.5
1999-11-17,0.0,30.5,79.5
1999-11-18,0.0,30.5,79.5
1999-11-19,0.0,30.5,79.5
1999-11-20,0.0,30.5,79.5
1999-11-21,0.0,30.5,79.5
1999-11-22,0.0,30.5,79.5
1999-11-23,0.0,30.5,79.5
1999-11-24,0.0,30.5,79.5
1999-11-25,0.0,30.5,79.5
1999-11-26,0.0,30.5,79.5
1999-11-27,0.0,30.5,79.5
1999-11-28,0.0,30.5,79.5
1999-11-29,0.0,30.5,79.5
1999-11-30,0.0,30.5,79.5
1999-12-01,0.0,30.5,79.5
1999-12-02,0.0,30.5,79.5
1999-12-03,0.0,30.5,79.5
1999-12-04,0.0,30.5,79.5
1999-12-05,0.0,30.5,79.5
1999-12-06,0.0,30.5,79.5
1999-12-07,0.0,30.5,79.5
1999-12-08,1.0275263,30.5,79.5
1999-12-09,0.0,30.5,79.5
1999-12-10,0.0,30.5,79.5
1999-12-11,0.0,30.5,79.5
1999-12-12,0.0,30.5,79.5
1999-12-13,0.0,30.5,79.5
1999-12-14,0.0,30.5,79.5
1999-12-15,0.0,30.5,79.5
1999-12-16,0.0,30.5,79.5
1999-12-17,0.0,30.5,79.5
1999-12-18,0.0,30.5,79.5
1999-12-19,0.0,30.5,79.5
1999-12-20,0.0,30.5,79.5
1999-12-21,0.0,30.5,79.5
1999-12-22,0.0,30.5,79.5
1999-12-23,0.0,30.5,79.5
1999-12-24,0.0,30.5,79.5
1999-12-25,0.0,30.5,79.5
1999-12-26,0.0,30.5,79.5
1999-12-27,0.0,30.5,79.5
1999-12-28,0.0,30.5,79.5
1999-12-29,0.0,30.5,79.5
1999-12-30,0.0,30.5,79.5
1999-12-31,0.0,30.5,79.5
2000-01-01,0.3293828,30.5,79.5
2000-01-02,0.34915084,30.5,79.5
2000-01-03,0.2409992,30.5,79.5
2000-01-04,0.44336742,30.5,79.5
2000-01-05,0.28369045,30.5,79.5
2000-01-06,0.03621079,30.5,79.5
2000-01-07,0.4907933,30.5,79.5
2000-01-08,0.49388245,30.5,79.5
2000-01-09,0.40018946,30.5,79.5
2000-01-10,0.2922417,30.5,79.5
2000-01-11,0.87876046,30.5,79.5
2000-01-12,4.5188084,30.5,79.5
2000-01-13,18.729837,30.5,79.5
2000-01-14,10.625332,30.5,79.5
2000-01-15,0.76541984,30.5,79.5
2000-01-16,1.8353751,30.5,79.5
2000-01-17,0.40955406,30.5,79.5
2000-01-18,0.8772266,30.5,79.5
2000-01-19,0.99982715,30.5,79.5
2000-01-20,1.4478264,30.5,79.5
2000-01-21,0.80065256,30.5,79.5
2000-01-22,1.8531257,30.5,79.5
2000-01-23,2.0344377,30.5,79.5
2000-01-24,0.9879518,30.5,79.5
2000-01-25,1.9990394,30.5,79.5
2000-01-26,6.6712437,30.5,79.5
2000-01-27,2.6678376,30.5,79.5
2000-01-28,1.8008925,30.5,79.5
2000-01-29,0.20354888,30.5,79.5
2000-01-30,0.4044198,30.5,79.5
2000-01-31,0.5219451,30.5,79.5
2000-02-01,1.7753237,30.5,79.5
2000-02-02,11.77425,30.5,79.5
2000-02-03,1.0643457,30.5,79.5
2000-02-04,1.0297058,30.5,79.5
2000-02-05,10.136167,30.5,79.5
2000-02-06,10.436054,30.5,79.5
2000-02-07,1.4235114,30.5,79.5
2000-02-08,0.8199967,30.5,79.5
2000-02-09,0.683018,30.5,79.5
2000-02-10,2.0447836,30.5,79.5
2000-02-11,5.149108,30.5,79.5
2000-02-12,12.462842,30.5,79.5
2000-02-13,4.0146666,30.5,79.5
2000-02-14,0.32711437,30.5,79.5
2000-02-15,0.45604733,30.5,79.5
2000-02-16,0.32713243,30.5,79.5
2000-02-17,0.08082004,30.5,79.5
2000-02-18,0.29214922,30.5,79.5
2000-02-19,0.16356622,30.5,79.5
2000-02-20,0.19745865,30.5,79.5
2000-02-21,0.9718218,30.5,79.5
2000-02-22,0.23280169,30.5,79.5
2000-02-23,0.65426487,30.5,79.5
2000-02-24,0.30891255,30.5,79.5
2000-02-25,0.10667859,30.5,79.5
2000-02-26,0.16133004,30.5,79.5
2000-02-27,0.8851181,30.5,79.5
2000-02-28,0.12786306,30.5,79.5
2000-02-29,0.4906987,30.5,79.5
2000-03-01,1.6639739,30.5,79.5
2000-03-02,1.6182859,30.5,79.5
2000-03-03,1.214475,30.5,79.5
2000-03-04,0.0,30.5,79.5
2000-03-05,7.3795395,30.5,79.5
2000-03-06,0.6777757,30.5,79.5
2000-03-07,0.37193587,30.5,79.5
2000-03-08,1.697363,30.5,79.5
2000-03-09,0.37007812,30.5,79.5
2000-03-10,0.21735239,30.5,79.5
2000-03-11,0.4527071,30.5,79.5
2000-03-12,3.4766634,30.5,79.5
2000-03-13,14.748252,30.5,79.5
2000-03-14,0.16391331,30.5,79.5
2000-03-15,0.031055396,30.5,79.5
2000-03-16,0.47465584,30.5,79.5
2000-03-17,0.35123974,30.5,79.5
2000-03-18,2.57493,30.5,79.5
2000-03-19,4.4915395,30.5,79.5
2000-03-20,0.20009425,30.5,79.5
2000-03-21,2.55987,30.5,79.5
2000-03-22,9.02092,30.5,79.5
2000-03-23,4.1061196,30.5,79.5
2000-03-24,13.589603,30.5,79.5
2000-03-25,0.30731276,30.5,79.5
2000-03-26,0.0027576948,30.5,79.5
2000-03-27,0.25690377,30.5,79.5
2000-03-28,0.18385352,30.5,79.5
2000-03-29,0.17823945,30.5,79.5
2000-03-30,0.16288309,30.5,79.5
2000-03-31,0.22191413,30.5,79.5
2000-04-01,0.62095284,30.5,79.5
2000-04-02,0.15870366,30.5,79.5
2000-04-03,0.118697494,30.5,79.5
2000-04-04,0.2942377,30.5,79.5
2000-04-05,0.4822281,30.5,79.5
2000-04-06,0.37897453,30.5,79.5
2000-04-07,0.3338823,30.5,79.5
2000-04-08,0.605699,30.5,79.5
2000-04-09,0.16488712,30.5,79.5
2000-04-10,0.054740682,30.5,79.5
2000-04-11,0.1584346,30.5,79.5
2000-04-12,0.15999056,30.5,79.5
2000-04-13,0.53268474,30.5,79.5
2000-04-14,0.011658715,30.5,79.5
2000-04-15,3.9762938,30.5,79.5
2000-04-16,0.95315826,30.5,79.5
2000-04-17,5.4597144,30.5,79.5
2000-04-18,0.4096205,30.5,79.5
2000-04-19,1.7629654,30.5,79.5
2000-04-20,3.6654212,30.5,79.5
2000-04-21,6.386475,30.5,79.5
2000-04-22,4.0687704,30.5,79.5
2000-04-23,1.6972721,30.5,79.5
2000-04-24,2.1101203,30.5,79.5
2000-04-25,5.852008,30.5,79.5
2000-04-26,1.6523592,30.5,79.5
2000-04-27,2.0346563,30.5,79.5
2000-04-28,1.4782542,30.5,79.5
2000-04-29,1.0685941,30.5,79.5
2000-04-30,0.5962568,30.5,79.5
2000-05-01,0.0,30.5,79.5
2000-05-02,0.0010138928,30.5,79.5
2000-05-03,0.0,30.5,79.5
2000-05-04,0.0,30.5,79.5
2000-05-05,5.0994883,30.5,79.5
2000-05-06,13.469157,30.5,79.5
2000-05-07,4.5245466,30.5,79.5
2000-05-08,1.5409255,30.5,79.5
2000-05-09,0.0,30.5,79.5
2000-05-10,0.0,30.5,79.5
2000-05-11,0.0,30.5,79.5
2000-05-12,0.0,30.5,79.5
2000-05-13,0.83246815,30.5,79.5
2000-05-14,0.57971704,30.5,79.5
2000-05-15,7.263797,30.5,79.5
2000-05-16,1.9341716,30.5,79.5
2000-05-17,0.0,30.5,79.5
2000-05-18,1.4779319,30.5,79.5
2000-05-19,1.2623649,30.5,79.5
2000-05-20,0.0,30.5,79.5
2000-05-21,2.4872553,30.5,79.5
2000-05-22,4.2679343,30.5,79.5
2000-05-23,3.9918573,30.5,79.5
2000-05-24,8.581374,30.5,79.5
2000-05-25,10.9411335,30.5,79.5
2000-05-26,4.8379064,30.5,79.5
2000-05-27,0.0,30.5,79.5
2000-05-28,1.6659014,30.5,79.5
2000-05-29,0.91808987,30.5,79.5
2000-05-30,7.0412726,30.5,79.5
2000-05-31,8.596065,30.5,79.5
2000-06-01,1.4809941,30.5,79.5
2000-06-02,9.386367,30.5,79.5
2000-06-03,13.028501,30.5,79.5
2000-06-04,6.7555056,30.5,79.5
2000-06-05,0.95695513,30.5,79.5
2000-06-06,0.6947603,30.5,79.5
2000-06-07,44.760445,30.5,79.5
2000-06-08,89.25143,30.5,79.5
2000-06-09,75.09136,30.5,79.5
2000-06-10,6.3772607,30.5,79.5
2000-06-11,0.5131209,30.5,79.5
2000-06-12,0.51788795,30.5,79.5
2000-06-13,0.5750211,30.5,79.5
2000-06-14,0.30101353,30.5,79.5
2000-06-15,5.428769,30.5,79.5
2000-06-16,3.8137352,30.5,79.5
2000-06-17,4.6155653,30.5,79.5
2000-06-18,23.008123,30.5,79.5
2000-06-19,23.975004,30.5,79.5
2000-06-20,20.902546,30.5,79.5
2000-06-21,26.502634,30.5,79.5
2000-06-22,5.7675323,30.5,79.5
2000-06-23,4.4211125,30.5,79.5
2000-06-24,1.1553108,30.5,79.5
2000-06-25,4.289836,30.5,79.5
2000-06-26,6.443641,30.5,79.5
2000-06-27,18.82612,30.5,79.5
2000-06-28,26.749664,30.5,79.5
2000-06-29,16.076845,30.5,79.5
2000-06-30,21.87305,30.5,79.5
2000-07-01,2.8045092,30.5,79.5
2000-07-02,14.759471,30.5,79.5
2000-07-03,6.88482,30.5,79.5
2000-07-04,1.3409486,30.5,79.5
2000-07-05,9.7695,30.5,79.5
2000-07-06,15.29335,30.5,79.5
2000-07-07,19.072126,30.5,79.5
2000-07-08,6.953804,30.5,79.5
2000-07-09,10.283281,30.5,79.5
2000-07-10,12.382767,30.5,79.5
2000-07-11,10.484212,30.5,79.5
2000-07-12,18.765535,30.5,79.5
2000-07-13,12.973626,30.5,79.5
2000-07-14,19.731457,30.5,79.5
2000-07-15,11.09423,30.5,79.5
2000-07-16,11.436511,30.5,79.5
2000-07-17,3.2625732,30.5,79.5
2000-07-18,22.094639,30.5,79.5
2000-07-19,15.860842,30.5,79.5
2000-07-20,6.4598393,30.5,79.5
2000-07-21,7.239572,30.5,79.5
2000-07-22,19.10351,30.5,79.5
2000-07-23,4.03678,30.5,79.5
2000-07-24,10.597835,30.5,79.5
2000-07-25,14.98573,30.5,79.5
2000-07-26,3.7464976,30.5,79.5
2000-07-27,70.09948,30.5,79.5
2000-07-28,20.85025,30.5,79.5
2000-07-29,27.795372,30.5,79.5
2000-07-30,41.689713,30.5,79.5
2000-07-31,25.245321,30.5,79.5
2000-08-01,13.150535,30.5,79.5
2000-08-02,11.599216,30.5,79.5
2000-08-03,7.8207674,30.5,79.5
2000-08-04,1.6158167,30.5,79.5
2000-08-05,0.60854334,30.5,79.5
2000-08-06,2.1357715,30.5,79.5
2000-08-07,5.5008945,30.5,79.5
2000-08-08,4.683679,30.5,79.5
2000-08-09,32.639423,30.5,79.5
2000-08-10,40.118095,30.5,79.5
2000-08-11,18.855896,30.5,79.5
2000-08-12,19.601553,30.5,79.5
2000-08-13,25.989702,30.5,79.5
2000-08-14,15.02174,30.5,79.5
2000-08-15,25.347242,30.5,79.5
2000-08-16,26.065496,30.5,79.5
2000-08-17,8.008448,30.5,79.5
2000-08-18,3.505982,30.5,79.5
2000-08-19,16.007383,30.5,79.5
2000-08-20,14.64502,30.5,79.5
2000-08-21,19.856562,30.5,79.5
2000-08-22,18.013939,30.5,79.5
2000-08-23,4.9247885,30.5,79.5
2000-08-24,3.0966382,30.5,79.5
2000-08-25,12.799746,30.5,79.5
2000-08-26,13.980137,30.5,79.5
2000-08-27,10.843195,30.5,79.5
2000-08-28,10.844967,30.5,79.5
2000-08-29,14.3141985,30.5,79.5
2000-08-30,17.754688,30.5,79.5
2000-08-31,16.409443,30.5,79.5
2000-09-01,6.9312253,30.5,79.5
2000-09-02,6.7249804,30.5,79.5
2000-09-03,1.6930431,30.5,79.5
2000-09-04,0.8662787,30.5,79.5
2000-09-05,17.45655,30.5,79.5
2000-09-06,37.78317,30.5,79.5
2000-09-07,12.771688,30.5,79.5
2000-09-08,23.981422,30.5,79.5
2000-09-09,4.5632596,30.5,79.5
2000-09-10,5.75238,30.5,79.5
2000-09-11,2.1344876,30.5,79.5
2000-09-12,0.8582791,30.5,79.5
2000-09-13,1.8983868,30.5,79.5
2000-09-14,1.0015209,30.5,79.5
2000-09-15,2.147651,30.5,79.5
2000-09-16,0.01904887,30.5,79.5
2000-09-17,2.6456792,30.5,79.5
2000-09-18,5.8973308,30.5,79.5
2000-09-19,11.292912,30.5,79.5
2000-09-20,11.335055,30.5,79.5
2000-09-21,3.444808,30.5,79.5
2000-09-22,6.479042,30.5,79.5
2000-09-23,1.8048911,30.5,79.5
2000-09-24,2.1211708,30.5,79.5
2000-09-25,1.7161461,30.5,79.5
2000-09-26,1.9029403,30.5,79.5
2000-09-27,3.346528,30.5,79.5
2000-09-28,0.78242356,30.5,79.5
2000-09-29,0.5564416,30.5,79.5
2000-09-30,0.9006235,30.5,79.5
2000-10-01,0.9900474,30.5,79.5
2000-10-02,1.3230746,30.5,79.5
2000-10-03,1.0888877,30.5,79.5
2000-10-04,0.992504,30.5,79.5
2000-10-05,0.40848675,30.5,79.5
2000-10-06,1.1386173,30.5,79.5
2000-10-07,1.6360462,30.5,79.5
2000-10-08,0.96062714,30.5,79.5
2000-10-09,0.44591394,30.5,79.5
2000-10-10,1.0021957,30.5,79.5
2000-10-11,0.8804937,30.5,79.5
2000-10-12,0.7657568,30.5,79.5
2000-10-13,1.5830556,30.5,79.5
2000-10-14,0.4779276,30.5,79.5
2000-10-15,1.075248,30.5,79.5
2000-10-16,0.99394786,30.5,79.5
2000-10-17,0.7770405,30.5,79.5
2000-10-18,0.7364104,30.5,79.5
2000-10-19,0.31508735,30.5,79.5
2000-10-20,1.0821296,30.5,79.5
2000-10-21,0.452991,30.5,79.5
2000-10-22,1.236896,30.5,79.5
2000-10-23,1.2456701,30.5,79.5
2000-10-24,2.2677703,30.5,79.5
2000-10-25,1.8289907,30.5,79.5
2000-10-26,2.1925173,30.5,79.5
2000-10-27,2.4770904,30.5,79.5
2000-10-28,1.7157336,30.5,79.5
2000-10-29,1.9760988,30.5,79.5
2000-10-30,2.627403,30.5,79.5
2000-10-31,1.7524697,30.5,79.5
2000-11-01,1.3628296,30.5,79.5
2000-11-02,2.275115,30.5,79.5
2000-11-03,2.3673904,30.5,79.5
2000-11-04,2.0207636,30.5,79.5
2000-11-05,2.0774415,30.5,79.5
2000-11-06,1.7295642,30.5,79.5
2000-11-07,2.5922081,30.5,79.5
2000-11-08,2.8652353,30.5,79.5
2000-11-09,2.7551427,30.5,79.5
2000-11-10,2.177095,30.5,79.5
2000-11-11,2.9340782,30.5,79.5
2000-11-12,2.2849677,30.5,79.5
2000-11-13,4.084948,30.5,79.5
2000-11-14,5.666659,30.5,79.5
2000-11-15,2.2120023,30.5,79.5
2000-11-16,2.3205802,30.5,79.5
2000-11-17,2.6151958,30.5,79.5
2000-11-18,1.9095902,30.5,79.5
2000-11-19,2.4732013,30.5,79.5
2000-11-20,1.9635997,30.5,79.5
2000-11-21,2.5005143,30.5,79.5
2000-11-22,1.5031132,30.5,79.5
2000-11-23,1.4371725,30.5,79.5
2000-11-24,1.9885446,30.5,79.5
2000-11-25,2.2301145,30.5,79.5
2000-11-26,2.3003557,30.5,79.5
2000-11-27,3.7665985,30.5,79.5
2000-11-28,5.836846,30.5,79.5
2000-11-29,3.553371,30.5,79.5
2000-11-30,2.1928406,30.5,79.5
2000-12-01,2.9027786,30.5,79.5
2000-12-02,2.461754,30.5,79.5
2000-12-03,2.3392859,30.5,79.5
2000-12-04,2.145832,30.5,79.5
2000-12-05,2.0333266,30.5,79.5
2000-12-06,2.0368266,30.5,79.5
2000-12-07,1.6755205,30.5,79.5
2000-12-08,0.92691857,30.5,79.5
2000-12-09,0.85888106,30.5,79.5
2000-12-10,1.1003474,30.5,79.5
2000-12-11,1.2143353,30.5,79.5
2000-12-12,2.306497,30.5,79.5
2000-12-13,1.9518048,30.5,79.5
2000-12-14,1.6369622,30.5,79.5
2000-12-15,1.5726693,30.5,79.5
2000-12-16,1.3924319,30.5,79.5
2000-12-17,0.55377406,30.5,79.5
2000-12-18,1.1202112,30.5,79.5
2000-12-19,0.77482027,30.5,79.5
2000-12-20,1.8234397,30.5,79.5
2000-12-21,1.236582,30.5,79.5
2000-12-22,1.1846181,30.5,79.5
2000-12-23,1.7271756,30.5,79.5
2000-12-24,0.90368044,30.5,79.5
2000-12-25,0.8365682,30.5,79.5
2000-12-26,0.97201705,30.5,79.5
2000-12-27,1.1047623,30.5,79.5
2000-12-28,0.7590753,30.5,79.5
2000-12-29,1.1837661,30.5,79.5
2000-12-30,1.245826,30.5,79.5
2000-12-31,1.3516617,30.5,79.5
2001-01-01,3.206304,30.5,79.5
2001-01-02,8.143125,30.5,79.5
2001-01-03,1.2722533,30.5,79.5
2001-01-04,0.8350805,30.5,79.5
2001-01-05,0.8016509,30.5,79.5
2001-01-06,0.8777192,30.5,79.5
2001-01-07,2.1683385,30.5,79.5
2001-01-08,1.7988908,30.5,79.5
2001-01-09,1.4902722,30.5,79.5
2001-01-10,1.297927,30.5,79.5
2001-01-11,0.72582406,30.5,79.5
2001-01-12,1.0094885,30.5,79.5
2001-01-13,1.4579445,30.5,79.5
2001-01-14,0.94405305,30.5,79.5
2001-01-15,1.7841569,30.5,79.5
2001-01-16,1.2947729,30.5,79.5
2001-01-17,1.5360863,30.5,79.5
2001-01-18,1.610125,30.5,79.5
2001-01-19,1.1798882,30.5,79.5
2001-01-20,0.97792417,30.5,79.5
2001-01-21,1.2390717,30.5,79.5
2001-01-22,1.2536538,30.5,79.5
2001-01-23,5.9266477,30.5,79.5
2001-01-24,1.5715457,30.5,79.5
2001-01-25,1.001765,30.5,79.5
2001-01-26,1.1343033,30.5,79.5
2001-01-27,1.2510169,30.5,79.5
2001-01-28,1.1243068,30.5,79.5
2001-01-29,1.1846765,30.5,79.5
2001-01-30,0.9187819,30.5,79.5
2001-01-31,1.495541,30.5,79.5
2001-02-01,1.6706271,30.5,79.5
2001-02-02,1.1565596,30.5,79.5
2001-02-03,0.8869372,30.5,79.5
2001-02-04,0.9488037,30.5,79.5
2001-02-05,0.77812296,30.5,79.5
2001-02-06,1.1509758,30.5,79.5
2001-02-07,0.8226071,30.5,79.5
2001-02-08,1.4019529,30.5,79.5
2001-02-09,0.63266456,30.5,79.5
2001-02-10,2.3373642,30.5,79.5
2001-02-11,1.5149003,30.5,79.5
2001-02-12,1.9276693,30.5,79.5
2001-02-13,1.0356745,30.5,79.5
2001-02-14,0.8527388,30.5,79.5
2001-02-15,9.953548,30.5,79.5
2001-02-16,2.8990986,30.5,79.5
2001-02-17,2.0444238,30.5,79.5
2001-02-18,5.634171,30.5,79.5
2001-02-19,0.93035793,30.5,79.5
2001-02-20,1.4215336,30.5,79.5
2001-02-21,2.7897747,30.5,79.5
2001-02-22,1.6335394,30.5,79.5
2001-02-23,0.82885617,30.5,79.5
2001-02-24,2.1274652,30.5,79.5
2001-02-25,14.714983,30.5,79.5
2001-02-26,15.407316,30.5,79.5
2001-02-27,1.200909,30.5,79.5
2001-02-28,0.6759209,30.5,79.5
2001-03-01,0.5948359,30.5,79.5
2001-03-02,0.60240936,30.5,79.5
2001-03-03,0.3196617,30.5,79.5
2001-03-04,0.4422783,30.5,79.5
2001-03-05,0.7965997,30.5,79.5
2001-03-06,0.68919015,30.5,79.5
2001-03-07,0.8122733,30.5,79.5
2001-03-08,4.191273,30.5,79.5
2001-03-09,0.19995475,30.5,79.5
2001-03-10,0.7190702,30.5,79.5
2001-03-11,0.1685176,30.5,79.5
2001-03-12,0.39331082,30.5,79.5
2001-03-13,1.4416631,30.5,79.5
2001-03-14,3.0922475,30.5,79.5
2001-03-15,3.5743425,30.5,79.5
2001-03-16,1.279295,30.5,79.5
2001-03-17,0.42703542,30.5,79.5
2001-03-18,0.35383913,30.5,79.5
2001-03-19,0.5166601,30.5,79.5
2001-03-20,0.6569523,30.5,79.5
2001-03-21,14.485979,30.5,79.5
2001-03-22,22.797873,30.5,79.5
2001-03-23,5.2303395,30.5,79.5
2001-03-24,1.8355463,30.5,79.5
2001-03-25,0.89540863,30.5,79.5
2001-03-26,0.47528464,30.5,79.5
2001-03-27,0.8859505,30.5,79.5
2001-03-28,5.894097,30.5,79.5
2001-03-29,10.696605,30.5,79.5
2001-03-30,32.260586,30.5,79.5
2001-03-31,21.365702,30.5,79.5
2001-04-01,1.5441374,30.5,79.5
2001-04-02,0.76585615,30.5,79.5
2001-04-03,1.1871113,30.5,79.5
2001-04-04,1.8372223,30.5,79.5
2001-04-05,1.3545085,30.5,79.5
2001-04-06,1.4294358,30.5,79.5
2001-04-07,2.4116294,30.5,79.5
2001-04-08,1.1053926,30.5,79.5
2001-04-09,10.208681,30.5,79.5
2001-04-10,1.9868388,30.5,79.5
2001-04-11,2.3048675,30.5,79.5
2001-04-12,0.59905165,30.5,79.5
2001-04-13,3.6022413,30.5,79.5
2001-04-14,8.592996,30.5,79.5
2001-04-15,4.6890583,30.5,79.5
2001-04-16,12.070059,30.5,79.5
2001-04-17,7.138975,30.5,79.5
2001-04-18,21.690989,30.5,79.5
2001-04-19,4.3090014,30.5,79.5
2001-04-20,5.6985264,30.5,79.5
2001-04-21,3.7043345,30.5,79.5
2001-04-22,2.7807043,30.5,79.5
2001-04-23,2.351009,30.5,79.5
2001-04-24,0.5336983,30.5,79.5
2001-04-25,1.0422413,30.5,79.5
2001-04-26,1.3065516,30.5,79.5
2001-04-27,1.3309492,30.5,79.5
2001-04-28,0.88144886,30.5,79.5
2001-04-29,2.4658394,30.5,79.5
2001-04-30,0.91476935,30.5,79.5
2001-05-01,1.408203,30.5,79.5
2001-05-02,10.131484,30.5,79.5
2001-05-03,3.6474085,30.5,79.5
2001-05-04,7.1552305,30.5,79.5
2001-05-05,1.3330708,30.5,79.5
2001-05-06,1.8425235,30.5,79.5
2001-05-07,6.305814,30.5,79.5
2001-05-08,2.3435736,30.5,79.5
2001-05-09,1.0953351,30.5,79.5
2001-05-10,8.917522,30.5,79.5
2001-05-11,1.8065789,30.5,79.5
2001-05-12,1.2879531,30.5,79.5
2001-05-13,2.0853267,30.5,79.5
2001-05-14,6.0813,30.5,79.5
2001-05-15,11.017421,30.5,79.5
2001-05-16,8.679556,30.5,79.5
2001-05-17,4.6839366,30.5,79.5
2001-05-18,4.735375,30.5,79.5
2001-05-19,3.701522,30.5,79.5
2001-05-20,7.2794795,30.5,79.5
2001-05-21,9.6956835,30.5,79.5
2001-05-22,4.588278,30.5,79.5
2001-05-23,4.2490454,30.5,79.5
2001-05-24,1.8439801,30.5,79.5
2001-05-25,1.9487573,30.5,79.5
2001-05-26,10.780984,30.5,79.5
2001-05-27,2.792678,30.5,79.5
2001-05-28,4.01187,30.5,79.5
2001-05-29,19.628626,30.5,79.5
2001-05-30,2.9406133,30.5,79.5
2001-05-31,7.536214,30.5,79.5
2001-06-01,1.5410682,30.5,79.5
2001-06-02,9.811664,30.5,79.5
2001-06-03,10.797351,30.5,79.5
2001-06-04,14.086155,30.5,79.5
2001-06-05,1.6826284,30.5,79.5
2001-06-06,4.3245196,30.5,79.5
2001-06-07,1.5661519,30.5,79.5
2001-06-08,1.3475932,30.5,79.5
2001-06-09,2.4993832,30.5,79.5
2001-06-10,5.0401263,30.5,79.5
2001-06-11,3.369567,30.5,79.5
2001-06-12,15.700187,30.5,79.5
2001-06-13,12.586994,30.5,79.5
2001-06-14,8.616843,30.5,79.5
2001-06-15,19.1918,30.5,79.5
2001-06-16,15.225364,30.5,79.5
2001-06-17,7.6561627,30.5,79.5
2001-06-18,0.22257367,30.5,79.5
2001-06-19,8.818336,30.5,79.5
2001-06-20,6.36059,30.5,79.5
2001-06-21,1.8783926,30.5,79.5
2001-06-22,1.8964266,30.5,79.5
2001-06-23,9.637915,30.5,79.5
2001-06-24,2.3838153,30.5,79.5
2001-06-25,6.1842203,30.5,79.5
2001-06-26,12.424292,30.5,79.5
2001-06-27,16.688616,30.5,79.5
2001-06-28,9.868394,30.5,79.5
2001-06-29,1.2103225,30.5,79.5
2001-06-30,6.273364,30.5,79.5
2001-07-01,5.790623,30.5,79.5
2001-07-02,5.617396,30.5,79.5
2001-07-03,12.824153,30.5,79.5
2001-07-04,3.1597,30.5,79.5
2001-07-05,14.456561,30.5,79.5
2001-07-06,6.847433,30.5,79.5
2001-07-07,2.4364865,30.5,79.5
2001-07-08,1.948026,30.5,79.5
2001-07-09,8.583088,30.5,79.5
2001-07-10,6.4654183,30.5,79.5
2001-07-11,15.1203,30.5,79.5
2001-07-12,32.666874,30.5,79.5
2001-07-13,6.024915,30.5,79.5
2001-07-14,18.311272,30.5,79.5
2001-07-15,16.282528,30.5,79.5
2001-07-16,37.921375,30.5,79.5
2001-07-17,3.3752377,30.5,79.5
2001-07-18,5.715464,30.5,79.5
2001-07-19,18.887526,30.5,79.5
2001-07-20,20.56722,30.5,79.5
2001-07-21,14.323813,30.5,79.5
2001-07-22,22.430695,30.5,79.5
2001-07-23,35.816063,30.5,79.5
2001-07-24,11.288971,30.5,79.5
2001-07-25,18.29909,30.5,79.5
2001-07-26,11.091372,30.5,79.5
2001-07-27,16.730074,30.5,79.5
2001-07-28,25.8748,30.5,79.5
2001-07-29,9.921541,30.5,79.5
2001-07-30,9.998427,30.5,79.5
2001-07-31,7.2782116,30.5,79.5
2001-08-01,3.5682323,30.5,79.5
2001-08-02,6.0477095,30.5,79.5
2001-08-03,9.224199,30.5,79.5
2001-08-04,3.226456,30.5,79.5
2001-08-05,1.4408593,30.5,79.5
2001-08-06,7.3071384,30.5,79.5
2001-08-07,5.582338,30.5,79.5
2001-08-08,19.256208,30.5,79.5
2001-08-09,15.058784,30.5,79.5
2001-08-10,10.712595,30.5,79.5
2001-08-11,13.048101,30.5,79.5
2001-08-12,12.370086,30.5,79.5
2001-08-13,25.270864,30.5,79.5
2001-08-14,19.034111,30.5,79.5
2001-08-15,11.235586,30.5,79.5
2001-08-16,25.406353,30.5,79.5
2001-08-17,10.55125,30.5,79.5
2001-08-18,4.508361,30.5,79.5
2001-08-19,13.620795,30.5,79.5
2001-08-20,21.229742,30.5,79.5
2001-08-21,16.081135,30.5,79.5
2001-08-22,15.959234,30.5,79.5
2001-08-23,15.135529,30.5,79.5
2001-08-24,9.234945,30.5,79.5
2001-08-25,6.3902726,30.5,79.5
2001-08-26,1.5974491,30.5,79.5
2001-08-27,6.61532,30.5,79.5
2001-08-28,3.8868685,30.5,79.5
2001-08-29,17.198002,30.5,79.5
2001-08-30,14.2492895,30.5,79.5
2001-08-31,18.235136,30.5,79.5
2001-09-01,5.955134,30.5,79.5
2001-09-02,0.6920237,30.5,79.5
2001-09-03,2.8902998,30.5,79.5
2001-09-04,11.375235,30.5,79.5
2001-09-05,2.262175,30.5,79.5
2001-09-06,1.6868389,30.5,79.5
2001-09-07,0.24526869,30.5,79.5
2001-09-08,0.8579194,30.5,79.5
2001-09-09,2.5030742,30.5,79.5
2001-09-10,4.019802,30.5,79.5
2001-09-11,0.6863333,30.5,79.5
2001-09-12,3.4991012,30.5,79.5
2001-09-13,2.4526598,30.5,79.5
2001-09-14,1.6152453,30.5,79.5
2001-09-15,1.4175808,30.5,79.5
2001-09-16,2.2228558,30.5,79.5
2001-09-17,1.7977138,30.5,79.5
2001-09-18,4.4153395,30.5,79.5
2001-09-19,1.3623365,30.5,79.5
2001-09-20,0.71466476,30.5,79.5
2001-09-21,0.35286522,30.5,79.5
2001-09-22,0.64634573,30.5,79.5
2001-09-23,0.7715063,30.5,79.5
2001-09-24,2.5961366,30.5,79.5
2001-09-25,3.704581,30.5,79.5
2001-09-26,1.3767258,30.5,79.5
2001-09-27,0.7664984,30.5,79.5
2001-09-28,1.0775335,30.5,79.5
2001-09-29,0.92188793,30.5,79.5
2001-09-30,0.013779647,30.5,79.5
2001-10-01,1.29388,30.5,79.5
2001-10-02,0.7609044,30.5,79.5
2001-10-03,0.8838513,30.5,79.5
2001-10-04,1.0349747,30.5,79.5
2001-10-05,0.21373627,30.5,79.5
2001-10-06,0.9691773,30.5,79.5
2001-10-07,0.98095936,30.5,79.5
2001-10-08,0.8324096,30.5,79.5
2001-10-09,0.47101575,30.5,79.5
2001-10-10,0.7389072,30.5,79.5
2001-10-11,1.1764029,30.5,79.5
2001-10-12,0.7317762,30.5,79.5
2001-10-13,0.8173205,30.5,79.5
2001-10-14,0.7537578,30.5,79.5
2001-10-15,1.6341476,30.5,79.5
2001-10-16,0.92081034,30.5,79.5
2001-10-17,1.2835392,30.5,79.5
2001-10-18,0.4243539,30.5,79.5
2001-10-19,0.9043091,30.5,79.5
2001-10-20,0.44991574,30.5,79.5
2001-10-21,0.9583723,30.5,79.5
2001-10-22,0.8283694,30.5,79.5
2001-10-23,1.5535386,30.5,79.5
2001-10-24,1.194283,30.5,79.5
2001-10-25,0.6670932,30.5,79.5
2001-10-26,0.54312485,30.5,79.5
2001-10-27,1.1954561,30.5,79.5
2001-10-28,1.3396288,30.5,79.5
2001-10-29,3.9359725,30.5,79.5
2001-10-30,0.32203728,30.5,79.5
2001-10-31,1.097502,30.5,79.5
2001-11-01,0.20733632,30.5,79.5
2001-11-02,0.35808304,30.5,79.5
2001-11-03,0.28255036,30.5,79.5
2001-11-04,0.5205426,30.5,79.5
2001-11-05,0.6673305,30.5,79.5
2001-11-06,1.6620808,30.5,79.5
2001-11-07,1.3806249,30.5,79.5
2001-11-08,0.6018888,30.5,79.5
2001-11-09,0.42399204,30.5,79.5
2001-11-10,0.6548158,30.5,79.5
2001-11-11,0.6459224,30.5,79.5
2001-11-12,0.6244939,30.5,79.5
2001-11-13,1.0395463,30.5,79.5
2001-11-14,0.55445445,30.5,79.5
2001-11-15,0.67447704,30.5,79.5
2001-11-16,0.8541952,30.5,79.5
2001-11-17,0.334453,30.5,79.5
2001-11-18,0.4086191,30.5,79.5
2001-11-19,0.67100203,30.5,79.5
2001-11-20,0.91664547,30.5,79.5
2001-11-21,0.7154096,30.5,79.5
2001-11-22,0.067393765,30.5,79.5
2001-11-23,0.42074993,30.5,79.5
2001-11-24,0.14241467,30.5,79.5
2001-11-25,0.4642645,30.5,79.5
2001-11-26,0.15578088,30.5,79.5
2001-11-27,1.3852562,30.5,79.5
2001-11-28,0.32656842,30.5,79.5
2001-11-29,0.77834916,30.5,79.5
2001-11-30,0.60480857,30.5,79.5
2001-12-01,0.027587324,30.5,79.5
2001-12-02,0.936537,30.5,79.5
2001-12-03,0.60333276,30.5,79.5
2001-12-04,0.81439954,30.5,79.5
2001-12-05,0.99160755,30.5,79.5
2001-12-06,0.92312133,30.5,79.5
2001-12-07,0.21208194,30.5,79.5
2001-12-08,0.59648645,30.5,79.5
2001-12-09,0.6333436,30.5,79.5
2001-12-10,0.8227076,30.5,79.5
2001-12-11,2.9019067,30.5,79.5
2001-12-12,2.8768036,30.5,79.5
2001-12-13,0.7971426,30.5,79.5
2001-12-14,0.9679156,30.5,79.5
2001-12-15,1.1638795,30.5,79.5
2001-12-16,2.7997065,30.5,79.5
2001-12-17,1.0436127,30.5,79.5
2001-12-18,1.5655646,30.5,79.5
2001-12-19,1.7359436,30.5,79.5
2001-12-20,1.2731464,30.5,79.5
2001-12-21,1.3374504,30.5,79.5
2001-12-22,0.46997696,30.5,79.5
2001-12-23,0.2442503,30.5,79.5
2001-12-24,0.9337495,30.5,79.5
2001-12-25,0.47525617,30.5,79.5
2001-12-26,1.1305434,30.5,79.5
2001-12-27,0.53899366,30.5,79.5
2001-12-28,0.61722344,30.5,79.5
2001-12-29,0.5391361,30.5,79.5
2001-12-30,0.25579903,30.5,79.5
2001-12-31,1.1793102,30.5,79.5
2002-01-01,1.6971534,30.5,79.5
2002-01-02,0.79012084,30.5,79.5
2002-01-03,0.6612529,30.5,79.5
2002-01-04,0.8203592,30.5,79.5
2002-01-05,0.66979814,30.5,79.5
2002-01-06,0.26446933,30.5,79.5
2002-01-07,0.48228663,30.5,79.5
2002-01-08,0.3411494,30.5,79.5
2002-01-09,0.8008999,30.5,79.5
2002-01-10,0.7021444,30.5,79.5
2002-01-11,0.2083185,30.5,79.5
2002-01-12,0.7901609,30.5,79.5
2002-01-13,0.60798603,30.5,79.5
2002-01-14,2.8077118,30.5,79.5
2002-01-15,20.012873,30.5,79.5
2002-01-16,8.1271715,30.5,79.5
2002-01-17,0.13281624,30.5,79.5
2002-01-18,1.2232513,30.5,79.5
2002-01-19,4.988528,30.5,79.5
2002-01-20,1.7165781,30.5,79.5
2002-01-21,1.465684,30.5,79.5
2002-01-22,0.4263617,30.5,79.5
2002-01-23,0.9643242,30.5,79.5
2002-01-24,0.31523857,30.5,79.5
2002-01-25,0.099383466,30.5,79.5
2002-01-26,1.5798569,30.5,79.5
2002-01-27,1.6240523,30.5,79.5
2002-01-28,4.356222,30.5,79.5
2002-01-29,1.1118047,30.5,79.5
2002-01-30,1.0975174,30.5,79.5
2002-01-31,0.77591026,30.5,79.5
2002-02-01,0.38061944,30.5,79.5
2002-02-02,0.5310338,30.5,79.5
2002-02-03,0.59352887,30.5,79.5
2002-02-04,0.26705885,30.5,79.5
2002-02-05,0.5563339,30.5,79.5
2002-02-06,1.9740264,30.5,79.5
2002-02-07,9.906849,30.5,79.5
2002-02-08,6.462457,30.5,79.5
2002-02-09,11.597607,30.5,79.5
2002-02-10,1.3557541,30.5,79.5
2002-02-11,1.8717091,30.5,79.5
2002-02-12,11.379605,30.5,79.5
2002-02-13,0.8202042,30.5,79.5
2002-02-14,0.0455633,30.5,79.5
2002-02-15,0.46912533,30.5,79.5
2002-02-16,0.5488711,30.5,79.5
2002-02-17,0.429469,30.5,79.5
2002-02-18,1.8628819,30.5,79.5
2002-02-19,0.9846516,30.5,79.5
2002-02-20,0.40422657,30.5,79.5
2002-02-21,0.4679054,30.5,79.5
2002-02-22,0.24829563,30.5,79.5
2002-02-23,1.7314607,30.5,79.5
2002-02-24,1.80142,30.5,79.5
2002-02-25,0.008370582,30.5,79.5
2002-02-26,0.7137566,30.5,79.5
2002-02-27,0.030913915,30.5,79.5
2002-02-28,1.0661377,30.5,79.5
2002-03-01,8.56268,30.5,79.5
2002-03-02,62.62316,30.5,79.5
2002-03-03,7.7773447,30.5,79.5
2002-03-04,1.9860443,30.5,79.5
2002-03-05,0.110999756,30.5,79.5
2002-03-06,0.9017189,30.5,79.5
2002-03-07,0.52610904,30.5,79.5
2002-03-08,0.72569686,30.5,79.5
2002-03-09,1.5768619,30.5,79.5
2002-03-10,0.5221156,30.5,79.5
2002-03-11,0.18652834,30.5,79.5
2002-03-12,0.2320094,30.5,79.5
2002-03-13,0.6699337,30.5,79.5
2002-03-14,0.93981487,30.5,79.5
2002-03-15,0.48450655,30.5,79.5
2002-03-16,0.16296639,30.5,79.5
2002-03-17,0.7160174,30.5,79.5
2002-03-18,0.6317416,30.5,79.5
2002-03-19,0.34747142,30.5,79.5
2002-03-20,1.0363802,30.5,79.5
2002-03-21,2.7933264,30.5,79.5
2002-03-22,2.537902,30.5,79.5
2002-03-23,0.26912338,30.5,79.5
2002-03-24,2.6086726,30.5,79.5
2002-03-25,1.3283408,30.5,79.5
2002-03-26,3.4675677,30.5,79.5
2002-03-27,0.88853544,30.5,79.5
2002-03-28,0.9551981,30.5,79.5
2002-03-29,1.9255357,30.5,79.5
2002-03-30,1.638776,30.5,79.5
2002-03-31,0.97411025,30.5,79.5
2002-04-01,3.208625,30.5,79.5
2002-04-02,6.296158,30.5,79.5
2002-04-03,0.82811743,30.5,79.5
2002-04-04,0.7661548,30.5,79.5
2002-04-05,0.7371988,30.5,79.5
2002-04-06,0.40166062,30.5,79.5
2002-04-07,1.2379524,30.5,79.5
2002-04-08,1.1763517,30.5,79.5
2002-04-09,6.593382,30.5,79.5
2002-04-10,5.8955736,30.5,79.5
2002-04-11,4.418547,30.5,79.5
2002-04-12,0.94387907,30.5,79.5
2002-04-13,5.3443847,30.5,79.5
2002-04-14,1.0804703,30.5,79.5
2002-04-15,1.0544094,30.5,79.5
2002-04-16,1.5176946,30.5,79.5
2002-04-17,1.3982017,30.5,79.5
2002-04-18,0.98063976,30.5,79.5
2002-04-19,1.2807903,30.5,79.5
2002-04-20,1.4764884,30.5,79.5
2002-04-21,1.8670185,30.5,79.5
2002-04-22,1.6051445,30.5,79.5
2002-04-23,3.7069452,30.5,79.5
2002-04-24,2.9388716,30.5,79.5
2002-04-25,2.0923212,30.5,79.5
2002-04-26,14.584847,30.5,79.5
2002-04-27,2.1946123,30.5,79.5
2002-04-28,4.2658973,30.5,79.5
2002-04-29,6.615237,30.5,79.5
2002-04-30,5.626688,30.5,79.5
2002-05-01,1.520055,30.5,79.5
2002-05-02,5.335694,30.5,79.5
2002-05-03,2.4126525,30.5,79.5
2002-05-04,0.7058003,30.5,79.5
2002-05-05,5.19898,30.5,79.5
2002-05-06,1.7419802,30.5,79.5
2002-05-07,3.893702,30.5,79.5
2002-05-08,1.9491827,30.5,79.5
2002-05-09,0.1563346,30.5,79.5
2002-05-10,0.21625371,30.5,79.5
2002-05-11,1.0840755,30.5,79.5
2002-05-12,0.8127857,30.5,79.5
2002-05-13,1.3519561,30.5,79.5
2002-05-14,5.40903,30.5,79.5
2002-05-15,6.4712534,30.5,79.5
2002-05-16,3.742822,30.5,79.5
2002-05-17,1.514075,30.5,79.5
2002-05-18,0.28214556,30.5,79.5
2002-05-19,3.9368825,30.5,79.5
2002-05-20,4.3549066,30.5,79.5
2002-05-21,9.987041,30.5,79.5
2002-05-22,0.75990033,30.5,79.5
2002-05-23,0.3120517,30.5,79.5
2002-05-24,1.2812505,30.5,79.5
2002-05-25,1.119815,30.5,79.5
2002-05-26,10.818457,30.5,79.5
2002-05-27,0.57995963,30.5,79.5
2002-05-28,6.5752034,30.5,79.5
2002-05-29,2.478177,30.5,79.5
2002-05-30,2.4207397,30.5,79.5
2002-05-31,0.97518176,30.5,79.5
2002-06-01,0.4992674,30.5,79.5
2002-06-02,3.0680757,30.5,79.5
2002-06-03,0.47925678,30.5,79.5
2002-06-04,3.5519571,30.5,79.5
2002-06-05,2.6034286,30.5,79.5
2002-06-06,4.331473,30.5,79.5
2002-06-07,2.052486,30.5,79.5
2002-06-08,2.5783339,30.5,79.5
2002-06-09,13.977839,30.5,79.5
2002-06-10,3.345815,30.5,79.5
2002-06-11,11.568167,30.5,79.5
2002-06-12,3.710637,30.5,79.5
2002-06-13,2.4719875,30.5,79.5
2002-06-14,0.52712494,30.5,79.5
2002-06-15,1.6349291,30.5,79.5
2002-06-16,11.861356,30.5,79.5
2002-06-17,0.44797325,30.5,79.5
2002-06-18,0.91761214,30.5,79.5
2002-06-19,0.88872075,30.5,79.5
2002-06-20,2.8342972,30.5,79.5
2002-06-21,0.8408537,30.5,79.5
2002-06-22,0.08384681,30.5,79.5
2002-06-23,2.419891,30.5,79.5
2002-06-24,29.289158,30.5,79.5
2002-06-25,8.500698,30.5,79.5
2002-06-26,13.40174,30.5,79.5
2002-06-27,5.7867107,30.5,79.5
2002-06-28,5.4112115,30.5,79.5
2002-06-29,3.3329237,30.5,79.5
2002-06-30,2.447165,30.5,79.5
2002-07-01,1.495926,30.5,79.5
2002-07-02,4.246047,30.5,79.5
2002-07-03,12.644246,30.5,79.5
2002-07-04,13.022122,30.5,79.5
2002-07-05,13.492769,30.5,79.5
2002-07-06,0.96353304,30.5,79.5
2002-07-07,1.3494328,30.5,79.5
2002-07-08,0.4035657,30.5,79.5
2002-07-09,2.1097457,30.5,79.5
2002-07-10,0.70356977,30.5,79.5
2002-07-11,0.5525824,30.5,79.5
2002-07-12,4.4048486,30.5,79.5
2002-07-13,10.66222,30.5,79.5
2002-07-14,15.856498,30.5,79.5
2002-07-15,6.901861,30.5,79.5
2002-07-16,20.082346,30.5,79.5
2002-07-17,12.693493,30.5,79.5
2002-07-18,4.5630674,30.5,79.5
2002-07-19,13.467836,30.5,79.5
2002-07-20,14.620236,30.5,79.5
2002-07-21,8.548511,30.5,79.5
2002-07-22,4.4971547,30.5,79.5
2002-07-23,29.918661,30.5,79.5
2002-07-24,18.022114,30.5,79.5
2002-07-25,12.79245,30.5,79.5
2002-07-26,0.25273085,30.5,79.5
2002-07-27,3.2073305,30.5,79.5
2002-07-28,12.969478,30.5,79.5
2002-07-29,5.6748357,30.5,79.5
2002-07-30,4.2845902,30.5,79.5
2002-07-31,2.4576266,30.5,79.5
2002-08-01,0.6447474,30.5,79.5
2002-08-02,23.497593,30.5,79.5
2002-08-03,29.15867,30.5,79.5
2002-08-04,27.894228,30.5,79.5
2002-08-05,15.043014,30.5,79.5
2002-08-06,0.12326579,30.5,79.5
2002-08-07,6.147326,30.5,79.5
2002-08-08,0.5666754,30.5,79.5
2002-08-09,14.078173,30.5,79.5
2002-08-10,28.45741,30.5,79.5
2002-08-11,13.01395,30.5,79.5
2002-08-12,5.3464527,30.5,79.5
2002-08-13,23.679472,30.5,79.5
2002-08-14,9.875859,30.5,79.5
2002-08-15,8.503255,30.5,79.5
2002-08-16,2.987805,30.5,79.5
2002-08-17,6.439214,30.5,79.5
2002-08-18,1.2982764,30.5,79.5
2002-08-19,1.8289248,30.5,79.5
2002-08-20,11.400648,30.5,79.5
2002-08-21,22.84182,30.5,79.5
2002-08-22,24.767584,30.5,79.5
2002-08-23,15.321423,30.5,79.5
2002-08-24,1.5937339,30.5,79.5
2002-08-25,10.769805,30.5,79.5
2002-08-26,11.220544,30.5,79.5
2002-08-27,31.370945,30.5,79.5
2002-08-28,15.520236,30.5,79.5
2002-08-29,6.37487,30.5,79.5
2002-08-30,14.345446,30.5,79.5
2002-08-31,20.132885,30.5,79.5
2002-09-01,9.13299,30.5,79.5
2002-09-02,8.743545,30.5,79.5
2002-09-03,4.5445447,30.5,79.5
2002-09-04,0.4099049,30.5,79.5
2002-09-05,12.611104,30.5,79.5
2002-09-06,16.3071,30.5,79.5
2002-09-07,29.539776,30.5,79.5
2002-09-08,7.845532,30.5,79.5
2002-09-09,6.722918,30.5,79.5
2002-09-10,14.673051,30.5,79.5
2002-09-11,29.784351,30.5,79.5
2002-09-12,65.32123,30.5,79.5
2002-09-13,17.992136,30.5,79.5
2002-09-14,1.9196389,30.5,79.5
2002-09-15,0.10457237,30.5,79.5
2002-09-16,0.34420505,30.5,79.5
2002-09-17,1.1014847,30.5,79.5
2002-09-18,1.4402354,30.5,79.5
2002-09-19,0.39425907,30.5,79.5
2002-09-20,3.08698,30.5,79.5
2002-09-21,2.3686998,30.5,79.5
2002-09-22,0.0,30.5,79.5
2002-09-23,3.0531626,30.5,79.5
2002-09-24,1.354148,30.5,79.5
2002-09-25,0.7000551,30.5,79.5
2002-09-26,0.983548,30.5,79.5
2002-09-27,1.2968653,30.5,79.5
2002-09-28,0.5029461,30.5,79.5
2002-09-29,0.73027587,30.5,79.5
2002-09-30,0.32207355,30.5,79.5
2002-10-01,0.51151717,30.5,79.5
2002-10-02,0.23210388,30.5,79.5
2002-10-03,1.0397357,30.5,79.5
2002-10-04,1.0551342,30.5,79.5
2002-10-05,0.97351927,30.5,79.5
2002-10-06,0.23226495,30.5,79.5
2002-10-07,1.6597371,30.5,79.5
2002-10-08,10.79857,30.5,79.5
2002-10-09,1.5096147,30.5,79.5
2002-10-10,0.884734,30.5,79.5
2002-10-11,1.8497212,30.5,79.5
2002-10-12,1.4211427,30.5,79.5
2002-10-13,3.2358775,30.5,79.5
2002-10-14,1.4628695,30.5,79.5
2002-10-15,0.63498414,30.5,79.5
2002-10-16,0.63309175,30.5,79.5
2002-10-17,2.6346402,30.5,79.5
2002-10-18,2.5251505,30.5,79.5
2002-10-19,5.496996,30.5,79.5
2002-10-20,2.0027804,30.5,79.5
2002-10-21,2.457787,30.5,79.5
2002-10-22,1.476652,30.5,79.5
2002-10-23,1.5888101,30.5,79.5
2002-10-24,2.06961,30.5,79.5
2002-10-25,2.0351777,30.5,79.5
2002-10-26,2.0146966,30.5,79.5
2002-10-27,2.5405452,30.5,79.5
2002-10-28,2.6592536,30.5,79.5
2002-10-29,1.9537063,30.5,79.5
2002-10-30,2.6939063,30.5,79.5
2002-10-31,2.2894409,30.5,79.5
2002-11-01,2.5280569,30.5,79.5
2002-11-02,2.130521,30.5,79.5
2002-11-03,1.169172,30.5,79.5
2002-11-04,1.8100954,30.5,79.5
2002-11-05,1.6561481,30.5,79.5
2002-11-06,2.0671864,30.5,79.5
2002-11-07,1.9759547,30.5,79.5
2002-11-08,1.8753185,30.5,79.5
2002-11-09,2.0305073,30.5,79.5
2002-11-10,2.0506577,30.5,79.5
2002-11-11,1.3360757,30.5,79.5
2002-11-12,1.6146735,30.5,79.5
2002-11-13,5.3645086,30.5,79.5
2002-11-14,1.6397262,30.5,79.5
2002-11-15,1.8489513,30.5,79.5
2002-11-16,2.1951332,30.5,79.5
2002-11-17,1.5955676,30.5,79.5
2002-11-18,1.1489557,30.5,79.5
2002-11-19,1.562109,30.5,79.5
2002-11-20,1.4701209,30.5,79.5
2002-11-21,1.0962238,30.5,79.5
2002-11-22,0.87665737,30.5,79.5
2002-11-23,1.5705724,30.5,79.5
2002-11-24,1.5608222,30.5,79.5
2002-11-25,2.004658,30.5,79.5
2002-11-26,1.6570648,30.5,79.5
2002-11-27,1.3765585,30.5,79.5
2002-11-28,1.067245,30.5,79.5
2002-11-29,1.4071771,30.5,79.5
2002-11-30,1.9047366,30.5,79.5
2002-12-01,1.566251,30.5,79.5
2002-12-02,1.9270501,30.5,79.5
2002-12-03,1.8794428,30.5,79.5
2002-12-04,1.6999719,30.5,79.5
2002-12-05,1.3596253,30.5,79.5
2002-12-06,1.6049348,30.5,79.5
2002-12-07,1.6416049,30.5,79.5
2002-12-08,1.7313069,30.5,79.5
2002-12-09,1.0383285,30.5,79.5
2002-12-10,1.5093644,30.5,79.5
2002-12-11,2.3037112,30.5,79.5
2002-12-12,1.2634066,30.5,79.5
2002-12-13,1.6352658,30.5,79.5
2002-12-14,1.4689318,30.5,79.5
2002-12-15,0.88384336,30.5,79.5
2002-12-16,2.0005667,30.5,79.5
2002-12-17,1.6472776,30.5,79.5
2002-12-18,2.0265956,30.5,79.5
2002-12-19,1.1602881,30.5,79.5
2002-12-20,1.8164222,30.5,79.5
2002-12-21,1.8789842,30.5,79.5
2002-12-22,2.1453629,30.5,79.5
2002-12-23,1.8802127,30.5,79.5
2002-12-24,2.2937987,30.5,79.5
2002-12-25,1.6331581,30.5,79.5
2002-12-26,2.833492,30.5,79.5
2002-12-27,2.1580856,30.5,79.5
2002-12-28,1.7543194,30.5,79.5
2002-12-29,1.6551613,30.5,79.5
2002-12-30,0.76266176,30.5,79.5
2002-12-31,1.2747792,30.5,79.5
2003-01-01,5.775378,30.5,79.5
2003-01-02,1.1683947,30.5,79.5
2003-01-03,1.4812949,30.5,79.5
2003-01-04,1.6785995,30.5,79.5
2003-01-05,0.9337384,30.5,79.5
2003-01-06,1.4382287,30.5,79.5
2003-01-07,1.4343952,30.5,79.5
2003-01-08,1.7284968,30.5,79.5
2003-01-09,1.4240226,30.5,79.5
2003-01-10,1.0540915,30.5,79.5
2003-01-11,1.6636838,30.5,79.5
2003-01-12,2.6008887,30.5,79.5
2003-01-13,1.5043871,30.5,79.5
2003-01-14,2.6503294,30.5,79.5
2003-01-15,1.8014797,30.5,79.5
2003-01-16,0.6615772,30.5,79.5
2003-01-17,1.9573865,30.5,79.5
2003-01-18,1.913765,30.5,79.5
2003-01-19,1.4773948,30.5,79.5
2003-01-20,2.5133054,30.5,79.5
2003-01-21,2.339119,30.5,79.5
2003-01-22,1.9065608,30.5,79.5
2003-01-23,1.771592,30.5,79.5
2003-01-24,1.9810323,30.5,79.5
2003-01-25,1.761902,30.5,79.5
2003-01-26,2.321598,30.5,79.5
2003-01-27,1.8903817,30.5,79.5
2003-01-28,4.915847,30.5,79.5
2003-01-29,3.0753582,30.5,79.5
2003-01-30,1.7529632,30.5,79.5
2003-01-31,5.3566785,30.5,79.5
2003-02-01,9.862509,30.5,79.5
2003-02-02,3.539579,30.5,79.5
2003-02-03,0.80850446,30.5,79.5
2003-02-04,0.9965936,30.5,79.5
2003-02-05,2.0770934,30.5,79.5
2003-02-06,2.1125274,30.5,79.5
2003-02-07,1.787964,30.5,79.5
2003-02-08,3.2212036,30.5,79.5
2003-02-09,4.7904177,30.5,79.5
2003-02-10,5.3839674,30.5,79.5
2003-02-11,2.00336,30.5,79.5
2003-02-12,1.8684101,30.5,79.5
2003-02-13,3.1842337,30.5,79.5
2003-02-14,2.6783361,30.5,79.5
2003-02-15,2.6207604,30.5,79.5
2003-02-16,2.4938595,30.5,79.5
2003-02-17,6.1757727,30.5,79.5
2003-02-18,10.361008,30.5,79.5
2003-02-19,24.808992,30.5,79.5
2003-02-20,11.173581,30.5,79.5
2003-02-21,1.536654,30.5,79.5
2003-02-22,1.4475826,30.5,79.5
2003-02-23,1.3995322,30.5,79.5
2003-02-24,5.68224,30.5,79.5
2003-02-25,4.8010354,30.5,79.5
2003-02-26,2.2280777,30.5,79.5
2003-02-27,2.431468,30.5,79.5
2003-02-28,1.843591,30.5,79.5
2003-03-01,6.9962974,30.5,79.5
2003-03-02,23.65701,30.5,79.5
2003-03-03,9.419842,30.5,79.5
2003-03-04,6.603534,30.5,79.5
2003-03-05,3.1815832,30.5,79.5
2003-03-06,1.8585294,30.5,79.5
2003-03-07,2.3494911,30.5,79.5
2003-03-08,3.946051,30.5,79.5
2003-03-09,2.3229554,30.5,79.5
2003-03-10,4.1721983,30.5,79.5
2003-03-11,3.0438895,30.5,79.5
2003-03-12,1.9079376,30.5,79.5
2003-03-13,1.7834542,30.5,79.5
2003-03-14,1.6933159,30.5,79.5
2003-03-15,1.2901287,30.5,79.5
2003-03-16,2.8125052,30.5,79.5
2003-03-17,1.5911431,30.5,79.5
2003-03-18,2.6376567,30.5,79.5
2003-03-19,1.9806525,30.5,79.5
2003-03-20,0.8989046,30.5,79.5
2003-03-21,1.5767888,30.5,79.5
2003-03-22,2.224499,30.5,79.5
2003-03-23,2.2852867,30.5,79.5
2003-03-24,6.2403045,30.5,79.5
2003-03-25,5.748654,30.5,79.5
2003-03-26,5.303502,30.5,79.5
2003-03-27,4.2435274,30.5,79.5
2003-03-28,1.1634803,30.5,79.5
2003-03-29,1.3453004,30.5,79.5
2003-03-30,4.701299,30.5,79.5
2003-03-31,12.677148,30.5,79.5
2003-04-01,2.3904345,30.5,79.5
2003-04-02,1.7919648,30.5,79.5
2003-04-03,2.181512,30.5,79.5
2003-04-04,7.3867817,30.5,79.5
2003-04-05,6.3263984,30.5,79.5
2003-04-06,1.4675132,30.5,79.5
2003-04-07,1.585573,30.5,79.5
2003-04-08,1.4736336,30.5,79.5
2003-04-09,1.6873362,30.5,79.5
2003-04-10,1.8425809,30.5,79.5
2003-04-11,1.9395415,30.5,79.5
2003-04-12,1.3897377,30.5,79.5
2003-04-13,1.5775934,30.5,79.5
2003-04-14,1.5925756,30.5,79.5
2003-04-15,1.0131508,30.5,79.5
2003-04-16,3.2211225,30.5,79.5
2003-04-17,6.069547,30.5,79.5
2003-04-18,2.57249,30.5,79.5
2003-04-19,1.825765,30.5,79.5
2003-04-20,10.574065,30.5,79.5
2003-04-21,3.0407114,30.5,79.5
2003-04-22,3.3259237,30.5,79.5
2003-04-23,2.8777244,30.5,79.5
2003-04-24,2.372765,30.5,79.5
2003-04-25,2.4842303,30.5,79.5
2003-04-26,1.6294938,30.5,79.5
2003-04-27,1.5155097,30.5,79.5
2003-04-28,9.309773,30.5,79.5
2003-04-29,3.937174,30.5,79.5
2003-04-30,2.7944682,30.5,79.5
2003-05-01,7.475565,30.5,79.5
2003-05-02,4.360378,30.5,79.5
2003-05-03,7.1695337,30.5,79.5
2003-05-04,6.401298,30.5,79.5
2003-05-05,1.2090526,30.5,79.5
2003-05-06,2.1692476,30.5,79.5
2003-05-07,2.4858215,30.5,79.5
2003-05-08,1.561892,30.5,79.5
2003-05-09,1.4723374,30.5,79.5
2003-05-10,1.6586145,30.5,79.5
2003-05-11,2.0102286,30.5,79.5
2003-05-12,1.9244431,30.5,79.5
2003-05-13,5.938187,30.5,79.5
2003-05-14,1.6787821,30.5,79.5
2003-05-15,5.366689,30.5,79.5
2003-05-16,1.9971212,30.5,79.5
2003-05-17,2.520613,30.5,79.5
2003-05-18,1.8272725,30.5,79.5
2003-05-19,1.5481193,30.5,79.5
2003-05-20,1.3568529,30.5,79.5
2003-05-21,1.3937144,30.5,79.5
2003-05-22,10.73688,30.5,79.5
2003-05-23,2.9198477,30.5,79.5
2003-05-24,5.3863297,30.5,79.5
2003-05-25,3.8381865,30.5,79.5
2003-05-26,4.893412,30.5,79.5
2003-05-27,5.852693,30.5,79.5
2003-05-28,2.915439,30.5,79.5
2003-05-29,1.6480479,30.5,79.5
2003-05-30,0.81320643,30.5,79.5
2003-05-31,1.4133532,30.5,79.5
2003-06-01,1.4133834,30.5,79.5
2003-06-02,1.3917387,30.5,79.5
2003-06-03,1.0238681,30.5,79.5
2003-06-04,1.164957,30.5,79.5
2003-06-05,6.6554775,30.5,79.5
2003-06-06,3.4523644,30.5,79.5
2003-06-07,4.2292113,30.5,79.5
2003-06-08,7.929535,30.5,79.5
2003-06-09,6.480423,30.5,79.5
2003-06-10,1.2262769,30.5,79.5
2003-06-11,3.5866058,30.5,79.5
2003-06-12,0.68975073,30.5,79.5
2003-06-13,0.7129797,30.5,79.5
2003-06-14,2.339008,30.5,79.5
2003-06-15,1.7283736,30.5,79.5
2003-06-16,3.3547232,30.5,79.5
2003-06-17,1.8954352,30.5,79.5
2003-06-18,2.70608,30.5,79.5
2003-06-19,2.131288,30.5,79.5
2003-06-20,7.8865676,30.5,79.5
2003-06-21,2.5728598,30.5,79.5
2003-06-22,6.6634893,30.5,79.5
2003-06-23,4.3054557,30.5,79.5
2003-06-24,3.1640713,30.5,79.5
2003-06-25,5.9677606,30.5,79.5
2003-06-26,2.442887,30.5,79.5
2003-06-27,15.714951,30.5,79.5
2003-06-28,6.4143476,30.5,79.5
2003-06-29,6.672569,30.5,79.5
2003-06-30,7.8394523,30.5,79.5
2003-07-01,2.0675883,30.5,79.5
2003-07-02,6.6091003,30.5,79.5
2003-07-03,11.805399,30.5,79.5
2003-07-04,3.4509428,30.5,79.5
2003-07-05,25.675615,30.5,79.5
2003-07-06,6.0883493,30.5,79.5
2003-07-07,5.2275267,30.5,79.5
2003-07-08,12.907671,30.5,79.5
2003-07-09,14.936732,30.5,79.5
2003-07-10,6.5565104,30.5,79.5
2003-07-11,8.286982,30.5,79.5
2003-07-12,12.301389,30.5,79.5
2003-07-13,2.1747253,30.5,79.5
2003-07-14,4.882832,30.5,79.5
2003-07-15,9.646262,30.5,79.5
2003-07-16,7.0535645,30.5,79.5
2003-07-17,9.01074,30.5,79.5
2003-07-18,10.811331,30.5,79.5
2003-07-19,5.6880736,30.5,79.5
2003-07-20,1.2014209,30.5,79.5
2003-07-21,3.3012397,30.5,79.5
2003-07-22,12.168156,30.5,79.5
2003-07-23,4.667586,30.5,79.5
2003-07-24,12.538806,30.5,79.5
2003-07-25,17.9629,30.5,79.5
2003-07-26,7.279037,30.5,79.5
2003-07-27,2.0158808,30.5,79.5
2003-07-28,7.6347804,30.5,79.5
2003-07-29,6.912351,30.5,79.5
2003-07-30,1.2458428,30.5,79.5
2003-07-31,11.595358,30.5,79.5
2003-08-01,9.970318,30.5,79.5
2003-08-02,6.4633527,30.5,79.5
2003-08-03,4.3169537,30.5,79.5
2003-08-04,1.1225493,30.5,79.5
2003-08-05,5.317404,30.5,79.5
2003-08-06,21.03264,30.5,79.5
2003-08-07,9.906009,30.5,79.5
2003-08-08,13.876389,30.5,79.5
2003-08-09,14.124983,30.5,79.5
2003-08-10,20.505278,30.5,79.5
2003-08-11,2.929652,30.5,79.5
2003-08-12,2.0667548,30.5,79.5
2003-08-13,3.5004687,30.5,79.5
2003-08-14,8.161206,30.5,79.5
2003-08-15,4.9893928,30.5,79.5
2003-08-16,3.8871152,30.5,79.5
2003-08-17,3.1061997,30.5,79.5
2003-08-18,6.384664,30.5,79.5
2003-08-19,11.014295,30.5,79.5
2003-08-20,8.15312,30.5,79.5
2003-08-21,10.972287,30.5,79.5
2003-08-22,3.1943398,30.5,79.5
2003-08-23,5.1633325,30.5,79.5
2003-08-24,3.5527513,30.5,79.5
2003-08-25,3.5082934,30.5,79.5
2003-08-26,8.208304,30.5,79.5
2003-08-27,20.664734,30.5,79.5
2003-08-28,7.7389817,30.5,79.5
2003-08-29,8.810872,30.5,79.5
2003-08-30,8.125349,30.5,79.5
2003-08-31,6.3891706,30.5,79.5
2003-09-01,7.367804,30.5,79.5
2003-09-02,8.614264,30.5,79.5
2003-09-03,9.688699,30.5,79.5
2003-09-04,6.1157784,30.5,79.5
2003-09-05,3.8939245,30.5,79.5
2003-09-06,5.63153,30.5,79.5
2003-09-07,5.7354765,30.5,79.5
2003-09-08,3.3606043,30.5,79.5
2003-09-09,1.98217,30.5,79.5
2003-09-10,3.778858,30.5,79.5
2003-09-11,4.0926437,30.5,79.5
2003-09-12,4.419763,30.5,79.5
2003-09-13,1.5868602,30.5,79.5
2003-09-14,3.152148,30.5,79.5
2003-09-15,3.2444038,30.5,79.5
2003-09-16,5.4579673,30.5,79.5
2003-09-17,2.4772449,30.5,79.5
2003-09-18,1.4197928,30.5,79.5
2003-09-19,3.69782,30.5,79.5
2003-09-20,1.4474705,30.5,79.5
2003-09-21,1.7894024,30.5,79.5
2003-09-22,3.2301114,30.5,79.5
2003-09-23,5.2724257,30.5,79.5
2003-09-24,7.813287,30.5,79.5
2003-09-25,6.610413,30.5,79.5
2003-09-26,2.2345,30.5,79.5
2003-09-27,2.048333,30.5,79.5
2003-09-28,1.8680806,30.5,79.5
2003-09-29,1.7735108,30.5,79.5
2003-09-30,2.291439,30.5,79.5
2003-10-01,1.9321446,30.5,79.5
2003-10-02,1.6469898,30.5,79.5
2003-10-03,1.9078853,30.5,79.5
2003-10-04,1.7705783,30.5,79.5
2003-10-05,1.7119477,30.5,79.5
2003-10-06,1.9117936,30.5,79.5
2003-10-07,1.7322197,30.5,79.5
2003-10-08,1.7626594,30.5,79.5
2003-10-09,2.065122,30.5,79.5
2003-10-10,1.1227394,30.5,79.5
2003-10-11,2.0354595,30.5,79.5
2003-10-12,2.4835753,30.5,79.5
2003-10-13,1.7254227,30.5,79.5
2003-10-14,1.9897559,30.5,79.5
2003-10-15,1.8677894,30.5,79.5
2003-10-16,2.418365,30.5,79.5
2003-10-17,1.9385332,30.5,79.5
2003-10-18,1.4186939,30.5,79.5
2003-10-19,1.8449095,30.5,79.5
2003-10-20,1.9880486,30.5,79.5
2003-10-21,1.9560033,30.5,79.5
2003-10-22,2.0406642,30.5,79.5
2003-10-23,1.6516767,30.5,79.5
2003-10-24,1.2348526,30.5,79.5
2003-10-25,1.9453181,30.5,79.5
2003-10-26,2.1243758,30.5,79.5
2003-10-27,4.2850657,30.5,79.5
2003-10-28,0.6279571,30.5,79.5
2003-10-29,2.0780978,30.5,79.5
2003-10-30,2.2913399,30.5,79.5
2003-10-31,2.7858756,30.5,79.5
2003-11-01,1.603472,30.5,79.5
2003-11-02,1.8801863,30.5,79.5
2003-11-03,1.4229331,30.5,79.5
2003-11-04,0.67599076,30.5,79.5
2003-11-05,1.8455149,30.5,79.5
2003-11-06,1.3997213,30.5,79.5
2003-11-07,1.6710067,30.5,79.5
2003-11-08,1.3024915,30.5,79.5
2003-11-09,1.6061314,30.5,79.5
2003-11-10,1.3184075,30.5,79.5
2003-11-11,1.6575128,30.5,79.5
2003-11-12,1.8740066,30.5,79.5
2003-11-13,1.1347313,30.5,79.5
2003-11-14,1.9036295,30.5,79.5
2003-11-15,1.1214368,30.5,79.5
2003-11-16,1.0168476,30.5,79.5
2003-11-17,4.303642,30.5,79.5
2003-11-18,4.208309,30.5,79.5
2003-11-19,1.6273172,30.5,79.5
2003-11-20,1.598446,30.5,79.5
2003-11-21,1.5530219,30.5,79.5
2003-11-22,1.759391,30.5,79.5
2003-11-23,2.271213,30.5,79.5
2003-11-24,1.6250596,30.5,79.5
2003-11-25,1.5102376,30.5,79.5
2003-11-26,0.9461287,30.5,79.5
2003-11-27,1.460413,30.5,79.5
2003-11-28,1.9501286,30.5,79.5
2003-11-29,2.1821296,30.5,79.5
2003-11-30,1.7613811,30.5,79.5
2003-12-01,2.1429682,30.5,79.5
2003-12-02,1.0369883,30.5,79.5
2003-12-03,1.2706035,30.5,79.5
2003-12-04,1.4547143,30.5,79.5
2003-12-05,1.0286196,30.5,79.5
2003-12-06,2.0165122,30.5,79.5
2003-12-07,1.2985884,30.5,79.5
2003-12-08,1.7474246,30.5,79.5
2003-12-09,2.6758063,30.5,79.5
2003-12-10,2.5677946,30.5,79.5
2003-12-11,2.0267289,30.5,79.5
2003-12-12,2.256293,30.5,79.5
2003-12-13,1.3982086,30.5,79.5
2003-12-14,5.987447,30.5,79.5
2003-12-15,1.6783046,30.5,79.5
2003-12-16,2.4764915,30.5,79.5
2003-12-17,4.6429853,30.5,79.5
2003-12-18,1.4113181,30.5,79.5
2003-12-19,1.1191138,30.5,79.5
2003-12-20,1.4084193,30.5,79.5
2003-12-21,1.8715106,30.5,79.5
2003-12-22,1.6622429,30.5,79.5
2003-12-23,1.5551239,30.5,79.5
2003-12-24,1.1863896,30.5,79.5
2003-12-25,1.7778131,30.5,79.5
2003-12-26,1.5966527,30.5,79.5
2003-12-27,1.7824904,30.5,79.5
2003-12-28,2.9296966,30.5,79.5
2003-12-29,1.127426,30.5,79.5
2003-12-30,1.390501,30.5,79.5
2003-12-31,1.9036069,30.5,79.5
2004-01-01,1.8364831,30.5,79.5
2004-01-02,1.7713845,30.5,79.5
2004-01-03,1.1919833,30.5,79.5
2004-01-04,1.0236609,30.5,79.5
2004-01-05,1.479131,30.5,79.5
2004-01-06,1.7456238,30.5,79.5
2004-01-07,1.8279971,30.5,79.5
2004-01-08,1.6852669,30.5,79.5
2004-01-09,2.0384989,30.5,79.5
2004-01-10,1.9479412,30.5,79.5
2004-01-11,1.0904387,30.5,79.5
2004-01-12,0.7935705,30.5,79.5
2004-01-13,1.192202,30.5,79.5
2004-01-14,1.3547391,30.5,79.5
2004-01-15,1.134172,30.5,79.5
2004-01-16,1.935718,30.5,79.5
2004-01-17,1.8815308,30.5,79.5
2004-01-18,1.3005575,30.5,79.5
2004-01-19,4.1263056,30.5,79.5
2004-01-20,1.9937552,30.5,79.5
2004-01-21,1.1969742,30.5,79.5
2004-01-22,4.2500362,30.5,79.5
2004-01-23,5.139457,30.5,79.5
2004-01-24,3.331196,30.5,79.5
2004-01-25,2.3832932,30.5,79.5
2004-01-26,1.3263735,30.5,79.5
2004-01-27,0.98640066,30.5,79.5
2004-01-28,1.8726735,30.5,79.5
2004-01-29,2.1386151,30.5,79.5
2004-01-30,1.2340964,30.5,79.5
2004-01-31,4.815743,30.5,79.5
2004-02-01,4.7808247,30.5,79.5
2004-02-02,2.0147178,30.5,79.5
2004-02-03,1.4664742,30.5,79.5
2004-02-04,1.5195855,30.5,79.5
2004-02-05,1.5292284,30.5,79.5
2004-02-06,2.6368692,30.5,79.5
2004-02-07,1.8834796,30.5,79.5
2004-02-08,2.3227432,30.5,79.5
2004-02-09,1.2572067,30.5,79.5
2004-02-10,1.5127367,30.5,79.5
2004-02-11,2.1207802,30.5,79.5
2004-02-12,1.5940344,30.5,79.5
2004-02-13,1.2572097,30.5,79.5
2004-02-14,1.6764065,30.5,79.5
2004-02-15,1.4279007,30.5,79.5
2004-02-16,1.7590503,30.5,79.5
2004-02-17,1.3595737,30.5,79.5
2004-02-18,1.7847955,30.5,79.5
2004-02-19,3.2515767,30.5,79.5
2004-02-20,2.123151,30.5,79.5
2004-02-21,1.4894829,30.5,79.5
2004-02-22,1.9585403,30.5,79.5
2004-02-23,2.681582,30.5,79.5
2004-02-24,1.7605808,30.5,79.5
2004-02-25,1.3777922,30.5,79.5
2004-02-26,1.7772057,30.5,79.5
2004-02-27,1.4869349,30.5,79.5
2004-02-28,1.5845907,30.5,79.5
2004-02-29,0.98577553,30.5,79.5
2004-03-01,1.6261504,30.5,79.5
2004-03-02,1.9149463,30.5,79.5
2004-03-03,2.0296142,30.5,79.5
2004-03-04,1.6809566,30.5,79.5
2004-03-05,1.3543968,30.5,79.5
2004-03-06,2.3164835,30.5,79.5
2004-03-07,2.2944345,30.5,79.5
2004-03-08,1.4137142,30.5,79.5
2004-03-09,0.9967823,30.5,79.5
2004-03-10,1.6454195,30.5,79.5
2004-03-11,1.5886924,30.5,79.5
2004-03-12,1.9334067,30.5,79.5
2004-03-13,2.0980864,30.5,79.5
2004-03-14,1.9536419,30.5,79.5
2004-03-15,1.988193,30.5,79.5
2004-03-16,1.5814689,30.5,79.5
2004-03-17,1.487148,30.5,79.5
2004-03-18,1.0143973,30.5,79.5
2004-03-19,1.8017371,30.5,79.5
2004-03-20,1.3650619,30.5,79.5
2004-03-21,1.8719941,30.5,79.5
2004-03-22,1.9718812,30.5,79.5
2004-03-23,2.446263,30.5,79.5
2004-03-24,1.9167758,30.5,79.5
2004-03-25,1.3974208,30.5,79.5
2004-03-26,1.3860513,30.5,79.5
2004-03-27,2.095467,30.5,79.5
2004-03-28,1.6088319,30.5,79.5
2004-03-29,1.4422613,30.5,79.5
2004-03-30,1.7881595,30.5,79.5
2004-03-31,1.4320596,30.5,79.5
2004-04-01,1.191042,30.5,79.5
2004-04-02,2.3712335,30.5,79.5
2004-04-03,2.097455,30.5,79.5
2004-04-04,1.7843537,30.5,79.5
2004-04-05,0.95094436,30.5,79.5
2004-04-06,1.0480735,30.5,79.5
2004-04-07,2.0279639,30.5,79.5
2004-04-08,5.5956645,30.5,79.5
2004-04-09,3.558723,30.5,79.5
2004-04-10,3.3777375,30.5,79.5
2004-04-11,2.110745,30.5,79.5
2004-04-12,1.6778665,30.5,79.5
2004-04-13,1.9171382,30.5,79.5
2004-04-14,1.3140786,30.5,79.5
2004-04-15,1.6703559,30.5,79.5
2004-04-16,1.3718969,30.5,79.5
2004-04-17,1.6690377,30.5,79.5
2004-04-18,1.4802741,30.5,79.5
2004-04-19,1.6661862,30.5,79.5
2004-04-20,1.4987508,30.5,79.5
2004-04-21,2.1257706,30.5,79.5
2004-04-22,5.731598,30.5,79.5
2004-04-23,5.2858715,30.5,79.5
2004-04-24,2.3374865,30.5,79.5
2004-04-25,1.713193,30.5,79.5
2004-04-26,1.9273579,30.5,79.5
2004-04-27,3.7739072,30.5,79.5
2004-04-28,5.1384516,30.5,79.5
2004-04-29,2.800248,30.5,79.5
2004-04-30,3.8034945,30.5,79.5
2004-05-01,8.262977,30.5,79.5
2004-05-02,2.0522635,30.5,79.5
2004-05-03,1.2835553,30.5,79.5
2004-05-04,1.0787917,30.5,79.5
2004-05-05,1.1403029,30.5,79.5
2004-05-06,0.49173394,30.5,79.5
2004-05-07,0.6393164,30.5,79.5
2004-05-08,1.4028758,30.5,79.5
2004-05-09,0.65789515,30.5,79.5
2004-05-10,1.2418495,30.5,79.5
2004-05-11,1.4930867,30.5,79.5
2004-05-12,1.3074561,30.5,79.5
2004-05-13,1.8207186,30.5,79.5
2004-05-14,2.2169824,30.5,79.5
2004-05-15,2.2472417,30.5,79.5
2004-05-16,2.0463436,30.5,79.5
2004-05-17,2.3655052,30.5,79.5
2004-05-18,2.0346935,30.5,79.5
2004-05-19,1.732055,30.5,79.5
2004-05-20,1.5342144,30.5,79.5
2004-05-21,6.3227215,30.5,79.5
2004-05-22,4.72895,30.5,79.5
2004-05-23,6.8202853,30.5,79.5
2004-05-24,3.2904663,30.5,79.5
2004-05-25,2.057567,30.5,79.5
2004-05-26,2.4840295,30.5,79.5
2004-05-27,6.0079803,30.5,79.5
2004-05-28,3.6110692,30.5,79.5
2004-05-29,1.9733006,30.5,79.5
2004-05-30,3.1825278,30.5,79.5
2004-05-31,3.7851255,30.5,79.5
2004-06-01,5.2125506,30.5,79.5
2004-06-02,7.289084,30.5,79.5
2004-06-03,2.3184612,30.5,79.5
2004-06-04,2.11126,30.5,79.5
2004-06-05,1.5247556,30.5,79.5
2004-06-06,1.4974854,30.5,79.5
2004-06-07,2.5709028,30.5,79.5
2004-06-08,1.7473143,30.5,79.5
2004-06-09,5.263261,30.5,79.5
2004-06-10,1.5657488,30.5,79.5
2004-06-11,7.775066,30.5,79.5
2004-06-12,2.3163407,30.5,79.5
2004-06-13,1.5957329,30.5,79.5
2004-06-14,3.1816766,30.5,79.5
2004-06-15,1.2143737,30.5,79.5
2004-06-16,14.053967,30.5,79.5
2004-06-17,8.128719,30.5,79.5
2004-06-18,5.0070224,30.5,79.5
2004-06-19,8.218654,30.5,79.5
2004-06-20,11.751855,30.5,79.5
2004-06-21,8.266291,30.5,79.5
2004-06-22,1.0829523,30.5,79.5
2004-06-23,1.4812008,30.5,79.5
2004-06-24,4.2346945,30.5,79.5
2004-06-25,0.901508,30.5,79.5
2004-06-26,0.60571074,30.5,79.5
2004-06-27,1.9788965,30.5,79.5
2004-06-28,1.2182704,30.5,79.5
2004-06-29,0.9698638,30.5,79.5
2004-06-30,0.9695632,30.5,79.5
2004-07-01,2.7621775,30.5,79.5
2004-07-02,5.8930187,30.5,79.5
2004-07-03,9.89528,30.5,79.5
2004-07-04,6.819223,30.5,79.5
2004-07-05,5.3930535,30.5,79.5
2004-07-06,11.372145,30.5,79.5
2004-07-07,11.606547,30.5,79.5
2004-07-08,9.015991,30.5,79.5
2004-07-09,10.164628,30.5,79.5
2004-07-10,4.6360393,30.5,79.5
2004-07-11,6.2384734,30.5,79.5
2004-07-12,2.075607,30.5,79.5
2004-07-13,2.889294,30.5,79.5
2004-07-14,1.9734725,30.5,79.5
2004-07-15,11.935743,30.5,79.5
2004-07-16,12.416902,30.5,79.5
2004-07-17,10.882646,30.5,79.5
2004-07-18,3.4083917,30.5,79.5
2004-07-19,8.645215,30.5,79.5
2004-07-20,4.023636,30.5,79.5
2004-07-21,1.2290071,30.5,79.5
2004-07-22,1.248181,30.5,79.5
2004-07-23,0.6420897,30.5,79.5
2004-07-24,3.4223983,30.5,79.5
2004-07-25,8.9235735,30.5,79.5
2004-07-26,12.901682,30.5,79.5
2004-07-27,23.574268,30.5,79.5
2004-07-28,17.187479,30.5,79.5
2004-07-29,13.088587,30.5,79.5
2004-07-30,10.448077,30.5,79.5
2004-07-31,7.778757,30.5,79.5
2004-08-01,16.48721,30.5,79.5
2004-08-02,10.093749,30.5,79.5
2004-08-03,6.2796664,30.5,79.5
2004-08-04,7.125917,30.5,79.5
2004-08-05,9.214336,30.5,79.5
2004-08-06,6.425648,30.5,79.5
2004-08-07,5.7536197,30.5,79.5
2004-08-08,8.883204,30.5,79.5
2004-08-09,4.881158,30.5,79.5
2004-08-10,2.513728,30.5,79.5
2004-08-11,3.9366639,30.5,79.5
2004-08-12,9.478302,30.5,79.5
2004-08-13,3.0960886,30.5,79.5
2004-08-14,5.3708434,30.5,79.5
2004-08-15,11.692474,30.5,79.5
2004-08-16,9.389678,30.5,79.5
2004-08-17,32.61737,30.5,79.5
2004-08-18,7.304162,30.5,79.5
2004-08-19,8.476657,30.5,79.5
2004-08-20,5.139135,30.5,79.5
2004-08-21,8.771945,30.5,79.5
2004-08-22,3.8879478,30.5,79.5
2004-08-23,6.8558674,30.5,79.5
2004-08-24,5.3946657,30.5,79.5
2004-08-25,5.5054684,30.5,79.5
2004-08-26,7.5770445,30.5,79.5
2004-08-27,8.2665,30.5,79.5
2004-08-28,3.2220907,30.5,79.5
2004-08-29,2.0819032,30.5,79.5
2004-08-30,1.9776055,30.5,79.5
2004-08-31,4.9053445,30.5,79.5
2004-09-01,1.7301104,30.5,79.5
2004-09-02,2.111884,30.5,79.5
2004-09-03,1.6310039,30.5,79.5
2004-09-04,2.18869,30.5,79.5
2004-09-05,2.102511,30.5,79.5
2004-09-06,1.4066983,30.5,79.5
2004-09-07,2.5382829,30.5,79.5
2004-09-08,1.5402315,30.5,79.5
2004-09-09,1.2760938,30.5,79.5
2004-09-10,6.052933,30.5,79.5
2004-09-11,3.241391,30.5,79.5
2004-09-12,6.0755696,30.5,79.5
2004-09-13,1.5751685,30.5,79.5
2004-09-14,1.7985457,30.5,79.5
2004-09-15,2.728722,30.5,79.5
2004-09-16,4.9196463,30.5,79.5
2004-09-17,4.395155,30.5,79.5
2004-09-18,2.8686426,30.5,79.5
2004-09-19,2.3265784,30.5,79.5
2004-09-20,3.0309167,30.5,79.5
2004-09-21,5.3970733,30.5,79.5
2004-09-22,10.260238,30.5,79.5
2004-09-23,4.8058534,30.5,79.5
2004-09-24,1.8002491,30.5,79.5
2004-09-25,1.6556169,30.5,79.5
2004-09-26,1.5264224,30.5,79.5
2004-09-27,1.708698,30.5,79.5
2004-09-28,5.6248293,30.5,79.5
2004-09-29,11.3252735,30.5,79.5
2004-09-30,5.0798583,30.5,79.5
2004-10-01,1.0951755,30.5,79.5
2004-10-02,1.9067596,30.5,79.5
2004-10-03,17.359112,30.5,79.5
2004-10-04,4.457575,30.5,79.5
2004-10-05,1.2705611,30.5,79.5
2004-10-06,1.1285938,30.5,79.5
2004-10-07,0.70997274,30.5,79.5
2004-10-08,0.79605824,30.5,79.5
2004-10-09,1.1474376,30.5,79.5
2004-10-10,3.089222,30.5,79.5
2004-10-11,5.792069,30.5,79.5
2004-10-12,7.707219,30.5,79.5
2004-10-13,17.01689,30.5,79.5
2004-10-14,4.819269,30.5,79.5
2004-10-15,1.7331259,30.5,79.5
2004-10-16,1.5410669,30.5,79.5
2004-10-17,1.857975,30.5,79.5
2004-10-18,1.7827837,30.5,79.5
2004-10-19,1.4737628,30.5,79.5
2004-10-20,1.0711142,30.5,79.5
2004-10-21,0.54442614,30.5,79.5
2004-10-22,1.1149294,30.5,79.5
2004-10-23,1.1945214,30.5,79.5
2004-10-24,1.5552021,30.5,79.5
2004-10-25,2.3005686,30.5,79.5
2004-10-26,1.1823461,30.5,79.5
2004-10-27,1.5046122,30.5,79.5
2004-10-28,1.3850302,30.5,79.5
2004-10-29,1.7029568,30.5,79.5
2004-10-30,4.2814,30.5,79.5
2004-10-31,1.4138763,30.5,79.5
2004-11-01,2.6159961,30.5,79.5
2004-11-02,2.5768704,30.5,79.5
2004-11-03,2.1448598,30.5,79.5
2004-11-04,2.1144226,30.5,79.5
2004-11-05,1.6685925,30.5,79.5
2004-11-06,2.3961694,30.5,79.5
2004-11-07,1.5512583,30.5,79.5
2004-11-08,1.8621167,30.5,79.5
2004-11-09,2.115919,30.5,79.5
2004-11-10,2.4004846,30.5,79.5
2004-11-11,2.3447087,30.5,79.5
2004-11-12,2.6590877,30.5,79.5
2004-11-13,2.2118635,30.5,79.5
2004-11-14,1.5852293,30.5,79.5
2004-11-15,2.4155672,30.5,79.5
2004-11-16,2.5003562,30.5,79.5
2004-11-17,1.6437491,30.5,79.5
2004-11-18,1.25161,30.5,79.5
2004-11-19,4.460261,30.5,79.5
2004-11-20,2.7978427,30.5,79.5
2004-11-21,2.6518943,30.5,79.5
2004-11-22,2.5063272,30.5,79.5
2004-11-23,2.37719,30.5,79.5
2004-11-24,2.0047958,30.5,79.5
2004-11-25,2.1532526,30.5,79.5
2004-11-26,2.46146,30.5,79.5
2004-11-27,2.4589987,30.5,79.5
2004-11-28,3.205724,30.5,79.5
2004-11-29,2.6903756,30.5,79.5
2004-11-30,2.4141529,30.5,79.5
2004-12-01,1.0864451,30.5,79.5
2004-12-02,5.290133,30.5,79.5
2004-12-03,1.2841947,30.5,79.5
2004-12-04,1.084682,30.5,79.5
2004-12-05,1.1558795,30.5,79.5
2004-12-06,1.3582486,30.5,79.5
2004-12-07,1.5258356,30.5,79.5
2004-12-08,1.803328,30.5,79.5
2004-12-09,1.4888833,30.5,79.5
2004-12-10,2.0331864,30.5,79.5
2004-12-11,1.8025731,30.5,79.5
2004-12-12,0.93700343,30.5,79.5
2004-12-13,1.603574,30.5,79.5
2004-12-14,1.2236458,30.5,79.5
2004-12-15,1.4329345,30.5,79.5
2004-12-16,1.7046641,30.5,79.5
2004-12-17,2.1804233,30.5,79.5
2004-12-18,2.1381555,30.5,79.5
2004-12-19,1.9036353,30.5,79.5
2004-12-20,2.711094,30.5,79.5
2004-12-21,1.0978673,30.5,79.5
2004-12-22,1.0352107,30.5,79.5
2004-12-23,1.318237,30.5,79.5
2004-12-24,1.9338354,30.5,79.5
2004-12-25,1.6896414,30.5,79.5
2004-12-26,2.054363,30.5,79.5
2004-12-27,2.1854312,30.5,79.5
2004-12-28,1.6228787,30.5,79.5
2004-12-29,2.028922,30.5,79.5
2004-12-30,1.9456896,30.5,79.5
2004-12-31,2.7613585,30.5,79.5
2005-01-01,3.7504778,30.5,79.5
2005-01-02,6.377996,30.5,79.5
2005-01-03,1.7600564,30.5,79.5
2005-01-04,2.8434267,30.5,79.5
2005-01-05,1.479656,30.5,79.5
2005-01-06,1.2792628,30.5,79.5
2005-01-07,1.5232661,30.5,79.5
2005-01-08,0.94478494,30.5,79.5
2005-01-09,1.9622837,30.5,79.5
2005-01-10,2.0654838,30.5,79.5
2005-01-11,1.6173583,30.5,79.5
2005-01-12,1.676838,30.5,79.5
2005-01-13,1.612569,30.5,79.5
2005-01-14,1.0017743,30.5,79.5
2005-01-15,1.9227316,30.5,79.5
2005-01-16,1.1814479,30.5,79.5
2005-01-17,2.6541188,30.5,79.5
2005-01-18,4.864877,30.5,79.5
2005-01-19,2.4805448,30.5,79.5
2005-01-20,2.7107532,30.5,79.5
2005-01-21,1.6406704,30.5,79.5
2005-01-22,4.3056617,30.5,79.5
2005-01-23,4.401887,30.5,79.5
2005-01-24,2.3672948,30.5,79.5
2005-01-25,1.4631574,30.5,79.5
2005-01-26,2.3623695,30.5,79.5
2005-01-27,2.9597926,30.5,79.5
2005-01-28,3.6720793,30.5,79.5
2005-01-29,1.8279088,30.5,79.5
2005-01-30,2.5240762,30.5,79.5
2005-01-31,1.9183657,30.5,79.5
2005-02-01,2.5774195,30.5,79.5
2005-02-02,1.4643458,30.5,79.5
2005-02-03,1.2971365,30.5,79.5
2005-02-04,1.093422,30.5,79.5
2005-02-05,3.603212,30.5,79.5
2005-02-06,3.2085066,30.5,79.5
2005-02-07,13.425967,30.5,79.5
2005-02-08,9.002777,30.5,79.5
2005-02-09,2.3352158,30.5,79.5
2005-02-10,2.1386003,30.5,79.5
2005-02-11,2.6720822,30.5,79.5
2005-02-12,3.2249637,30.5,79.5
2005-02-13,1.7574099,30.5,79.5
2005-02-14,1.9656187,30.5,79.5
2005-02-15,1.5632857,30.5,79.5
2005-02-16,12.628594,30.5,79.5
2005-02-17,1.6874305,30.5,79.5
2005-02-18,3.452788,30.5,79.5
2005-02-19,1.6791822,30.5,79.5
2005-02-20,3.2675633,30.5,79.5
2005-02-21,1.9442831,30.5,79.5
2005-02-22,3.354709,30.5,79.5
2005-02-23,3.6997864,30.5,79.5
2005-02-24,2.7267957,30.5,79.5
2005-02-25,1.3987641,30.5,79.5
2005-02-26,1.4908851,30.5,79.5
2005-02-27,2.0806649,30.5,79.5
2005-02-28,1.7053965,30.5,79.5
2005-03-01,8.127915,30.5,79.5
2005-03-02,3.6837313,30.5,79.5
2005-03-03,1.9447503,30.5,79.5
2005-03-04,1.7699225,30.5,79.5
2005-03-05,2.5848966,30.5,79.5
2005-03-06,4.548895,30.5,79.5
2005-03-07,1.5006272,30.5,79.5
2005-03-08,1.41338,30.5,79.5
2005-03-09,2.4545846,30.5,79.5
2005-03-10,7.479378,30.5,79.5
2005-03-11,5.053134,30.5,79.5
2005-03-12,1.9042186,30.5,79.5
2005-03-13,0.88729644,30.5,79.5
2005-03-14,2.0911603,30.5,79.5
2005-03-15,1.4274709,30.5,79.5
2005-03-16,1.7047355,30.5,79.5
2005-03-17,3.4688685,30.5,79.5
2005-03-18,1.5713979,30.5,79.5
2005-03-19,2.7381804,30.5,79.5
2005-03-20,3.5371485,30.5,79.5
2005-03-21,6.0774145,30.5,79.5
2005-03-22,14.99576,30.5,79.5
2005-03-23,5.0534797,30.5,79.5
2005-03-24,4.5795608,30.5,79.5
2005-03-25,1.0648922,30.5,79.5
2005-03-26,1.0741851,30.5,79.5
2005-03-27,1.1741678,30.5,79.5
2005-03-28,1.8600595,30.5,79.5
2005-03-29,0.76341575,30.5,79.5
2005-03-30,3.784124,30.5,79.5
2005-03-31,1.6633686,30.5,79.5
2005-04-01,1.8001969,30.5,79.5
2005-04-02,2.0669398,30.5,79.5
2005-04-03,1.6268928,30.5,79.5
2005-04-04,0.6398379,30.5,79.5
2005-04-05,1.9980874,30.5,79.5
2005-04-06,1.6026355,30.5,79.5
2005-04-07,1.9130416,30.5,79.5
2005-04-08,2.6272664,30.5,79.5
2005-04-09,2.4163356,30.5,79.5
2005-04-10,1.9754345,30.5,79.5
2005-04-11,1.3725221,30.5,79.5
2005-04-12,1.7956659,30.5,79.5
2005-04-13,2.0677238,30.5,79.5
2005-04-14,1.3305224,30.5,79.5
2005-04-15,2.3844335,30.5,79.5
2005-04-16,0.9212417,30.5,79.5
2005-04-17,2.5127819,30.5,79.5
2005-04-18,1.6709054,30.5,79.5
2005-04-19,2.0772383,30.5,79.5
2005-04-20,1.3491441,30.5,79.5
2005-04-21,1.6313634,30.5,79.5
2005-04-22,1.4758443,30.5,79.5
2005-04-23,1.7935026,30.5,79.5
2005-04-24,1.9086239,30.5,79.5
2005-04-25,5.8875704,30.5,79.5
2005-04-26,5.962904,30.5,79.5
2005-04-27,1.5963992,30.5,79.5
2005-04-28,1.5054421,30.5,79.5
2005-04-29,4.338432,30.5,79.5
2005-04-30,2.6295831,30.5,79.5
2005-05-01,2.8153458,30.5,79.5
2005-05-02,5.1043553,30.5,79.5
2005-05-03,4.0416775,30.5,79.5
2005-05-04,2.352037,30.5,79.5
2005-05-05,3.8503191,30.5,79.5
2005-05-06,16.111126,30.5,79.5
2005-05-07,2.7257483,30.5,79.5
2005-05-08,4.8841414,30.5,79.5
2005-05-09,1.7349129,30.5,79.5
2005-05-10,3.08346,30.5,79.5
2005-05-11,1.7698455,30.5,79.5
2005-05-12,1.6314031,30.5,79.5
2005-05-13,2.136431,30.5,79.5
2005-05-14,4.195588,30.5,79.5
2005-05-15,1.5787486,30.5,79.5
2005-05-16,1.4107231,30.5,79.5
2005-05-17,3.405657,30.5,79.5
2005-05-18,0.7968508,30.5,79.5
2005-05-19,1.4569519,30.5,79.5
2005-05-20,2.3451989,30.5,79.5
2005-05-21,1.1403363,30.5,79.5
2005-05-22,2.5482864,30.5,79.5
2005-05-23,1.5331175,30.5,79.5
2005-05-24,2.1572294,30.5,79.5
2005-05-25,1.5494517,30.5,79.5
2005-05-26,1.4225334,30.5,79.5
2005-05-27,2.127205,30.5,79.5
2005-05-28,1.6221851,30.5,79.5
2005-05-29,1.2018845,30.5,79.5
2005-05-30,0.9459178,30.5,79.5
2005-05-31,2.0262206,30.5,79.5
2005-06-01,1.6250504,30.5,79.5
2005-06-02,2.258686,30.5,79.5
2005-06-03,1.3548486,30.5,79.5
2005-06-04,2.4335885,30.5,79.5
2005-06-05,2.2000284,30.5,79.5
2005-06-06,2.3084626,30.5,79.5
2005-06-07,1.3337582,30.5,79.5
2005-06-08,2.318002,30.5,79.5
2005-06-09,3.671289,30.5,79.5
2005-06-10,1.4444,30.5,79.5
2005-06-11,1.4755535,30.5,79.5
2005-06-12,1.0179807,30.5,79.5
2005-06-13,2.1486185,30.5,79.5
2005-06-14,1.4767716,30.5,79.5
2005-06-15,2.6361384,30.5,79.5
2005-06-16,1.2440739,30.5,79.5
2005-06-17,2.85679,30.5,79.5
2005-06-18,0.370806,30.5,79.5
2005-06-19,0.8187543,30.5,79.5
2005-06-20,0.16000302,30.5,79.5
2005-06-21,0.66950494,30.5,79.5
2005-06-22,1.0039675,30.5,79.5
2005-06-23,5.349048,30.5,79.5
2005-06-24,0.6909178,30.5,79.5
2005-06-25,2.521702,30.5,79.5
2005-06-26,5.773467,30.5,79.5
2005-06-27,30.600866,30.5,79.5
2005-06-28,15.994521,30.5,79.5
2005-06-29,7.4135456,30.5,79.5
2005-06-30,12.667174,30.5,79.5
2005-07-01,10.209568,30.5,79.5
2005-07-02,4.3890753,30.5,79.5
2005-07-03,22.10198,30.5,79.5
2005-07-04,27.325016,30.5,79.5
2005-07-05,13.324082,30.5,79.5
2005-07-06,14.788796,30.5,79.5
2005-07-07,3.867461,30.5,79.5
2005-07-08,0.90975976,30.5,79.5
2005-07-09,1.5511788,30.5,79.5
2005-07-10,12.712293,30.5,79.5
2005-07-11,4.7099195,30.5,79.5
2005-07-12,15.93416,30.5,79.5
2005-07-13,3.1315668,30.5,79.5
2005-07-14,9.707572,30.5,79.5
2005-07-15,12.550683,30.5,79.5
2005-07-16,15.612203,30.5,79.5
2005-07-17,10.836088,30.5,79.5
2005-07-18,19.655539,30.5,79.5
2005-07-19,19.311872,30.5,79.5
2005-07-20,2.470682,30.5,79.5
2005-07-21,10.754188,30.5,79.5
2005-07-22,4.0984254,30.5,79.5
2005-07-23,2.2622838,30.5,79.5
2005-07-24,9.809516,30.5,79.5
2005-07-25,21.190683,30.5,79.5
2005-07-26,6.2708254,30.5,79.5
2005-07-27,20.279354,30.5,79.5
2005-07-28,13.15807,30.5,79.5
2005-07-29,39.1372,30.5,79.5
2005-07-30,15.069987,30.5,79.5
2005-07-31,1.8562322,30.5,79.5
2005-08-01,18.829811,30.5,79.5
2005-08-02,8.167206,30.5,79.5
2005-08-03,18.841501,30.5,79.5
2005-08-04,10.3626995,30.5,79.5
2005-08-05,31.207365,30.5,79.5
2005-08-06,16.214134,30.5,79.5
2005-08-07,11.262064,30.5,79.5
2005-08-08,2.4540572,30.5,79.5
2005-08-09,1.4114074,30.5,79.5
2005-08-10,0.00018447178,30.5,79.5
2005-08-11,0.27004084,30.5,79.5
2005-08-12,0.23473902,30.5,79.5
2005-08-13,0.9980606,30.5,79.5
2005-08-14,0.68818194,30.5,79.5
2005-08-15,1.3419576,30.5,79.5
2005-08-16,32.84457,30.5,79.5
2005-08-17,46.240524,30.5,79.5
2005-08-18,13.809678,30.5,79.5
2005-08-19,25.545319,30.5,79.5
2005-08-20,7.749061,30.5,79.5
2005-08-21,3.364575,30.5,79.5
2005-08-22,2.1153028,30.5,79.5
2005-08-23,2.8058162,30.5,79.5
2005-08-24,3.453216,30.5,79.5
2005-08-25,5.8987145,30.5,79.5
2005-08-26,0.617467,30.5,79.5
2005-08-27,23.009954,30.5,79.5
2005-08-28,4.425376,30.5,79.5
2005-08-29,0.0,30.5,79.5
2005-08-30,0.16609307,30.5,79.5
2005-08-31,0.033001617,30.5,79.5
2005-09-01,5.6996665,30.5,79.5
2005-09-02,4.451602,30.5,79.5
2005-09-03,18.49773,30.5,79.5
2005-09-04,13.764693,30.5,79.5
2005-09-05,10.726945,30.5,79.5
2005-09-06,4.2469735,30.5,79.5
2005-09-07,3.5439765,30.5,79.5
2005-09-08,1.4516815,30.5,79.5
2005-09-09,9.292256,30.5,79.5
2005-09-10,3.6656063,30.5,79.5
2005-09-11,6.948322,30.5,79.5
2005-09-12,6.9834275,30.5,79.5
2005-09-13,11.580718,30.5,79.5
2005-09-14,4.365128,30.5,79.5
2005-09-15,7.744977,30.5,79.5
2005-09-16,7.7789607,30.5,79.5
2005-09-17,13.235871,30.5,79.5
2005-09-18,2.357259,30.5,79.5
2005-09-19,2.021971,30.5,79.5
2005-09-20,1.8925288,30.5,79.5
2005-09-21,2.6389112,30.5,79.5
2005-09-22,9.148255,30.5,79.5
2005-09-23,1.2662894,30.5,79.5
2005-09-24,14.379318,30.5,79.5
2005-09-25,17.483315,30.5,79.5
2005-09-26,9.405153,30.5,79.5
2005-09-27,9.445623,30.5,79.5
2005-09-28,1.9225584,30.5,79.5
2005-09-29,3.2395663,30.5,79.5
2005-09-30,5.598927,30.5,79.5
2005-10-01,6.762663,30.5,79.5
2005-10-02,2.3753304,30.5,79.5
2005-10-03,1.1541214,30.5,79.5
2005-10-04,1.7003325,30.5,79.5
2005-10-05,1.2487177,30.5,79.5
2005-10-06,2.1241,30.5,79.5
2005-10-07,1.1603086,30.5,79.5
2005-10-08,2.0356648,30.5,79.5
2005-10-09,6.3753138,30.5,79.5
2005-10-10,3.8721635,30.5,79.5
2005-10-11,3.290457,30.5,79.5
2005-10-12,2.283312,30.5,79.5
2005-10-13,1.5288815,30.5,79.5
2005-10-14,2.2021213,30.5,79.5
2005-10-15,1.814625,30.5,79.5
2005-10-16,1.7195078,30.5,79.5
2005-10-17,1.9883201,30.5,79.5
2005-10-18,1.7270082,30.5,79.5
2005-10-19,2.4146874,30.5,79.5
2005-10-20,2.3510644,30.5,79.5
2005-10-21,1.8479513,30.5,79.5
2005-10-22,2.181156,30.5,79.5
2005-10-23,1.2606763,30.5,79.5
2005-10-24,1.4735434,30.5,79.5
2005-10-25,1.7367524,30.5,79.5
2005-10-26,2.6790206,30.5,79.5
2005-10-27,1.3287369,30.5,79.5
2005-10-28,1.1519618,30.5,79.5
2005-10-29,1.7180276,30.5,79.5
2005-10-30,1.7787713,30.5,79.5
2005-10-31,1.6209861,30.5,79.5
2005-11-01,7.690969,30.5,79.5
2005-11-02,2.063742,30.5,79.5
2005-11-03,1.6876789,30.5,79.5
2005-11-04,1.779285,30.5,79.5
2005-11-05,1.2729111,30.5,79.5
2005-11-06,2.0206685,30.5,79.5
2005-11-07,1.5981394,30.5,79.5
2005-11-08,1.3204572,30.5,79.5
2005-11-09,1.1974716,30.5,79.5
2005-11-10,2.3152988,30.5,79.5
2005-11-11,2.0288134,30.5,79.5
2005-11-12,1.9855875,30.5,79.5
2005-11-13,1.5985763,30.5,79.5
2005-11-14,2.1181557,30.5,79.5
2005-11-15,1.5623744,30.5,79.5
2005-11-16,1.8829331,30.5,79.5
2005-11-17,1.4024812,30.5,79.5
2005-11-18,1.7149279,30.5,79.5
2005-11-19,1.6788018,30.5,79.5
2005-11-20,2.3218846,30.5,79.5
2005-11-21,2.2237654,30.5,79.5
2005-11-22,1.5792431,30.5,79.5
2005-11-23,2.0555155,30.5,79.5
2005-11-24,1.2479286,30.5,79.5
2005-11-25,1.6121427,30.5,79.5
2005-11-26,0.9117599,30.5,79.5
2005-11-27,1.7676591,30.5,79.5
2005-11-28,1.7889091,30.5,79.5
2005-11-29,2.6829565,30.5,79.5
2005-11-30,1.799055,30.5,79.5
2005-12-01,3.281142,30.5,79.5
2005-12-02,2.4707167,30.5,79.5
2005-12-03,2.4122102,30.5,79.5
2005-12-04,2.2955866,30.5,79.5
2005-12-05,2.0135026,30.5,79.5
2005-12-06,2.2592785,30.5,79.5
2005-12-07,2.8433528,30.5,79.5
2005-12-08,2.4025042,30.5,79.5
2005-12-09,2.0272243,30.5,79.5
2005-12-10,2.8289504,30.5,79.5
2005-12-11,2.0547023,30.5,79.5
2005-12-12,3.0055597,30.5,79.5
2005-12-13,2.392528,30.5,79.5
2005-12-14,2.2611709,30.5,79.5
2005-12-15,2.3031378,30.5,79.5
2005-12-16,2.508546,30.5,79.5
2005-12-17,3.1789038,30.5,79.5
2005-12-18,2.828829,30.5,79.5
2005-12-19,2.9207036,30.5,79.5
2005-12-20,3.2387621,30.5,79.5
2005-12-21,2.3432493,30.5,79.5
2005-12-22,4.051907,30.5,79.5
2005-12-23,4.558142,30.5,79.5
2005-12-24,2.4852903,30.5,79.5
2005-12-25,2.7471416,30.5,79.5
2005-12-26,3.0803983,30.5,79.5
2005-12-27,2.5665627,30.5,79.5
2005-12-28,2.6026697,30.5,79.5
2005-12-29,2.3596182,30.5,79.5
2005-12-30,2.7515512,30.5,79.5
2005-12-31,3.2851398,30.5,79.5
2006-01-01,0.9498587,30.5,79.5
2006-01-02,1.4814824,30.5,79.5
2006-01-03,3.608444,30.5,79.5
2006-01-04,2.5059114,30.5,79.5
2006-01-05,1.9838614,30.5,79.5
2006-01-06,1.328295,30.5,79.5
2006-01-07,0.7603785,30.5,79.5
2006-01-08,1.3837637,30.5,79.5
2006-01-09,1.3323613,30.5,79.5
2006-01-10,2.7061532,30.5,79.5
2006-01-11,1.865751,30.5,79.5
2006-01-12,2.2234313,30.5,79.5
2006-01-13,1.7493389,30.5,79.5
2006-01-14,1.288441,30.5,79.5
2006-01-15,3.5226789,30.5,79.5
2006-01-16,4.0567226,30.5,79.5
2006-01-17,5.4913545,30.5,79.5
2006-01-18,6.278452,30.5,79.5
2006-01-19,1.6495483,30.5,79.5
2006-01-20,1.5641447,30.5,79.5
2006-01-21,2.1388001,30.5,79.5
2006-01-22,2.4783251,30.5,79.5
2006-01-23,1.5927035,30.5,79.5
2006-01-24,1.5562229,30.5,79.5
2006-01-25,1.5421011,30.5,79.5
2006-01-26,1.5779419,30.5,79.5
2006-01-27,1.882942,30.5,79.5
2006-01-28,1.7657001,30.5,79.5
2006-01-29,2.1948085,30.5,79.5
2006-01-30,1.7969717,30.5,79.5
2006-01-31,1.4786767,30.5,79.5
2006-02-01,1.4263078,30.5,79.5
2006-02-02,2.0273962,30.5,79.5
2006-02-03,2.6084168,30.5,79.5
2006-02-04,1.3399149,30.5,79.5
2006-02-05,1.8295815,30.5,79.5
2006-02-06,2.3763995,30.5,79.5
2006-02-07,0.9332521,30.5,79.5
2006-02-08,1.0503557,30.5,79.5
2006-02-09,3.6843317,30.5,79.5
2006-02-10,1.6607105,30.5,79.5
2006-02-11,1.5378908,30.5,79.5
2006-02-12,1.3079951,30.5,79.5
2006-02-13,1.0055398,30.5,79.5
2006-02-14,1.791179,30.5,79.5
2006-02-15,4.155589,30.5,79.5
2006-02-16,2.5911791,30.5,79.5
2006-02-17,1.5114082,30.5,79.5
2006-02-18,2.944681,30.5,79.5
2006-02-19,2.2506196,30.5,79.5
2006-02-20,2.1364887,30.5,79.5
2006-02-21,1.7910558,30.5,79.5
2006-02-22,2.1667519,30.5,79.5
2006-02-23,1.3284485,30.5,79.5
2006-02-24,1.4091716,30.5,79.5
2006-02-25,1.8382165,30.5,79.5
2006-02-26,2.1573045,30.5,79.5
2006-02-27,5.344577,30.5,79.5
2006-02-28,1.9422283,30.5,79.5
2006-03-01,1.3652022,30.5,79.5
2006-03-02,1.5856775,30.5,79.5
2006-03-03,2.105108,30.5,79.5
2006-03-04,2.0846133,30.5,79.5
2006-03-05,1.1806066,30.5,79.5
2006-03-06,1.8754824,30.5,79.5
2006-03-07,1.8845166,30.5,79.5
2006-03-08,1.7598209,30.5,79.5
2006-03-09,1.5599148,30.5,79.5
2006-03-10,2.043257,30.5,79.5
2006-03-11,8.658663,30.5,79.5
2006-03-12,5.5581326,30.5,79.5
2006-03-13,1.6075072,30.5,79.5
2006-03-14,5.9739857,30.5,79.5
2006-03-15,7.7253814,30.5,79.5
2006-03-16,6.3308897,30.5,79.5
2006-03-17,3.107061,30.5,79.5
2006-03-18,1.0595398,30.5,79.5
2006-03-19,0.65048224,30.5,79.5
2006-03-20,1.0670038,30.5,79.5
2006-03-21,3.6451445,30.5,79.5
2006-03-22,1.5593617,30.5,79.5
2006-03-23,2.1509767,30.5,79.5
2006-03-24,0.85662925,30.5,79.5
2006-03-25,1.5384815,30.5,79.5
2006-03-26,4.115533,30.5,79.5
2006-03-27,3.2776515,30.5,79.5
2006-03-28,1.7473451,30.5,79.5
2006-03-29,5.712008,30.5,79.5
2006-03-30,1.6715004,30.5,79.5
2006-03-31,2.2053514,30.5,79.5
2006-04-01,1.4809593,30.5,79.5
2006-04-02,2.5102706,30.5,79.5
2006-04-03,3.2594645,30.5,79.5
2006-04-04,1.6749611,30.5,79.5
2006-04-05,2.2019656,30.5,79.5
2006-04-06,1.600746,30.5,79.5
2006-04-07,2.5254207,30.5,79.5
2006-04-08,1.6707041,30.5,79.5
2006-04-09,1.943473,30.5,79.5
2006-04-10,7.344333,30.5,79.5
2006-04-11,3.8614244,30.5,79.5
2006-04-12,1.94479,30.5,79.5
2006-04-13,0.96216226,30.5,79.5
2006-04-14,1.5682756,30.5,79.5
2006-04-15,1.2894074,30.5,79.5
2006-04-16,1.5254829,30.5,79.5
2006-04-17,2.409331,30.5,79.5
2006-04-18,4.1096206,30.5,79.5
2006-04-19,7.348888,30.5,79.5
2006-04-20,4.1840653,30.5,79.5
2006-04-21,1.7515576,30.5,79.5
2006-04-22,4.827863,30.5,79.5
2006-04-23,2.2501695,30.5,79.5
2006-04-24,3.8785696,30.5,79.5
2006-04-25,1.6743048,30.5,79.5
2006-04-26,2.1112542,30.5,79.5
2006-04-27,1.362355,30.5,79.5
2006-04-28,2.7112362,30.5,79.5
2006-04-29,1.8619591,30.5,79.5
2006-04-30,1.5541158,30.5,79.5
2006-05-01,1.0520778,30.5,79.5
2006-05-02,2.407119,30.5,79.5
2006-05-03,1.8243768,30.5,79.5
2006-05-04,1.3547306,30.5,79.5
2006-05-05,0.9770547,30.5,79.5
2006-05-06,1.8710101,30.5,79.5
2006-05-07,1.5565711,30.5,79.5
2006-05-08,4.178624,30.5,79.5
2006-05-09,1.4251834,30.5,79.5
2006-05-10,1.9497668,30.5,79.5
2006-05-11,10.5125475,30.5,79.5
2006-05-12,10.058422,30.5,79.5
2006-05-13,2.4472945,30.5,79.5
2006-05-14,1.2899672,30.5,79.5
2006-05-15,2.3651187,30.5,79.5
2006-05-16,1.8153554,30.5,79.5
2006-05-17,4.8507757,30.5,79.5
2006-05-18,1.7994827,30.5,79.5
2006-05-19,7.2205787,30.5,79.5
2006-05-20,7.0548835,30.5,79.5
2006-05-21,5.31278,30.5,79.5
2006-05-22,4.3585653,30.5,79.5
2006-05-23,1.2454435,30.5,79.5
2006-05-24,1.9949768,30.5,79.5
2006-05-25,2.8201833,30.5,79.5
2006-05-26,4.3634586,30.5,79.5
2006-05-27,4.0997076,30.5,79.5
2006-05-28,5.6464205,30.5,79.5
2006-05-29,2.944602,30.5,79.5
2006-05-30,4.2405596,30.5,79.5
2006-05-31,3.3719523,30.5,79.5
2006-06-01,1.8050638,30.5,79.5
2006-06-02,3.649587,30.5,79.5
2006-06-03,6.456217,30.5,79.5
2006-06-04,9.070494,30.5,79.5
2006-06-05,8.348872,30.5,79.5
2006-06-06,1.9218196,30.5,79.5
2006-06-07,1.4735404,30.5,79.5
2006-06-08,5.0048747,30.5,79.5
2006-06-09,1.9817086,30.5,79.5
2006-06-10,3.5235133,30.5,79.5
2006-06-11,6.443135,30.5,79.5
2006-06-12,0.99411356,30.5,79.5
2006-06-13,2.812649,30.5,79.5
2006-06-14,1.8472927,30.5,79.5
2006-06-15,3.612405,30.5,79.5
2006-06-16,5.6900973,30.5,79.5
2006-06-17,3.4453094,30.5,79.5
2006-06-18,1.1580695,30.5,79.5
2006-06-19,3.224697,30.5,79.5
2006-06-20,4.0758,30.5,79.5
2006-06-21,2.7128856,30.5,79.5
2006-06-22,1.9052469,30.5,79.5
2006-06-23,2.3475637,30.5,79.5
2006-06-24,1.3501757,30.5,79.5
2006-06-25,1.9481958,30.5,79.5
2006-06-26,3.9975438,30.5,79.5
2006-06-27,6.922066,30.5,79.5
2006-06-28,3.9475887,30.5,79.5
2006-06-29,5.2746873,30.5,79.5
2006-06-30,6.9284353,30.5,79.5
2006-07-01,3.1742334,30.5,79.5
2006-07-02,2.9294639,30.5,79.5
2006-07-03,4.946645,30.5,79.5
2006-07-04,2.9116893,30.5,79.5
2006-07-05,3.2330313,30.5,79.5
2006-07-06,5.03101,30.5,79.5
2006-07-07,3.3532028,30.5,79.5
2006-07-08,2.7018507,30.5,79.5
2006-07-09,9.1613245,30.5,79.5
2006-07-10,9.307477,30.5,79.5
2006-07-11,5.9571176,30.5,79.5
2006-07-12,5.5652113,30.5,79.5
2006-07-13,8.745377,30.5,79.5
2006-07-14,7.073774,30.5,79.5
2006-07-15,3.9236805,30.5,79.5
2006-07-16,5.3626266,30.5,79.5
2006-07-17,9.644702,30.5,79.5
2006-07-18,6.4205236,30.5,79.5
2006-07-19,4.305979,30.5,79.5
2006-07-20,6.7813964,30.5,79.5
2006-07-21,8.412717,30.5,79.5
2006-07-22,8.324252,30.5,79.5
2006-07-23,7.032097,30.5,79.5
2006-07-24,3.5825012,30.5,79.5
2006-07-25,4.7878156,30.5,79.5
2006-07-26,7.0276036,30.5,79.5
2006-07-27,12.27943,30.5,79.5
2006-07-28,3.564232,30.5,79.5
2006-07-29,3.9699924,30.5,79.5
2006-07-30,3.1214952,30.5,79.5
2006-07-31,5.392235,30.5,79.5
2006-08-01,5.9945602,30.5,79.5
2006-08-02,3.631499,30.5,79.5
2006-08-03,4.234477,30.5,79.5
2006-08-04,6.8323646,30.5,79.5
2006-08-05,3.7306833,30.5,79.5
2006-08-06,5.5922623,30.5,79.5
2006-08-07,8.1093235,30.5,79.5
2006-08-08,6.7665286,30.5,79.5
2006-08-09,7.093435,30.5,79.5
2006-08-10,6.2773833,30.5,79.5
2006-08-11,3.7734745,30.5,79.5
2006-08-12,3.5533545,30.5,79.5
2006-08-13,3.4575524,30.5,79.5
2006-08-14,8.444251,30.5,79.5
2006-08-15,7.3623905,30.5,79.5
2006-08-16,7.8576794,30.5,79.5
2006-08-17,6.0845017,30.5,79.5
2006-08-18,2.7194269,30.5,79.5
2006-08-19,2.848164,30.5,79.5
2006-08-20,3.8480935,30.5,79.5
2006-08-21,5.6124744,30.5,79.5
2006-08-22,3.8410945,30.5,79.5
2006-08-23,5.25732,30.5,79.5
2006-08-24,4.6549196,30.5,79.5
2006-08-25,5.2056494,30.5,79.5
2006-08-26,2.6139975,30.5,79.5
2006-08-27,9.154214,30.5,79.5
2006-08-28,9.083246,30.5,79.5
2006-08-29,7.3199635,30.5,79.5
2006-08-30,5.2060785,30.5,79.5
2006-08-31,7.198253,30.5,79.5
2006-09-01,4.0796723,30.5,79.5
2006-09-02,8.173399,30.5,79.5
2006-09-03,2.3199668,30.5,79.5
2006-09-04,1.25621,30.5,79.5
2006-09-05,3.7643483,30.5,79.5
2006-09-06,1.6942897,30.5,79.5
2006-09-07,2.7825096,30.5,79.5
2006-09-08,3.923435,30.5,79.5
2006-09-09,2.464065,30.5,79.5
2006-09-10,7.455586,30.5,79.5
2006-09-11,2.9314094,30.5,79.5
2006-09-12,6.3432965,30.5,79.5
2006-09-13,2.1382024,30.5,79.5
2006-09-14,3.5942361,30.5,79.5
2006-09-15,2.233996,30.5,79.5
2006-09-16,1.7880805,30.5,79.5
2006-09-17,2.596749,30.5,79.5
2006-09-18,1.5446517,30.5,79.5
2006-09-19,4.6620207,30.5,79.5
2006-09-20,11.008228,30.5,79.5
2006-09-21,3.2719562,30.5,79.5
2006-09-22,4.7754397,30.5,79.5
2006-09-23,2.7509568,30.5,79.5
2006-09-24,1.2946526,30.5,79.5
2006-09-25,1.4154955,30.5,79.5
2006-09-26,1.4635683,30.5,79.5
2006-09-27,2.2239118,30.5,79.5
2006-09-28,1.7362405,30.5,79.5
2006-09-29,1.5869776,30.5,79.5
2006-09-30,2.2160876,30.5,79.5
2006-10-01,1.8770142,30.5,79.5
2006-10-02,2.1859317,30.5,79.5
2006-10-03,2.6483116,30.5,79.5
2006-10-04,2.0506134,30.5,79.5
2006-10-05,1.8934468,30.5,79.5
2006-10-06,1.2237328,30.5,79.5
2006-10-07,3.0481062,30.5,79.5
2006-10-08,2.4677248,30.5,79.5
2006-10-09,1.1368479,30.5,79.5
2006-10-10,1.7381594,30.5,79.5
2006-10-11,2.3947217,30.5,79.5
2006-10-12,2.3462088,30.5,79.5
2006-10-13,2.4015644,30.5,79.5
2006-10-14,3.0936844,30.5,79.5
2006-10-15,2.2276556,30.5,79.5
2006-10-16,1.1718425,30.5,79.5
2006-10-17,1.2062876,30.5,79.5
2006-10-18,1.8953507,30.5,79.5
2006-10-19,2.5642126,30.5,79.5
2006-10-20,3.1246958,30.5,79.5
2006-10-21,5.477357,30.5,79.5
2006-10-22,2.5072021,30.5,79.5
2006-10-23,2.8690555,30.5,79.5
2006-10-24,2.0335546,30.5,79.5
2006-10-25,1.1481016,30.5,79.5
2006-10-26,1.1213585,30.5,79.5
2006-10-27,1.625286,30.5,79.5
2006-10-28,0.7281062,30.5,79.5
2006-10-29,2.1841896,30.5,79.5
2006-10-30,1.5676647,30.5,79.5
2006-10-31,1.2696164,30.5,79.5
2006-11-01,2.7623467,30.5,79.5
2006-11-02,3.5657618,30.5,79.5
2006-11-03,0.70871854,30.5,79.5
2006-11-04,1.0760484,30.5,79.5
2006-11-05,2.02194,30.5,79.5
2006-11-06,2.104029,30.5,79.5
2006-11-07,1.793782,30.5,79.5
2006-11-08,2.1146524,30.5,79.5
2006-11-09,2.2286265,30.5,79.5
2006-11-10,1.4097449,30.5,79.5
2006-11-11,1.5296515,30.5,79.5
2006-11-12,1.74491,30.5,79.5
2006-11-13,1.3794683,30.5,79.5
2006-11-14,1.6247715,30.5,79.5
2006-11-15,2.3071413,30.5,79.5
2006-11-16,1.9538722,30.5,79.5
2006-11-17,1.3865038,30.5,79.5
2006-11-18,1.6037532,30.5,79.5
2006-11-19,1.5445031,30.5,79.5
2006-11-20,1.2219956,30.5,79.5
2006-11-21,1.5881705,30.5,79.5
2006-11-22,1.2600912,30.5,79.5
2006-11-23,1.5016639,30.5,79.5
2006-11-24,1.649248,30.5,79.5
2006-11-25,1.689983,30.5,79.5
2006-11-26,1.2170389,30.5,79.5
2006-11-27,1.8597453,30.5,79.5
2006-11-28,1.6082522,30.5,79.5
2006-11-29,1.1292883,30.5,79.5
2006-11-30,1.7747066,30.5,79.5
2006-12-01,1.5126588,30.5,79.5
2006-12-02,1.6892765,30.5,79.5
2006-12-03,2.4275336,30.5,79.5
2006-12-04,1.4114654,30.5,79.5
2006-12-05,5.666519,30.5,79.5
2006-12-06,6.1614056,30.5,79.5
2006-12-07,1.6757128,30.5,79.5
2006-12-08,1.2973921,30.5,79.5
2006-12-09,1.7746532,30.5,79.5
2006-12-10,8.632245,30.5,79.5
2006-12-11,3.1115744,30.5,79.5
2006-12-12,2.6115158,30.5,79.5
2006-12-13,1.5945195,30.5,79.5
2006-12-14,1.4482754,30.5,79.5
2006-12-15,1.5580096,30.5,79.5
2006-12-16,1.8375335,30.5,79.5
2006-12-17,1.7344587,30.5,79.5
2006-12-18,1.9963483,30.5,79.5
2006-12-19,1.1680198,30.5,79.5
2006-12-20,1.6372427,30.5,79.5
2006-12-21,1.6828258,30.5,79.5
2006-12-22,1.3165406,30.5,79.5
2006-12-23,1.6399095,30.5,79.5
2006-12-24,2.1313632,30.5,79.5
2006-12-25,3.0036001,30.5,79.5
2006-12-26,2.4188936,30.5,79.5
2006-12-27,3.022139,30.5,79.5
2006-12-28,1.7169498,30.5,79.5
2006-12-29,1.6647938,30.5,79.5
2006-12-30,1.4229692,30.5,79.5
2006-12-31,1.5104452,30.5,79.5
2007-01-01,2.1738505,30.5,79.5
2007-01-02,1.5556448,30.5,79.5
2007-01-03,1.8981674,30.5,79.5
2007-01-04,2.3028038,30.5,79.5
2007-01-05,2.5608792,30.5,79.5
2007-01-06,2.2373621,30.5,79.5
2007-01-07,2.0340917,30.5,79.5
2007-01-08,2.1267087,30.5,79.5
2007-01-09,2.1371627,30.5,79.5
2007-01-10,1.4452931,30.5,79.5
2007-01-11,1.814289,30.5,79.5
2007-01-12,1.7758031,30.5,79.5
2007-01-13,1.2410098,30.5,79.5
2007-01-14,1.416823,30.5,79.5
2007-01-15,1.8053906,30.5,79.5
2007-01-16,1.322719,30.5,79.5
2007-01-17,1.7697589,30.5,79.5
2007-01-18,1.8673542,30.5,79.5
2007-01-19,2.0900583,30.5,79.5
2007-01-20,2.2216172,30.5,79.5
2007-01-21,2.3389184,30.5,79.5
2007-01-22,2.8493392,30.5,79.5
2007-01-23,2.0390515,30.5,79.5
2007-01-24,1.4424319,30.5,79.5
2007-01-25,2.6764655,30.5,79.5
2007-01-26,2.3670516,30.5,79.5
2007-01-27,1.7223256,30.5,79.5
2007-01-28,2.1238582,30.5,79.5
2007-01-29,1.9210516,30.5,79.5
2007-01-30,1.9986324,30.5,79.5
2007-01-31,4.3167696,30.5,79.5
2007-02-01,2.2321992,30.5,79.5
2007-02-02,2.5010924,30.5,79.5
2007-02-03,2.0237095,30.5,79.5
2007-02-04,2.5280926,30.5,79.5
2007-02-05,6.6969657,30.5,79.5
2007-02-06,2.6395295,30.5,79.5
2007-02-07,4.1680365,30.5,79.5
2007-02-08,2.6124136,30.5,79.5
2007-02-09,2.402473,30.5,79.5
2007-02-10,4.8339233,30.5,79.5
2007-02-11,16.281187,30.5,79.5
2007-02-12,11.89632,30.5,79.5
2007-02-13,13.16545,30.5,79.5
2007-02-14,7.7458224,30.5,79.5
2007-02-15,4.7620416,30.5,79.5
2007-02-16,3.5180902,30.5,79.5
2007-02-17,4.3469386,30.5,79.5
2007-02-18,1.6645018,30.5,79.5
2007-02-19,3.1144097,30.5,79.5
2007-02-20,2.057241,30.5,79.5
2007-02-21,1.7926515,30.5,79.5
2007-02-22,2.1110034,30.5,79.5
2007-02-23,2.7413735,30.5,79.5
2007-02-24,2.6960886,30.5,79.5
2007-02-25,2.338363,30.5,79.5
2007-02-26,2.1368375,30.5,79.5
2007-02-27,3.5793314,30.5,79.5
2007-02-28,9.025503,30.5,79.5
2007-03-01,12.889833,30.5,79.5
2007-03-02,7.9011335,30.5,79.5
2007-03-03,0.5639733,30.5,79.5
2007-03-04,0.7861853,30.5,79.5
2007-03-05,0.13537663,30.5,79.5
2007-03-06,0.05788796,30.5,79.5
2007-03-07,1.1045074,30.5,79.5
2007-03-08,1.3259948,30.5,79.5
2007-03-09,0.77523357,30.5,79.5
2007-03-10,0.53007066,30.5,79.5
2007-03-11,17.609964,30.5,79.5
2007-03-12,19.744661,30.5,79.5
2007-03-13,33.446278,30.5,79.5
2007-03-14,13.605181,30.5,79.5
2007-03-15,3.727928,30.5,79.5
2007-03-16,0.75218195,30.5,79.5
2007-03-17,0.6837339,30.5,79.5
2007-03-18,0.58266354,30.5,79.5
2007-03-19,0.44949478,30.5,79.5
2007-03-20,5.601571,30.5,79.5
2007-03-21,0.47178364,30.5,79.5
2007-03-22,5.891206,30.5,79.5
2007-03-23,0.5957377,30.5,79.5
2007-03-24,0.7152571,30.5,79.5
2007-03-25,2.156266,30.5,79.5
2007-03-26,0.47673914,30.5,79.5
2007-03-27,0.38778108,30.5,79.5
2007-03-28,0.5745548,30.5,79.5
2007-03-29,0.46456358,30.5,79.5
2007-03-30,0.4663997,30.5,79.5
2007-03-31,1.31715,30.5,79.5
2007-04-01,0.67936975,30.5,79.5
2007-04-02,1.5402112,30.5,79.5
2007-04-03,0.49665248,30.5,79.5
2007-04-04,0.34791052,30.5,79.5
2007-04-05,0.62873304,30.5,79.5
2007-04-06,3.8844907,30.5,79.5
2007-04-07,2.9547844,30.5,79.5
2007-04-08,1.983626,30.5,79.5
2007-04-09,1.1774628,30.5,79.5
2007-04-10,2.1535187,30.5,79.5
2007-04-11,2.7163954,30.5,79.5
2007-04-12,2.3660438,30.5,79.5
2007-04-13,0.4373535,30.5,79.5
2007-04-14,3.541595,30.5,79.5
2007-04-15,3.1254137,30.5,79.5
2007-04-16,1.879207,30.5,79.5
2007-04-17,1.5553737,30.5,79.5
2007-04-18,9.55001,30.5,79.5
2007-04-19,5.525363,30.5,79.5
2007-04-20,3.3028495,30.5,79.5
2007-04-21,2.1472025,30.5,79.5
2007-04-22,4.939793,30.5,79.5
2007-04-23,3.5771954,30.5,79.5
2007-04-24,2.040365,30.5,79.5
2007-04-25,1.5269939,30.5,79.5
2007-04-26,3.075489,30.5,79.5
2007-04-27,0.32776895,30.5,79.5
2007-04-28,0.30034873,30.5,79.5
2007-04-29,0.62132996,30.5,79.5
2007-04-30,2.2846134,30.5,79.5
2007-05-01,2.846896,30.5,79.5
2007-05-02,4.655378,30.5,79.5
2007-05-03,4.717437,30.5,79.5
2007-05-04,0.025869625,30.5,79.5
2007-05-05,1.2298211,30.5,79.5
2007-05-06,1.660442,30.5,79.5
2007-05-07,2.9372451,30.5,79.5
2007-05-08,1.8727078,30.5,79.5
2007-05-09,0.14155275,30.5,79.5
2007-05-10,3.1365292,30.5,79.5
2007-05-11,1.0240037,30.5,79.5
2007-05-12,3.167158,30.5,79.5
2007-05-13,0.9498212,30.5,79.5
2007-05-14,2.7885022,30.5,79.5
2007-05-15,0.62581325,30.5,79.5
2007-05-16,0.68523294,30.5,79.5
2007-05-17,2.8121943,30.5,79.5
2007-05-18,2.2416317,30.5,79.5
2007-05-19,2.8910203,30.5,79.5
2007-05-20,1.7984946,30.5,79.5
2007-05-21,25.104414,30.5,79.5
2007-05-22,1.0105121,30.5,79.5
2007-05-23,0.9481275,30.5,79.5
2007-05-24,0.7270618,30.5,79.5
2007-05-25,0.17682809,30.5,79.5
2007-05-26,1.9699959,30.5,79.5
2007-05-27,2.7911594,30.5,79.5
2007-05-28,0.22579403,30.5,79.5
2007-05-29,0.2509783,30.5,79.5
2007-05-30,4.1379094,30.5,79.5
2007-05-31,0.889472,30.5,79.5
2007-06-01,2.1141407,30.5,79.5
2007-06-02,2.0742052,30.5,79.5
2007-06-03,4.8374557,30.5,79.5
2007-06-04,2.5874736,30.5,79.5
2007-06-05,2.397518,30.5,79.5
2007-06-06,1.9426829,30.5,79.5
2007-06-07,2.2926662,30.5,79.5
2007-06-08,1.019468,30.5,79.5
2007-06-09,2.4380648,30.5,79.5
2007-06-10,5.4917245,30.5,79.5
2007-06-11,2.4449754,30.5,79.5
2007-06-12,1.1438683,30.5,79.5
2007-06-13,1.5645071,30.5,79.5
2007-06-14,4.667959,30.5,79.5
2007-06-15,2.804301,30.5,79.5
2007-06-16,8.074991,30.5,79.5
2007-06-17,4.4617624,30.5,79.5
2007-06-18,2.3876348,30.5,79.5
2007-06-19,2.3445778,30.5,79.5
2007-06-20,3.5054195,30.5,79.5
2007-06-21,2.980125,30.5,79.5
2007-06-22,4.779493,30.5,79.5
2007-06-23,11.24936,30.5,79.5
2007-06-24,4.6067114,30.5,79.5
2007-06-25,3.5858076,30.5,79.5
2007-06-26,4.761781,30.5,79.5
2007-06-27,2.804081,30.5,79.5
2007-06-28,4.2761717,30.5,79.5
2007-06-29,4.443753,30.5,79.5
2007-06-30,5.198863,30.5,79.5
2007-07-01,5.0909224,30.5,79.5
2007-07-02,9.043981,30.5,79.5
2007-07-03,8.292436,30.5,79.5
2007-07-04,9.445239,30.5,79.5
2007-07-05,6.8347692,30.5,79.5
2007-07-06,8.61202,30.5,79.5
2007-07-07,18.915644,30.5,79.5
2007-07-08,11.0775585,30.5,79.5
2007-07-09,6.4090943,30.5,79.5
2007-07-10,5.297192,30.5,79.5
2007-07-11,8.519316,30.5,79.5
2007-07-12,10.643666,30.5,79.5
2007-07-13,9.181063,30.5,79.5
2007-07-14,7.2669363,30.5,79.5
2007-07-15,4.120793,30.5,79.5
2007-07-16,3.8903766,30.5,79.5
2007-07-17,3.073231,30.5,79.5
2007-07-18,3.2205591,30.5,79.5
2007-07-19,2.8558722,30.5,79.5
2007-07-20,3.750179,30.5,79.5
2007-07-21,8.707645,30.5,79.5
2007-07-22,8.422311,30.5,79.5
2007-07-23,10.830496,30.5,79.5
2007-07-24,8.792921,30.5,79.5
2007-07-25,16.60459,30.5,79.5
2007-07-26,17.76368,30.5,79.5
2007-07-27,8.556205,30.5,79.5
2007-07-28,7.061249,30.5,79.5
2007-07-29,4.557396,30.5,79.5
2007-07-30,2.7738397,30.5,79.5
2007-07-31,2.004578,30.5,79.5
2007-08-01,7.422998,30.5,79.5
2007-08-02,18.376684,30.5,79.5
2007-08-03,7.766151,30.5,79.5
2007-08-04,15.145167,30.5,79.5
2007-08-05,5.847831,30.5,79.5
2007-08-06,12.735162,30.5,79.5
2007-08-07,14.013316,30.5,79.5
2007-08-08,5.8784385,30.5,79.5
2007-08-09,4.433702,30.5,79.5
2007-08-10,2.5325432,30.5,79.5
2007-08-11,6.436578,30.5,79.5
2007-08-12,7.241823,30.5,79.5
2007-08-13,15.019751,30.5,79.5
2007-08-14,9.339713,30.5,79.5
2007-08-15,5.2813015,30.5,79.5
2007-08-16,7.815166,30.5,79.5
2007-08-17,1.7094762,30.5,79.5
2007-08-18,4.238384,30.5,79.5
2007-08-19,5.081645,30.5,79.5
2007-08-20,6.6031485,30.5,79.5
2007-08-21,6.9275928,30.5,79.5
2007-08-22,1.4912738,30.5,79.5
2007-08-23,2.2272847,30.5,79.5
2007-08-24,7.6883297,30.5,79.5
2007-08-25,12.815198,30.5,79.5
2007-08-26,8.430899,30.5,79.5
2007-08-27,7.1549625,30.5,79.5
2007-08-28,11.813812,30.5,79.5
2007-08-29,9.729631,30.5,79.5
2007-08-30,6.5443234,30.5,79.5
2007-08-31,11.253811,30.5,79.5
2007-09-01,5.049211,30.5,79.5
2007-09-02,6.9782734,30.5,79.5
2007-09-03,26.382204,30.5,79.5
2007-09-04,6.175613,30.5,79.5
2007-09-05,8.631135,30.5,79.5
2007-09-06,16.427288,30.5,79.5
2007-09-07,13.53293,30.5,79.5
2007-09-08,2.3779182,30.5,79.5
2007-09-09,2.513244,30.5,79.5
2007-09-10,4.069563,30.5,79.5
2007-09-11,1.765862,30.5,79.5
2007-09-12,4.315587,30.5,79.5
2007-09-13,3.5235713,30.5,79.5
2007-09-14,3.0600665,30.5,79.5
2007-09-15,4.9325824,30.5,79.5
2007-09-16,1.9247227,30.5,79.5
2007-09-17,1.2828617,30.5,79.5
2007-09-18,6.9452176,30.5,79.5
2007-09-19,6.926694,30.5,79.5
2007-09-20,10.3601055,30.5,79.5
2007-09-21,6.1448307,30.5,79.5
2007-09-22,5.964709,30.5,79.5
2007-09-23,1.7345502,30.5,79.5
2007-09-24,1.5543976,30.5,79.5
2007-09-25,4.5634284,30.5,79.5
2007-09-26,19.31593,30.5,79.5
2007-09-27,19.347933,30.5,79.5
2007-09-28,9.528726,30.5,79.5
2007-09-29,18.269405,30.5,79.5
2007-09-30,1.107531,30.5,79.5
2007-10-01,0.84725314,30.5,79.5
2007-10-02,0.91027457,30.5,79.5
2007-10-03,1.0036703,30.5,79.5
2007-10-04,2.3998427,30.5,79.5
2007-10-05,1.6429304,30.5,79.5
2007-10-06,1.0388983,30.5,79.5
2007-10-07,1.1970289,30.5,79.5
2007-10-08,2.4300432,30.5,79.5
2007-10-09,4.5966563,30.5,79.5
2007-10-10,2.3344777,30.5,79.5
2007-10-11,2.4738579,30.5,79.5
2007-10-12,3.4508977,30.5,79.5
2007-10-13,2.0869937,30.5,79.5
2007-10-14,1.4131621,30.5,79.5
2007-10-15,1.5247756,30.5,79.5
2007-10-16,7.009096,30.5,79.5
2007-10-17,8.841382,30.5,79.5
2007-10-18,2.2455447,30.5,79.5
2007-10-19,2.6427188,30.5,79.5
2007-10-20,2.334738,30.5,79.5
2007-10-21,2.3487854,30.5,79.5
2007-10-22,7.9595346,30.5,79.5
2007-10-23,2.3139913,30.5,79.5
2007-10-24,1.3535659,30.5,79.5
2007-10-25,1.4732785,30.5,79.5
2007-10-26,2.00761,30.5,79.5
2007-10-27,1.3756802,30.5,79.5
2007-10-28,2.260583,30.5,79.5
2007-10-29,2.3700788,30.5,79.5
2007-10-30,1.32392,30.5,79.5
2007-10-31,1.7877538,30.5,79.5
2007-11-01,1.7364234,30.5,79.5
2007-11-02,1.8223577,30.5,79.5
2007-11-03,2.1999497,30.5,79.5
2007-11-04,1.9952825,30.5,79.5
2007-11-05,1.1896089,30.5,79.5
2007-11-06,2.2532065,30.5,79.5
2007-11-07,2.4424045,30.5,79.5
2007-11-08,2.3970532,30.5,79.5
2007-11-09,8.774547,30.5,79.5
2007-11-10,1.3488742,30.5,79.5
2007-11-11,0.76161736,30.5,79.5
2007-11-12,2.0644708,30.5,79.5
2007-11-13,2.4108734,30.5,79.5
2007-11-14,2.6517327,30.5,79.5
2007-11-15,1.069505,30.5,79.5
2007-11-16,1.4428883,30.5,79.5
2007-11-17,1.5920345,30.5,79.5
2007-11-18,2.002153,30.5,79.5
2007-11-19,1.7036933,30.5,79.5
2007-11-20,1.540591,30.5,79.5
2007-11-21,1.504689,30.5,79.5
2007-11-22,1.9552486,30.5,79.5
2007-11-23,1.79978,30.5,79.5
2007-11-24,1.7276473,30.5,79.5
2007-11-25,2.3043933,30.5,79.5
2007-11-26,1.8445075,30.5,79.5
2007-11-27,1.2966379,30.5,79.5
2007-11-28,1.9729902,30.5,79.5
2007-11-29,1.5719702,30.5,79.5
2007-11-30,1.384055,30.5,79.5
2007-12-01,2.6178727,30.5,79.5
2007-12-02,2.3013117,30.5,79.5
2007-12-03,3.0133986,30.5,79.5
2007-12-04,3.3299832,30.5,79.5
2007-12-05,2.175814,30.5,79.5
2007-12-06,1.678871,30.5,79.5
2007-12-07,1.655375,30.5,79.5
2007-12-08,2.1036048,30.5,79.5
2007-12-09,1.3833148,30.5,79.5
2007-12-10,4.2092075,30.5,79.5
2007-12-11,3.5746584,30.5,79.5
2007-12-12,3.4218836,30.5,79.5
2007-12-13,3.7680252,30.5,79.5
2007-12-14,4.509326,30.5,79.5
2007-12-15,1.5973288,30.5,79.5
2007-12-16,1.6173031,30.5,79.5
2007-12-17,1.6121768,30.5,79.5
2007-12-18,1.5577792,30.5,79.5
2007-12-19,2.526013,30.5,79.5
2007-12-20,2.1037793,30.5,79.5
2007-12-21,2.1846654,30.5,79.5
2007-12-22,1.8389798,30.5,79.5
2007-12-23,1.1906148,30.5,79.5
2007-12-24,1.4782187,30.5,79.5
2007-12-25,2.9156914,30.5,79.5
2007-12-26,2.2061105,30.5,79.5
2007-12-27,2.7359824,30.5,79.5
2007-12-28,1.8368391,30.5,79.5
2007-12-29,1.8439574,30.5,79.5
2007-12-30,1.5001606,30.5,79.5
2007-12-31,2.0352786,30.5,79.5
2008-01-01,2.9656985,30.5,79.5
2008-01-02,2.5295331,30.5,79.5
2008-01-03,2.7977605,30.5,79.5
2008-01-04,2.8979027,30.5,79.5
2008-01-05,2.9733036,30.5,79.5
2008-01-06,3.117492,30.5,79.5
2008-01-07,2.7822614,30.5,79.5
2008-01-08,5.649443,30.5,79.5
2008-01-09,5.0417695,30.5,79.5
2008-01-10,3.9140625,30.5,79.5
2008-01-11,3.8319883,30.5,79.5
2008-01-12,2.5099273,30.5,79.5
2008-01-13,3.0291746,30.5,79.5
2008-01-14,2.7947614,30.5,79.5
2008-01-15,2.6472883,30.5,79.5
2008-01-16,3.1522386,30.5,79.5
2008-01-17,3.1091096,30.5,79.5
2008-01-18,4.91107,30.5,79.5
2008-01-19,9.511151,30.5,79.5
2008-01-20,4.9556794,30.5,79.5
2008-01-21,3.4510527,30.5,79.5
2008-01-22,2.801112,30.5,79.5
2008-01-23,2.225549,30.5,79.5
2008-01-24,2.768311,30.5,79.5
2008-01-25,2.29255,30.5,79.5
2008-01-26,2.8414738,30.5,79.5
2008-01-27,5.7717447,30.5,79.5
2008-01-28,5.406404,30.5,79.5
2008-01-29,3.4629056,30.5,79.5
2008-01-30,3.0877714,30.5,79.5
2008-01-31,2.4568918,30.5,79.5
2008-02-01,1.9799794,30.5,79.5
2008-02-02,1.7263788,30.5,79.5
2008-02-03,2.0278332,30.5,79.5
2008-02-04,3.5133111,30.5,79.5
2008-02-05,5.232005,30.5,79.5
2008-02-06,1.2194742,30.5,79.5
2008-02-07,3.8444777,30.5,79.5
2008-02-08,4.827894,30.5,79.5
2008-02-09,4.076135,30.5,79.5
2008-02-10,1.6283493,30.5,79.5
2008-02-11,2.1973925,30.5,79.5
2008-02-12,1.1279583,30.5,79.5
2008-02-13,1.6092708,30.5,79.5
2008-02-14,1.5077202,30.5,79.5
2008-02-15,1.569962,30.5,79.5
2008-02-16,1.1752849,30.5,79.5
2008-02-17,1.6959919,30.5,79.5
2008-02-18,2.4993744,30.5,79.5
2008-02-19,7.9064574,30.5,79.5
2008-02-20,2.4292865,30.5,79.5
2008-02-21,2.7109022,30.5,79.5
2008-02-22,2.1860745,30.5,79.5
2008-02-23,1.557738,30.5,79.5
2008-02-24,1.6382419,30.5,79.5
2008-02-25,4.418243,30.5,79.5
2008-02-26,3.4223752,30.5,79.5
2008-02-27,2.0853217,30.5,79.5
2008-02-28,2.731942,30.5,79.5
2008-02-29,2.718938,30.5,79.5
2008-03-01,2.2216132,30.5,79.5
2008-03-02,2.9365997,30.5,79.5
2008-03-03,3.1117592,30.5,79.5
2008-03-04,3.33128,30.5,79.5
2008-03-05,3.9465265,30.5,79.5
2008-03-06,1.9080596,30.5,79.5
2008-03-07,2.8101182,30.5,79.5
2008-03-08,5.520266,30.5,79.5
2008-03-09,1.1936069,30.5,79.5
2008-03-10,1.247599,30.5,79.5
2008-03-11,1.1462731,30.5,79.5
2008-03-12,1.95814,30.5,79.5
2008-03-13,1.6455146,30.5,79.5
2008-03-14,4.9027324,30.5,79.5
2008-03-15,2.2531695,30.5,79.5
2008-03-16,1.6649452,30.5,79.5
2008-03-17,2.482053,30.5,79.5
2008-03-18,2.0944057,30.5,79.5
2008-03-19,3.9154854,30.5,79.5
2008-03-20,2.1921818,30.5,79.5
2008-03-21,2.5905092,30.5,79.5
2008-03-22,1.980909,30.5,79.5
2008-03-23,2.616765,30.5,79.5
2008-03-24,2.5011923,30.5,79.5
2008-03-25,2.3132122,30.5,79.5
2008-03-26,2.251945,30.5,79.5
2008-03-27,1.7511744,30.5,79.5
2008-03-28,1.4804034,30.5,79.5
2008-03-29,2.5631487,30.5,79.5
2008-03-30,1.611327,30.5,79.5
2008-03-31,1.5539434,30.5,79.5
2008-04-01,9.77259,30.5,79.5
2008-04-02,2.8209815,30.5,79.5
2008-04-03,2.2825615,30.5,79.5
2008-04-04,7.427664,30.5,79.5
2008-04-05,4.3472877,30.5,79.5
2008-04-06,9.422326,30.5,79.5
2008-04-07,8.9911,30.5,79.5
2008-04-08,2.6007528,30.5,79.5
2008-04-09,1.5104884,30.5,79.5
2008-04-10,1.6686676,30.5,79.5
2008-04-11,1.4118241,30.5,79.5
2008-04-12,5.9311695,30.5,79.5
2008-04-13,5.0467105,30.5,79.5
2008-04-14,2.200208,30.5,79.5
2008-04-15,1.7011578,30.5,79.5
2008-04-16,5.8938785,30.5,79.5
2008-04-17,7.0678496,30.5,79.5
2008-04-18,2.4192038,30.5,79.5
2008-04-19,1.825046,30.5,79.5
2008-04-20,1.79625,30.5,79.5
2008-04-21,1.5763898,30.5,79.5
2008-04-22,2.2249908,30.5,79.5
2008-04-23,1.7526734,30.5,79.5
2008-04-24,2.0698044,30.5,79.5
2008-04-25,2.6302109,30.5,79.5
2008-04-26,1.6436175,30.5,79.5
2008-04-27,2.3322449,30.5,79.5
2008-04-28,2.3583286,30.5,79.5
2008-04-29,1.7657008,30.5,79.5
2008-04-30,2.1436496,30.5,79.5
2008-05-01,2.9104888,30.5,79.5
2008-05-02,2.6125252,30.5,79.5
2008-05-03,2.6774113,30.5,79.5
2008-05-04,3.5279214,30.5,79.5
2008-05-05,2.8929982,30.5,79.5
2008-05-06,3.1183422,30.5,79.5
2008-05-07,2.9218137,30.5,79.5
2008-05-08,3.0300534,30.5,79.5
2008-05-09,3.3076339,30.5,79.5
2008-05-10,2.9251676,30.5,79.5
2008-05-11,5.635844,30.5,79.5
2008-05-12,3.779659,30.5,79.5
2008-05-13,6.381395,30.5,79.5
2008-05-14,2.9418614,30.5,79.5
2008-05-15,2.9852233,30.5,79.5
2008-05-16,6.713991,30.5,79.5
2008-05-17,4.6677947,30.5,79.5
2008-05-18,2.761223,30.5,79.5
2008-05-19,4.217414,30.5,79.5
2008-05-20,3.131584,30.5,79.5
2008-05-21,5.565974,30.5,79.5
2008-05-22,2.2709835,30.5,79.5
2008-05-23,2.6022923,30.5,79.5
2008-05-24,3.2435503,30.5,79.5
2008-05-25,3.4022713,30.5,79.5
2008-05-26,3.8725314,30.5,79.5
2008-05-27,2.5072196,30.5,79.5
2008-05-28,3.0860267,30.5,79.5
2008-05-29,3.5556226,30.5,79.5
2008-05-30,2.2234168,30.5,79.5
2008-05-31,2.7786105,30.5,79.5
2008-06-01,6.937814,30.5,79.5
2008-06-02,0.027267786,30.5,79.5
2008-06-03,0.24344683,30.5,79.5
2008-06-04,0.050625745,30.5,79.5
2008-06-05,2.7876327,30.5,79.5
2008-06-06,2.5271697,30.5,79.5
2008-06-07,1.0630137,30.5,79.5
2008-06-08,3.0719786,30.5,79.5
2008-06-09,8.953868,30.5,79.5
2008-06-10,3.109238,30.5,79.5
2008-06-11,21.415907,30.5,79.5
2008-06-12,33.88971,30.5,79.5
2008-06-13,6.032436,30.5,79.5
2008-06-14,14.477698,30.5,79.5
2008-06-15,15.116691,30.5,79.5
2008-06-16,2.560497,30.5,79.5
2008-06-17,13.192332,30.5,79.5
2008-06-18,25.860498,30.5,79.5
2008-06-19,25.951977,30.5,79.5
2008-06-20,15.495886,30.5,79.5
2008-06-21,9.821272,30.5,79.5
2008-06-22,1.8026452,30.5,79.5
2008-06-23,2.5429797,30.5,79.5
2008-06-24,26.170023,30.5,79.5
2008-06-25,17.620268,30.5,79.5
2008-06-26,36.472733,30.5,79.5
2008-06-27,39.538326,30.5,79.5
2008-06-28,3.9845064,30.5,79.5
2008-06-29,19.426178,30.5,79.5
2008-06-30,34.662006,30.5,79.5
2008-07-01,15.1616535,30.5,79.5
2008-07-02,6.7060146,30.5,79.5
2008-07-03,7.101563,30.5,79.5
2008-07-04,5.347628,30.5,79.5
2008-07-05,3.4553485,30.5,79.5
2008-07-06,21.374582,30.5,79.5
2008-07-07,4.4137287,30.5,79.5
2008-07-08,7.810278,30.5,79.5
2008-07-09,19.38759,30.5,79.5
2008-07-10,0.7743912,30.5,79.5
2008-07-11,50.91938,30.5,79.5
2008-07-12,38.026344,30.5,79.5
2008-07-13,8.296453,30.5,79.5
2008-07-14,18.980135,30.5,79.5
2008-07-15,14.121876,30.5,79.5
2008-07-16,1.8473848,30.5,79.5
2008-07-17,9.556391,30.5,79.5
2008-07-18,1.5170898,30.5,79.5
2008-07-19,13.896247,30.5,79.5
2008-07-20,10.463664,30.5,79.5
2008-07-21,2.9603126,30.5,79.5
2008-07-22,5.260837,30.5,79.5
2008-07-23,2.7738826,30.5,79.5
2008-07-24,1.3371419,30.5,79.5
2008-07-25,12.981723,30.5,79.5
2008-07-26,16.7424,30.5,79.5
2008-07-27,18.077536,30.5,79.5
2008-07-28,3.6908097,30.5,79.5
2008-07-29,5.9509525,30.5,79.5
2008-07-30,41.76882,30.5,79.5
2008-07-31,44.531208,30.5,79.5
2008-08-01,7.439936,30.5,79.5
2008-08-02,4.532748,30.5,79.5
2008-08-03,8.692297,30.5,79.5
2008-08-04,10.373697,30.5,79.5
2008-08-05,7.425554,30.5,79.5
2008-08-06,7.2136297,30.5,79.5
2008-08-07,8.778164,30.5,79.5
2008-08-08,16.749401,30.5,79.5
2008-08-09,24.978464,30.5,79.5
2008-08-10,5.8376803,30.5,79.5
2008-08-11,27.127913,30.5,79.5
2008-08-12,6.6337056,30.5,79.5
2008-08-13,25.459703,30.5,79.5
2008-08-14,14.302125,30.5,79.5
2008-08-15,7.3713565,30.5,79.5
2008-08-16,6.579153,30.5,79.5
2008-08-17,8.93603,30.5,79.5
2008-08-18,7.162246,30.5,79.5
2008-08-19,6.860448,30.5,79.5
2008-08-20,6.143202,30.5,79.5
2008-08-21,14.789823,30.5,79.5
2008-08-22,23.703556,30.5,79.5
2008-08-23,11.014795,30.5,79.5
2008-08-24,0.0,30.5,79.5
2008-08-25,0.0,30.5,79.5
2008-08-26,3.4646204,30.5,79.5
2008-08-27,15.055647,30.5,79.5
2008-08-28,3.4127095,30.5,79.5
2008-08-29,2.0339088,30.5,79.5
2008-08-30,0.94692856,30.5,79.5
2008-08-31,3.6780183,30.5,79.5
2008-09-01,0.39669302,30.5,79.5
2008-09-02,2.1140244,30.5,79.5
2008-09-03,0.33237213,30.5,79.5
2008-09-04,0.08827215,30.5,79.5
2008-09-05,3.4236789,30.5,79.5
2008-09-06,5.7405796,30.5,79.5
2008-09-07,0.72424704,30.5,79.5
2008-09-08,1.185879,30.5,79.5
2008-09-09,0.0,30.5,79.5
2008-09-10,0.9369676,30.5,79.5
2008-09-11,10.409699,30.5,79.5
2008-09-12,6.0623813,30.5,79.5
2008-09-13,3.2387893,30.5,79.5
2008-09-14,3.323644,30.5,79.5
2008-09-15,1.4650214,30.5,79.5
2008-09-16,0.9382779,30.5,79.5
2008-09-17,1.3984983,30.5,79.5
2008-09-18,3.9611065,30.5,79.5
2008-09-19,16.348318,30.5,79.5
2008-09-20,37.758846,30.5,79.5
2008-09-21,10.635845,30.5,79.5
2008-09-22,7.156712,30.5,79.5
2008-09-23,13.901251,30.5,79.5
2008-09-24,3.6675875,30.5,79.5
2008-09-25,4.2919755,30.5,79.5
2008-09-26,0.56461775,30.5,79.5
2008-09-27,1.7767842,30.5,79.5
2008-09-28,1.2102529,30.5,79.5
2008-09-29,1.0949886,30.5,79.5
2008-09-30,1.379875,30.5,79.5
2008-10-01,0.0,30.5,79.5
2008-10-02,0.4099636,30.5,79.5
2008-10-03,0.0,30.5,79.5
2008-10-04,0.0,30.5,79.5
2008-10-05,4.3221054,30.5,79.5
2008-10-06,4.0727253,30.5,79.5
2008-10-07,6.072518,30.5,79.5
2008-10-08,12.452166,30.5,79.5
2008-10-09,2.4519417,30.5,79.5
2008-10-10,1.4100832,30.5,79.5
2008-10-11,0.2455645,30.5,79.5
2008-10-12,0.36716035,30.5,79.5
2008-10-13,1.7767489,30.5,79.5
2008-10-14,0.0,30.5,79.5
2008-10-15,5.4943376,30.5,79.5
2008-10-16,2.4434521,30.5,79.5
2008-10-17,0.8274285,30.5,79.5
2008-10-18,1.1463845,30.5,79.5
2008-10-19,0.48758832,30.5,79.5
2008-10-20,0.26265538,30.5,79.5
2008-10-21,0.41203466,30.5,79.5
2008-10-22,0.24874164,30.5,79.5
2008-10-23,0.22329018,30.5,79.5
2008-10-24,0.589425,30.5,79.5
2008-10-25,0.14078037,30.5,79.5
2008-10-26,0.86593574,30.5,79.5
2008-10-27,0.32503814,30.5,79.5
2008-10-28,0.33380577,30.5,79.5
2008-10-29,0.39618957,30.5,79.5
2008-10-30,0.4445881,30.5,79.5
2008-10-31,0.6778764,30.5,79.5
2008-11-01,0.80293256,30.5,79.5
2008-11-02,0.7767725,30.5,79.5
2008-11-03,0.4298113,30.5,79.5
2008-11-04,1.0187715,30.5,79.5
2008-11-05,0.25187632,30.5,79.5
2008-11-06,0.07144546,30.5,79.5
2008-11-07,0.0,30.5,79.5
2008-11-08,0.3219689,30.5,79.5
2008-11-09,0.0,30.5,79.5
2008-11-10,0.044537134,30.5,79.5
2008-11-11,0.17672552,30.5,79.5
2008-11-12,0.8420354,30.5,79.5
2008-11-13,1.4590038,30.5,79.5
2008-11-14,0.73430556,30.5,79.5
2008-11-15,0.3812123,30.5,79.5
2008-11-16,0.63693464,30.5,79.5
2008-11-17,0.8630497,30.5,79.5
2008-11-18,0.19581461,30.5,79.5
2008-11-19,4.777162,30.5,79.5
2008-11-20,7.742861,30.5,79.5
2008-11-21,0.2109517,30.5,79.5
2008-11-22,0.0,30.5,79.5
2008-11-23,0.074069776,30.5,79.5
2008-11-24,0.17385603,30.5,79.5
2008-11-25,0.1757674,30.5,79.5
2008-11-26,0.06444441,30.5,79.5
2008-11-27,0.98235476,30.5,79.5
2008-11-28,0.84264815,30.5,79.5
2008-11-29,1.3383414,30.5,79.5
2008-11-30,1.1270673,30.5,79.5
2008-12-01,3.1813695,30.5,79.5
2008-12-02,2.7665265,30.5,79.5
2008-12-03,2.6938796,30.5,79.5
2008-12-04,1.6230619,30.5,79.5
2008-12-05,1.148211,30.5,79.5
2008-12-06,1.0083419,30.5,79.5
2008-12-07,2.07702,30.5,79.5
2008-12-08,0.69328916,30.5,79.5
2008-12-09,2.1196208,30.5,79.5
2008-12-10,2.4518735,30.5,79.5
2008-12-11,2.502402,30.5,79.5
2008-12-12,1.5468199,30.5,79.5
2008-12-13,2.345264,30.5,79.5
2008-12-14,2.9401739,30.5,79.5
2008-12-15,1.4952959,30.5,79.5
2008-12-16,1.8378497,30.5,79.5
2008-12-17,2.0998917,30.5,79.5
2008-12-18,1.9506236,30.5,79.5
2008-12-19,1.9421135,30.5,79.5
2008-12-20,3.004275,30.5,79.5
2008-12-21,0.5668628,30.5,79.5
2008-12-22,1.0664698,30.5,79.5
2008-12-23,0.78614414,30.5,79.5
2008-12-24,0.64293045,30.5,79.5
2008-12-25,1.3777096,30.5,79.5
2008-12-26,1.6428635,30.5,79.5
2008-12-27,1.9452358,30.5,79.5
2008-12-28,2.3366904,30.5,79.5
2008-12-29,2.0318015,30.5,79.5
2008-12-30,1.8875582,30.5,79.5
2008-12-31,2.252267,30.5,79.5
2009-01-01,2.9533174,30.5,79.5
2009-01-02,2.5170794,30.5,79.5
2009-01-03,3.0259626,30.5,79.5
2009-01-04,2.7262092,30.5,79.5
2009-01-05,3.0079181,30.5,79.5
2009-01-06,2.062305,30.5,79.5
2009-01-07,1.8645955,30.5,79.5
2009-01-08,2.8532562,30.5,79.5
2009-01-09,2.4995449,30.5,79.5
2009-01-10,2.4897244,30.5,79.5
2009-01-11,1.8244988,30.5,79.5
2009-01-12,2.1707091,30.5,79.5
2009-01-13,2.3646138,30.5,79.5
2009-01-14,2.3319767,30.5,79.5
2009-01-15,1.928112,30.5,79.5
2009-01-16,2.2310638,30.5,79.5
2009-01-17,2.1556892,30.5,79.5
2009-01-18,2.523373,30.5,79.5
2009-01-19,1.7034185,30.5,79.5
2009-01-20,2.143133,30.5,79.5
2009-01-21,2.8843415,30.5,79.5
2009-01-22,2.4136884,30.5,79.5
2009-01-23,2.660766,30.5,79.5
2009-01-24,2.4144483,30.5,79.5
2009-01-25,1.8407592,30.5,79.5
2009-01-26,2.397322,30.5,79.5
2009-01-27,2.8478813,30.5,79.5
2009-01-28,2.204202,30.5,79.5
2009-01-29,2.4122176,30.5,79.5
2009-01-30,2.4179926,30.5,79.5
2009-01-31,2.959485,30.5,79.5
2009-02-01,0.7411162,30.5,79.5
2009-02-02,0.18475601,30.5,79.5
2009-02-03,0.79337245,30.5,79.5
2009-02-04,0.54802805,30.5,79.5
2009-02-05,0.7982978,30.5,79.5
2009-02-06,0.7689356,30.5,79.5
2009-02-07,0.48197475,30.5,79.5
2009-02-08,0.7513864,30.5,79.5
2009-02-09,1.2437767,30.5,79.5
2009-02-10,10.616027,30.5,79.5
2009-02-11,18.844145,30.5,79.5
2009-02-12,0.0,30.5,79.5
2009-02-13,0.95982134,30.5,79.5
2009-02-14,0.965418,30.5,79.5
2009-02-15,0.18528676,30.5,79.5
2009-02-16,0.09529116,30.5,79.5
2009-02-17,0.22378935,30.5,79.5
2009-02-18,0.39675656,30.5,79.5
2009-02-19,0.5034154,30.5,79.5
2009-02-20,0.7545294,30.5,79.5
2009-02-21,0.03494903,30.5,79.5
2009-02-22,0.6587064,30.5,79.5
2009-02-23,0.70321673,30.5,79.5
2009-02-24,0.8725441,30.5,79.5
2009-02-25,0.3591709,30.5,79.5
2009-02-26,0.73922986,30.5,79.5
2009-02-27,0.12554927,30.5,79.5
2009-02-28,0.9809669,30.5,79.5
2009-03-01,0.95418066,30.5,79.5
2009-03-02,1.5617734,30.5,79.5
2009-03-03,1.2514054,30.5,79.5
2009-03-04,1.5693535,30.5,79.5
2009-03-05,1.0786818,30.5,79.5
2009-03-06,0.65819705,30.5,79.5
2009-03-07,0.31658116,30.5,79.5
2009-03-08,0.53494287,30.5,79.5
2009-03-09,0.42997244,30.5,79.5
2009-03-10,1.2912418,30.5,79.5
2009-03-11,0.6018871,30.5,79.5
2009-03-12,1.1377198,30.5,79.5
2009-03-13,0.1330509,30.5,79.5
2009-03-14,0.7849192,30.5,79.5
2009-03-15,0.64083004,30.5,79.5
2009-03-16,0.50236017,30.5,79.5
2009-03-17,1.2384305,30.5,79.5
2009-03-18,1.2313657,30.5,79.5
2009-03-19,4.1283083,30.5,79.5
2009-03-20,9.269603,30.5,79.5
2009-03-21,4.106974,30.5,79.5
2009-03-22,3.201472,30.5,79.5
2009-03-23,1.2819088,30.5,79.5
2009-03-24,1.195956,30.5,79.5
2009-03-25,2.1263213,30.5,79.5
2009-03-26,9.322333,30.5,79.5
2009-03-27,6.661655,30.5,79.5
2009-03-28,1.1700281,30.5,79.5
2009-03-29,0.4148145,30.5,79.5
2009-03-30,0.11116109,30.5,79.5
2009-03-31,1.3006094,30.5,79.5
2009-04-01,2.5194457,30.5,79.5
2009-04-02,3.2537484,30.5,79.5
2009-04-03,3.397313,30.5,79.5
2009-04-04,2.8052711,30.5,79.5
2009-04-05,3.4011316,30.5,79.5
2009-04-06,2.9846275,30.5,79.5
2009-04-07,3.991497,30.5,79.5
2009-04-08,2.2395961,30.5,79.5
2009-04-09,4.268787,30.5,79.5
2009-04-10,4.140074,30.5,79.5
2009-04-11,3.1826742,30.5,79.5
2009-04-12,2.8281963,30.5,79.5
2009-04-13,3.1143823,30.5,79.5
2009-04-14,3.0574956,30.5,79.5
2009-04-15,2.7214067,30.5,79.5
2009-04-16,2.6486335,30.5,79.5
2009-04-17,2.683113,30.5,79.5
2009-04-18,3.0235124,30.5,79.5
2009-04-19,2.8594155,30.5,79.5
2009-04-20,2.810051,30.5,79.5
2009-04-21,2.7428842,30.5,79.5
2009-04-22,2.8226888,30.5,79.5
2009-04-23,3.1486938,30.5,79.5
2009-04-24,2.644447,30.5,79.5
2009-04-25,2.5635576,30.5,79.5
2009-04-26,3.105667,30.5,79.5
2009-04-27,3.1677392,30.5,79.5
2009-04-28,2.1361902,30.5,79.5
2009-04-29,2.533751,30.5,79.5
2009-04-30,2.8971624,30.5,79.5
2009-05-01,2.2738388,30.5,79.5
2009-05-02,2.0958736,30.5,79.5
2009-05-03,6.50421,30.5,79.5
2009-05-04,2.6054127,30.5,79.5
2009-05-05,1.8461124,30.5,79.5
2009-05-06,3.1167617,30.5,79.5
2009-05-07,2.8256116,30.5,79.5
2009-05-08,2.6419137,30.5,79.5
2009-05-09,2.6169379,30.5,79.5
2009-05-10,2.4561412,30.5,79.5
2009-05-11,3.5875916,30.5,79.5
2009-05-12,1.8423933,30.5,79.5
2009-05-13,3.0216157,30.5,79.5
2009-05-14,2.2426684,30.5,79.5
2009-05-15,4.634156,30.5,79.5
2009-05-16,3.3859944,30.5,79.5
2009-05-17,5.0080247,30.5,79.5
2009-05-18,5.4773016,30.5,79.5
2009-05-19,2.6016757,30.5,79.5
2009-05-20,5.3710833,30.5,79.5
2009-05-21,2.9119616,30.5,79.5
2009-05-22,2.4651473,30.5,79.5
2009-05-23,4.309378,30.5,79.5
2009-05-24,4.881113,30.5,79.5
2009-05-25,3.3856404,30.5,79.5
2009-05-26,3.0234554,30.5,79.5
2009-05-27,2.5824783,30.5,79.5
2009-05-28,4.0094876,30.5,79.5
2009-05-29,3.7467995,30.5,79.5
2009-05-30,4.245614,30.5,79.5
2009-05-31,3.038089,30.5,79.5
2009-06-01,3.2897024,30.5,79.5
2009-06-02,1.5517838,30.5,79.5
2009-06-03,1.8972288,30.5,79.5
2009-06-04,0.6184679,30.5,79.5
2009-06-05,2.210141,30.5,79.5
2009-06-06,3.1298745,30.5,79.5
2009-06-07,2.680915,30.5,79.5
2009-06-08,5.477475,30.5,79.5
2009-06-09,2.190933,30.5,79.5
2009-06-10,1.3097188,30.5,79.5
2009-06-11,1.045766,30.5,79.5
2009-06-12,2.1112816,30.5,79.5
2009-06-13,1.2259252,30.5,79.5
2009-06-14,3.0975945,30.5,79.5
2009-06-15,2.05357,30.5,79.5
2009-06-16,1.874063,30.5,79.5
2009-06-17,4.571784,30.5,79.5
2009-06-18,2.6014056,30.5,79.5
2009-06-19,1.6738937,30.5,79.5
2009-06-20,0.053435836,30.5,79.5
2009-06-21,1.3659368,30.5,79.5
2009-06-22,1.2562991,30.5,79.5
2009-06-23,1.072644,30.5,79.5
2009-06-24,1.0920535,30.5,79.5
2009-06-25,0.24260716,30.5,79.5
2009-06-26,1.1958581,30.5,79.5
2009-06-27,1.5626366,30.5,79.5
2009-06-28,7.522825,30.5,79.5
2009-06-29,5.1833096,30.5,79.5
2009-06-30,11.228804,30.5,79.5
2009-07-01,5.0086355,30.5,79.5
2009-07-02,2.7771044,30.5,79.5
2009-07-03,4.1003923,30.5,79.5
2009-07-04,0.90437573,30.5,79.5
2009-07-05,12.716855,30.5,79.5
2009-07-06,0.0,30.5,79.5
2009-07-07,2.9905863,30.5,79.5
2009-07-08,6.414285,30.5,79.5
2009-07-09,8.63874,30.5,79.5
2009-07-10,3.5855105,30.5,79.5
2009-07-11,5.3445463,30.5,79.5
2009-07-12,2.7111235,30.5,79.5
2009-07-13,15.529034,30.5,79.5
2009-07-14,19.848019,30.5,79.5
2009-07-15,8.44865,30.5,79.5
2009-07-16,0.14950576,30.5,79.5
2009-07-17,11.903593,30.5,79.5
2009-07-18,10.811702,30.5,79.5
2009-07-19,14.732261,30.5,79.5
2009-07-20,27.923868,30.5,79.5
2009-07-21,13.433367,30.5,79.5
2009-07-22,13.943021,30.5,79.5
2009-07-23,0.90598744,30.5,79.5
2009-07-24,20.250715,30.5,79.5
2009-07-25,5.705778,30.5,79.5
2009-07-26,5.31131,30.5,79.5
2009-07-27,17.834211,30.5,79.5
2009-07-28,9.809515,30.5,79.5
2009-07-29,21.561047,30.5,79.5
2009-07-30,4.371696,30.5,79.5
2009-07-31,0.51699746,30.5,79.5
2009-08-01,0.9162549,30.5,79.5
2009-08-02,0.0,30.5,79.5
2009-08-03,0.13352846,30.5,79.5
2009-08-04,3.0651572,30.5,79.5
2009-08-05,8.312474,30.5,79.5
2009-08-06,24.068182,30.5,79.5
2009-08-07,12.947155,30.5,79.5
2009-08-08,15.7521925,30.5,79.5
2009-08-09,2.5651057,30.5,79.5
2009-08-10,3.5175562,30.5,79.5
2009-08-11,9.18509,30.5,79.5
2009-08-12,0.50229686,30.5,79.5
2009-08-13,0.0,30.5,79.5
2009-08-14,6.2216945,30.5,79.5
2009-08-15,23.051373,30.5,79.5
2009-08-16,4.239093,30.5,79.5
2009-08-17,12.796118,30.5,79.5
2009-08-18,9.989767,30.5,79.5
2009-08-19,5.9273534,30.5,79.5
2009-08-20,2.770149,30.5,79.5
2009-08-21,0.0,30.5,79.5
2009-08-22,0.09732078,30.5,79.5
2009-08-23,0.9380683,30.5,79.5
2009-08-24,0.3553972,30.5,79.5
2009-08-25,12.182781,30.5,79.5
2009-08-26,13.647371,30.5,79.5
2009-08-27,12.555832,30.5,79.5
2009-08-28,12.154071,30.5,79.5
2009-08-29,8.354961,30.5,79.5
2009-08-30,19.19512,30.5,79.5
2009-08-31,29.342075,30.5,79.5
2009-09-01,4.4991903,30.5,79.5
2009-09-02,3.1963925,30.5,79.5
2009-09-03,9.319665,30.5,79.5
2009-09-04,7.303483,30.5,79.5
2009-09-05,16.986586,30.5,79.5
2009-09-06,15.631259,30.5,79.5
2009-09-07,2.1863008,30.5,79.5
2009-09-08,46.61644,30.5,79.5
2009-09-09,29.159702,30.5,79.5
2009-09-10,13.549053,30.5,79.5
2009-09-11,14.782001,30.5,79.5
2009-09-12,7.9739404,30.5,79.5
2009-09-13,0.33492634,30.5,79.5
2009-09-14,0.0,30.5,79.5
2009-09-15,4.174159,30.5,79.5
2009-09-16,0.90347594,30.5,79.5
2009-09-17,0.0,30.5,79.5
2009-09-18,0.10089403,30.5,79.5
2009-09-19,0.1331444,30.5,79.5
2009-09-20,2.35554,30.5,79.5
2009-09-21,7.1520824,30.5,79.5
2009-09-22,2.346411,30.5,79.5
2009-09-23,1.4982364,30.5,79.5
2009-09-24,1.5197612,30.5,79.5
2009-09-25,0.25061715,30.5,79.5
2009-09-26,0.17042701,30.5,79.5
2009-09-27,0.648991,30.5,79.5
2009-09-28,0.1956112,30.5,79.5
2009-09-29,1.0522392,30.5,79.5
2009-09-30,0.075526305,30.5,79.5
2009-10-01,1.030441,30.5,79.5
2009-10-02,0.5463124,30.5,79.5
2009-10-03,3.9411025,30.5,79.5
2009-10-04,8.135689,30.5,79.5
2009-10-05,23.85743,30.5,79.5
2009-10-06,7.9657135,30.5,79.5
2009-10-07,1.139496,30.5,79.5
2009-10-08,0.2620085,30.5,79.5
2009-10-09,1.5310569,30.5,79.5
2009-10-10,1.3418901,30.5,79.5
2009-10-11,0.12946166,30.5,79.5
2009-10-12,0.11377426,30.5,79.5
2009-10-13,0.16753767,30.5,79.5
2009-10-14,0.16374882,30.5,79.5
2009-10-15,0.16429785,30.5,79.5
2009-10-16,0.7652536,30.5,79.5
2009-10-17,0.97259355,30.5,79.5
2009-10-18,2.9167418,30.5,79.5
2009-10-19,0.7747275,30.5,79.5
2009-10-20,0.0,30.5,79.5
2009-10-21,1.734631,30.5,79.5
2009-10-22,0.0,30.5,79.5
2009-10-23,5.391433e-08,30.5,79.5
2009-10-24,0.1418828,30.5,79.5
2009-10-25,0.77694666,30.5,79.5
2009-10-26,1.0344723,30.5,79.5
2009-10-27,0.1716041,30.5,79.5
2009-10-28,0.022750545,30.5,79.5
2009-10-29,0.48886266,30.5,79.5
2009-10-30,0.62413996,30.5,79.5
2009-10-31,1.3693373,30.5,79.5
2009-11-01,0.94573593,30.5,79.5
2009-11-02,0.6856401,30.5,79.5
2009-11-03,0.0,30.5,79.5
2009-11-04,0.0,30.5,79.5
2009-11-05,0.17105861,30.5,79.5
2009-11-06,0.06851504,30.5,79.5
2009-11-07,0.110810965,30.5,79.5
2009-11-08,0.8103229,30.5,79.5
2009-11-09,0.0,30.5,79.5
2009-11-10,1.5017725,30.5,79.5
2009-11-11,0.0,30.5,79.5
2009-11-12,0.07155244,30.5,79.5
2009-11-13,7.2722263,30.5,79.5
2009-11-14,4.0982814,30.5,79.5
2009-11-15,2.2525547,30.5,79.5
2009-11-16,1.90929,30.5,79.5
2009-11-17,0.7429945,30.5,79.5
2009-11-18,0.79153234,30.5,79.5
2009-11-19,0.17436336,30.5,79.5
2009-11-20,1.5339777,30.5,79.5
2009-11-21,1.8316051,30.5,79.5
2009-11-22,2.7806635,30.5,79.5
2009-11-23,1.8073777,30.5,79.5
2009-11-24,1.1517079,30.5,79.5
2009-11-25,0.6417319,30.5,79.5
2009-11-26,2.8804681,30.5,79.5
2009-11-27,1.9163088,30.5,79.5
2009-11-28,2.0084975,30.5,79.5
2009-11-29,3.1073143,30.5,79.5
2009-11-30,1.9987988,30.5,79.5
2009-12-01,1.1355968,30.5,79.5
2009-12-02,0.47310066,30.5,79.5
2009-12-03,1.292881,30.5,79.5
2009-12-04,1.611411,30.5,79.5
2009-12-05,1.73539,30.5,79.5
2009-12-06,1.9726326,30.5,79.5
2009-12-07,1.0728588,30.5,79.5
2009-12-08,0.0,30.5,79.5
2009-12-09,0.44009236,30.5,79.5
2009-12-10,0.0,30.5,79.5
2009-12-11,0.0,30.5,79.5
2009-12-12,0.0,30.5,79.5
2009-12-13,3.4414344,30.5,79.5
2009-12-14,1.1939449,30.5,79.5
2009-12-15,0.31259766,30.5,79.5
2009-12-16,2.4483724,30.5,79.5
2009-12-17,0.5455863,30.5,79.5
2009-12-18,0.16528632,30.5,79.5
2009-12-19,0.0077033606,30.5,79.5
2009-12-20,2.3792117,30.5,79.5
2009-12-21,1.3208219,30.5,79.5
2009-12-22,0.63549346,30.5,79.5
2009-12-23,0.15567893,30.5,79.5
2009-12-24,0.010546366,30.5,79.5
2009-12-25,0.35111782,30.5,79.5
2009-12-26,2.3923354,30.5,79.5
2009-12-27,2.352659,30.5,79.5
2009-12-28,2.2010858,30.5,79.5
2009-12-29,2.5553617,30.5,79.5
2009-12-30,2.4426618,30.5,79.5
2009-12-31,1.2385774,30.5,79.5
2010-01-01,2.7464955,30.5,79.5
2010-01-02,3.0615356,30.5,79.5
2010-01-03,2.9188375,30.5,79.5
2010-01-04,4.1636467,30.5,79.5
2010-01-05,3.565312,30.5,79.5
2010-01-06,3.4650986,30.5,79.5
2010-01-07,3.3933213,30.5,79.5
2010-01-08,3.0735855,30.5,79.5
2010-01-09,3.2819762,30.5,79.5
2010-01-10,3.2539494,30.5,79.5
2010-01-11,3.1433141,30.5,79.5
2010-01-12,3.3008454,30.5,79.5
2010-01-13,3.2130125,30.5,79.5
2010-01-14,3.8457656,30.5,79.5
2010-01-15,3.3351934,30.5,79.5
2010-01-16,3.5707006,30.5,79.5
2010-01-17,3.3492372,30.5,79.5
2010-01-18,3.168897,30.5,79.5
2010-01-19,2.6746624,30.5,79.5
2010-01-20,3.0241506,30.5,79.5
2010-01-21,3.0843532,30.5,79.5
2010-01-22,2.8606844,30.5,79.5
2010-01-23,3.170085,30.5,79.5
2010-01-24,3.1609569,30.5,79.5
2010-01-25,2.7761436,30.5,79.5
2010-01-26,3.194248,30.5,79.5
2010-01-27,2.8190036,30.5,79.5
2010-01-28,3.0657027,30.5,79.5
2010-01-29,3.3992333,30.5,79.5
2010-01-30,2.9927459,30.5,79.5
2010-01-31,2.9326026,30.5,79.5
2010-02-01,3.0775988,30.5,79.5
2010-02-02,3.0608358,30.5,79.5
2010-02-03,2.8648648,30.5,79.5
2010-02-04,2.8819914,30.5,79.5
2010-02-05,3.02573,30.5,79.5
2010-02-06,2.9444807,30.5,79.5
2010-02-07,2.7561731,30.5,79.5
2010-02-08,3.007517,30.5,79.5
2010-02-09,3.5153937,30.5,79.5
2010-02-10,4.964721,30.5,79.5
2010-02-11,3.262293,30.5,79.5
2010-02-12,3.1422713,30.5,79.5
2010-02-13,2.763146,30.5,79.5
2010-02-14,3.273579,30.5,79.5
2010-02-15,3.0154579,30.5,79.5
2010-02-16,2.7518206,30.5,79.5
2010-02-17,2.6395533,30.5,79.5
2010-02-18,3.1921318,30.5,79.5
2010-02-19,3.542506,30.5,79.5
2010-02-20,3.237716,30.5,79.5
2010-02-21,3.1156318,30.5,79.5
2010-02-22,3.254357,30.5,79.5
2010-02-23,3.433425,30.5,79.5
2010-02-24,4.0830474,30.5,79.5
2010-02-25,3.1639159,30.5,79.5
2010-02-26,2.5155363,30.5,79.5
2010-02-27,2.7236335,30.5,79.5
2010-02-28,3.1939814,30.5,79.5
2010-03-01,3.1608274,30.5,79.5
2010-03-02,2.9972055,30.5,79.5
2010-03-03,2.5753884,30.5,79.5
2010-03-04,3.0678036,30.5,79.5
2010-03-05,3.2634149,30.5,79.5
2010-03-06,3.1021724,30.5,79.5
2010-03-07,3.155278,30.5,79.5
2010-03-08,2.8460708,30.5,79.5
2010-03-09,3.1816652,30.5,79.5
2010-03-10,2.9661095,30.5,79.5
2010-03-11,3.5113971,30.5,79.5
2010-03-12,2.8091931,30.5,79.5
2010-03-13,2.714351,30.5,79.5
2010-03-14,2.8605497,30.5,79.5
2010-03-15,3.109716,30.5,79.5
2010-03-16,3.5400994,30.5,79.5
2010-03-17,3.0224226,30.5,79.5
2010-03-18,3.5765169,30.5,79.5
2010-03-19,2.631103,30.5,79.5
2010-03-20,2.8822374,30.5,79.5
2010-03-21,2.881021,30.5,79.5
2010-03-22,2.764758,30.5,79.5
2010-03-23,2.8344362,30.5,79.5
2010-03-24,3.1110315,30.5,79.5
2010-03-25,2.9567766,30.5,79.5
2010-03-26,2.4963152,30.5,79.5
2010-03-27,2.9031417,30.5,79.5
2010-03-28,2.9809465,30.5,79.5
2010-03-29,3.0121384,30.5,79.5
2010-03-30,3.1536822,30.5,79.5
2010-03-31,2.2804527,30.5,79.5
2010-04-01,3.6081161,30.5,79.5
2010-04-02,2.938842,30.5,79.5
2010-04-03,2.9517515,30.5,79.5
2010-04-04,2.865635,30.5,79.5
2010-04-05,2.9505537,30.5,79.5
2010-04-06,3.245426,30.5,79.5
2010-04-07,3.1146712,30.5,79.5
2010-04-08,2.7674348,30.5,79.5
2010-04-09,2.8899949,30.5,79.5
2010-04-10,3.3325374,30.5,79.5
2010-04-11,3.255633,30.5,79.5
2010-04-12,2.9888613,30.5,79.5
2010-04-13,3.0094383,30.5,79.5
2010-04-14,2.7165248,30.5,79.5
2010-04-15,3.332292,30.5,79.5
2010-04-16,3.2187843,30.5,79.5
2010-04-17,3.0505462,30.5,79.5
2010-04-18,2.5406394,30.5,79.5
2010-04-19,3.5524528,30.5,79.5
2010-04-20,4.9352827,30.5,79.5
2010-04-21,5.574262,30.5,79.5
2010-04-22,3.1229088,30.5,79.5
2010-04-23,3.4906967,30.5,79.5
2010-04-24,3.0856392,30.5,79.5
2010-04-25,3.168154,30.5,79.5
2010-04-26,3.4197679,30.5,79.5
2010-04-27,3.3652692,30.5,79.5
2010-04-28,3.2566798,30.5,79.5
2010-04-29,3.6846848,30.5,79.5
2010-04-30,2.7113843,30.5,79.5
2010-05-01,3.248549,30.5,79.5
2010-05-02,2.8049707,30.5,79.5
2010-05-03,3.0853157,30.5,79.5
2010-05-04,3.4163055,30.5,79.5
2010-05-05,3.1049602,30.5,79.5
2010-05-06,3.175602,30.5,79.5
2010-05-07,4.0665956,30.5,79.5
2010-05-08,3.6437683,30.5,79.5
2010-05-09,3.041777,30.5,79.5
2010-05-10,2.960108,30.5,79.5
2010-05-11,2.9236593,30.5,79.5
2010-05-12,3.0955489,30.5,79.5
2010-05-13,2.4236703,30.5,79.5
2010-05-14,2.9501417,30.5,79.5
2010-05-15,2.8219104,30.5,79.5
2010-05-16,3.0635443,30.5,79.5
2010-05-17,2.5844724,30.5,79.5
2010-05-18,2.8766224,30.5,79.5
2010-05-19,3.5415442,30.5,79.5
2010-05-20,3.4173799,30.5,79.5
2010-05-21,2.8875775,30.5,79.5
2010-05-22,2.7412627,30.5,79.5
2010-05-23,2.4968162,30.5,79.5
2010-05-24,3.0574028,30.5,79.5
2010-05-25,2.8311906,30.5,79.5
2010-05-26,2.749144,30.5,79.5
2010-05-27,3.164262,30.5,79.5
2010-05-28,3.7993283,30.5,79.5
2010-05-29,3.7194037,30.5,79.5
2010-05-30,3.3004694,30.5,79.5
2010-05-31,3.1491747,30.5,79.5
2010-06-01,0.4657407,30.5,79.5
2010-06-02,1.7371199,30.5,79.5
2010-06-03,0.2100924,30.5,79.5
2010-06-04,0.49793985,30.5,79.5
2010-06-05,12.345128,30.5,79.5
2010-06-06,1.4273316,30.5,79.5
2010-06-07,1.7082095,30.5,79.5
2010-06-08,19.984707,30.5,79.5
2010-06-09,7.9434557,30.5,79.5
2010-06-10,14.578293,30.5,79.5
2010-06-11,8.79951,30.5,79.5
2010-06-12,0.47728342,30.5,79.5
2010-06-13,2.1557262,30.5,79.5
2010-06-14,3.120576,30.5,79.5
2010-06-15,0.70120686,30.5,79.5
2010-06-16,2.5302603,30.5,79.5
2010-06-17,2.7050111,30.5,79.5
2010-06-18,1.5094962,30.5,79.5
2010-06-19,0.20694764,30.5,79.5
2010-06-20,1.04281,30.5,79.5
2010-06-21,6.9362745,30.5,79.5
2010-06-22,4.221902,30.5,79.5
2010-06-23,4.705908,30.5,79.5
2010-06-24,37.55532,30.5,79.5
2010-06-25,14.716371,30.5,79.5
2010-06-26,2.6171203,30.5,79.5
2010-06-27,6.4752717,30.5,79.5
2010-06-28,1.4503917,30.5,79.5
2010-06-29,12.7396145,30.5,79.5
2010-06-30,11.479007,30.5,79.5
2010-07-01,5.8132343,30.5,79.5
2010-07-02,1.7316,30.5,79.5
2010-07-03,12.658751,30.5,79.5
2010-07-04,14.715379,30.5,79.5
2010-07-05,16.102453,30.5,79.5
2010-07-06,20.154606,30.5,79.5
2010-07-07,13.00612,30.5,79.5
2010-07-08,7.543198,30.5,79.5
2010-07-09,7.4178686,30.5,79.5
2010-07-10,1.6540568,30.5,79.5
2010-07-11,0.6789514,30.5,79.5
2010-07-12,9.565829,30.5,79.5
2010-07-13,8.698979,30.5,79.5
2010-07-14,1.1290202,30.5,79.5
2010-07-15,16.561745,30.5,79.5
2010-07-16,18.160896,30.5,79.5
2010-07-17,64.88951,30.5,79.5
2010-07-18,21.628292,30.5,79.5
2010-07-19,26.189054,30.5,79.5
2010-07-20,8.466687,30.5,79.5
2010-07-21,25.394758,30.5,79.5
2010-07-22,8.411528,30.5,79.5
2010-07-23,4.731172,30.5,79.5
2010-07-24,7.0674515,30.5,79.5
2010-07-25,38.497005,30.5,79.5
2010-07-26,26.498629,30.5,79.5
2010-07-27,20.896471,30.5,79.5
2010-07-28,17.705027,30.5,79.5
2010-07-29,2.6467688,30.5,79.5
2010-07-30,1.7611549,30.5,79.5
2010-07-31,30.760822,30.5,79.5
2010-08-01,13.6913185,30.5,79.5
2010-08-02,4.4991693,30.5,79.5
2010-08-03,51.16582,30.5,79.5
2010-08-04,16.86002,30.5,79.5
2010-08-05,22.481451,30.5,79.5
2010-08-06,5.735603,30.5,79.5
2010-08-07,7.521635,30.5,79.5
2010-08-08,19.638391,30.5,79.5
2010-08-09,25.5625,30.5,79.5
2010-08-10,18.541971,30.5,79.5
2010-08-11,49.366787,30.5,79.5
2010-08-12,31.165642,30.5,79.5
2010-08-13,12.042587,30.5,79.5
2010-08-14,22.581291,30.5,79.5
2010-08-15,6.4538064,30.5,79.5
2010-08-16,21.341555,30.5,79.5
2010-08-17,20.666143,30.5,79.5
2010-08-18,34.905342,30.5,79.5
2010-08-19,17.289013,30.5,79.5
2010-08-20,14.707203,30.5,79.5
2010-08-21,11.822633,30.5,79.5
2010-08-22,44.75603,30.5,79.5
2010-08-23,8.744102,30.5,79.5
2010-08-24,3.3027496,30.5,79.5
2010-08-25,20.788313,30.5,79.5
2010-08-26,7.886277,30.5,79.5
2010-08-27,4.1376243,30.5,79.5
2010-08-28,2.7178538,30.5,79.5
2010-08-29,10.00397,30.5,79.5
2010-08-30,14.23109,30.5,79.5
2010-08-31,17.932924,30.5,79.5
2010-09-01,23.10914,30.5,79.5
2010-09-02,14.267116,30.5,79.5
2010-09-03,28.725672,30.5,79.5
2010-09-04,20.747541,30.5,79.5
2010-09-05,8.516222,30.5,79.5
2010-09-06,0.42055625,30.5,79.5
2010-09-07,10.009256,30.5,79.5
2010-09-08,46.72456,30.5,79.5
2010-09-09,30.982037,30.5,79.5
2010-09-10,0.99037623,30.5,79.5
2010-09-11,5.3390856,30.5,79.5
2010-09-12,27.91099,30.5,79.5
2010-09-13,23.828575,30.5,79.5
2010-09-14,5.210382,30.5,79.5
2010-09-15,9.533438,30.5,79.5
2010-09-16,5.2521853,30.5,79.5
2010-09-17,10.354965,30.5,79.5
2010-09-18,41.721794,30.5,79.5
2010-09-19,98.16056,30.5,79.5
2010-09-20,27.542383,30.5,79.5
2010-09-21,5.7893376,30.5,79.5
2010-09-22,5.4737277,30.5,79.5
2010-09-23,10.186006,30.5,79.5
2010-09-24,0.79287267,30.5,79.5
2010-09-25,12.9611635,30.5,79.5
2010-09-26,1.7996999,30.5,79.5
2010-09-27,0.4310105,30.5,79.5
2010-09-28,0.76101243,30.5,79.5
2010-09-29,0.9440033,30.5,79.5
2010-09-30,0.9266778,30.5,79.5
2010-10-01,0.32945824,30.5,79.5
2010-10-02,0.42069396,30.5,79.5
2010-10-03,1.7534112,30.5,79.5
2010-10-04,1.0871822,30.5,79.5
2010-10-05,0.2608113,30.5,79.5
2010-10-06,0.62044996,30.5,79.5
2010-10-07,0.735781,30.5,79.5
2010-10-08,0.20706944,30.5,79.5
2010-10-09,1.0483257,30.5,79.5
2010-10-10,0.7472719,30.5,79.5
2010-10-11,3.1003573,30.5,79.5
2010-10-12,0.57355285,30.5,79.5
2010-10-13,0.5721628,30.5,79.5
2010-10-14,0.3573513,30.5,79.5
2010-10-15,0.44320568,30.5,79.5
2010-10-16,0.71699375,30.5,79.5
2010-10-17,0.7620121,30.5,79.5
2010-10-18,0.32546255,30.5,79.5
2010-10-19,0.38980934,30.5,79.5
2010-10-20,0.5441614,30.5,79.5
2010-10-21,0.47397512,30.5,79.5
2010-10-22,0.24893716,30.5,79.5
2010-10-23,4.3216643,30.5,79.5
2010-10-24,2.4120176,30.5,79.5
2010-10-25,1.160418,30.5,79.5
2010-10-26,0.68794304,30.5,79.5
2010-10-27,1.0652655,30.5,79.5
2010-10-28,0.79280686,30.5,79.5
2010-10-29,1.1780168,30.5,79.5
2010-10-30,0.6959991,30.5,79.5
2010-10-31,1.7786173,30.5,79.5
2010-11-01,0.26238298,30.5,79.5
2010-11-02,0.45074692,30.5,79.5
2010-11-03,0.21269897,30.5,79.5
2010-11-04,0.09539955,30.5,79.5
2010-11-05,0.049677406,30.5,79.5
2010-11-06,0.53512216,30.5,79.5
2010-11-07,0.23571871,30.5,79.5
2010-11-08,0.03771498,30.5,79.5
2010-11-09,0.41320488,30.5,79.5
2010-11-10,0.23074558,30.5,79.5
2010-11-11,0.5659192,30.5,79.5
2010-11-12,0.41377977,30.5,79.5
2010-11-13,0.51622236,30.5,79.5
2010-11-14,0.35670438,30.5,79.5
2010-11-15,0.4035722,30.5,79.5
2010-11-16,0.981391,30.5,79.5
2010-11-17,0.5945022,30.5,79.5
2010-11-18,0.27820608,30.5,79.5
2010-11-19,4.2492743,30.5,79.5
2010-11-20,1.7390926,30.5,79.5
2010-11-21,0.31315047,30.5,79.5
2010-11-22,1.0122856,30.5,79.5
2010-11-23,1.6057252,30.5,79.5
2010-11-24,1.4240338,30.5,79.5
2010-11-25,0.0661143,30.5,79.5
2010-11-26,1.0172079,30.5,79.5
2010-11-27,1.1769513,30.5,79.5
2010-11-28,1.3209512,30.5,79.5
2010-11-29,0.35301003,30.5,79.5
2010-11-30,0.48027447,30.5,79.5
2010-12-01,1.2225094,30.5,79.5
2010-12-02,0.8808087,30.5,79.5
2010-12-03,1.2627758,30.5,79.5
2010-12-04,0.7443876,30.5,79.5
2010-12-05,0.2269695,30.5,79.5
2010-12-06,0.5723093,30.5,79.5
2010-12-07,0.4498645,30.5,79.5
2010-12-08,0.673769,30.5,79.5
2010-12-09,0.4343781,30.5,79.5
2010-12-10,0.6861668,30.5,79.5
2010-12-11,0.1843211,30.5,79.5
2010-12-12,0.5941181,30.5,79.5
2010-12-13,0.03680301,30.5,79.5
2010-12-14,0.8632488,30.5,79.5
2010-12-15,0.77416176,30.5,79.5
2010-12-16,0.5237978,30.5,79.5
2010-12-17,0.61313945,30.5,79.5
2010-12-18,0.86438,30.5,79.5
2010-12-19,0.64868534,30.5,79.5
2010-12-20,0.8141258,30.5,79.5
2010-12-21,0.34080353,30.5,79.5
2010-12-22,0.8544567,30.5,79.5
2010-12-23,1.4849737,30.5,79.5
2010-12-24,0.34148338,30.5,79.5
2010-12-25,0.41182777,30.5,79.5
2010-12-26,0.42670968,30.5,79.5
2010-12-27,0.72203934,30.5,79.5
2010-12-28,0.18260908,30.5,79.5
2010-12-29,0.5182834,30.5,79.5
2010-12-30,1.4676827,30.5,79.5
2010-12-31,14.981866,30.5,79.5
2011-01-01,4.9646363,30.5,79.5
2011-01-02,0.0,30.5,79.5
2011-01-03,0.0,30.5,79.5
2011-01-04,0.06949455,30.5,79.5
2011-01-05,0.0,30.5,79.5
2011-01-06,0.0,30.5,79.5
2011-01-07,0.0,30.5,79.5
2011-01-08,0.0,30.5,79.5
2011-01-09,0.0,30.5,79.5
2011-01-10,0.0,30.5,79.5
2011-01-11,0.029752333,30.5,79.5
2011-01-12,0.0,30.5,79.5
2011-01-13,0.0,30.5,79.5
2011-01-14,35.642464,30.5,79.5
2011-01-15,26.35696,30.5,79.5
2011-01-16,0.13022228,30.5,79.5
2011-01-17,1.1543729,30.5,79.5
2011-01-18,0.0,30.5,79.5
2011-01-19,0.0037342566,30.5,79.5
2011-01-20,0.0,30.5,79.5
2011-01-21,0.0,30.5,79.5
2011-01-22,0.0,30.5,79.5
2011-01-23,0.0,30.5,79.5
2011-01-24,0.0,30.5,79.5
2011-01-25,0.0,30.5,79.5
2011-01-26,0.0,30.5,79.5
2011-01-27,0.0,30.5,79.5
2011-01-28,0.0,30.5,79.5
2011-01-29,0.0,30.5,79.5
2011-01-30,0.0,30.5,79.5
2011-01-31,0.0,30.5,79.5
2011-02-01,0.0,30.5,79.5
2011-02-02,0.0,30.5,79.5
2011-02-03,0.0,30.5,79.5
2011-02-04,0.0,30.5,79.5
2011-02-05,0.0,30.5,79.5
2011-02-06,0.0,30.5,79.5
2011-02-07,1.9326489,30.5,79.5
2011-02-08,13.313597,30.5,79.5
2011-02-09,0.0,30.5,79.5
2011-02-10,0.0,30.5,79.5
2011-02-11,0.0,30.5,79.5
2011-02-12,0.0,30.5,79.5
2011-02-13,0.0,30.5,79.5
2011-02-14,27.826437,30.5,79.5
2011-02-15,32.82971,30.5,79.5
2011-02-16,12.165183,30.5,79.5
2011-02-17,7.5333304,30.5,79.5
2011-02-18,0.19544204,30.5,79.5
2011-02-19,0.0,30.5,79.5
2011-02-20,0.9890643,30.5,79.5
2011-02-21,3.7124448,30.5,79.5
2011-02-22,0.023022464,30.5,79.5
2011-02-23,0.0,30.5,79.5
2011-02-24,0.0,30.5,79.5
2011-02-25,1.7216351,30.5,79.5
2011-02-26,11.021315,30.5,79.5
2011-02-27,1.5469233,30.5,79.5
2011-02-28,0.0,30.5,79.5
2011-03-01,0.0,30.5,79.5
2011-03-02,1.3523998,30.5,79.5
2011-03-03,16.700527,30.5,79.5
2011-03-04,6.733417,30.5,79.5
2011-03-05,3.214211,30.5,79.5
2011-03-06,0.0,30.5,79.5
2011-03-07,0.0,30.5,79.5
2011-03-08,0.0,30.5,79.5
2011-03-09,0.0,30.5,79.5
2011-03-10,0.17868932,30.5,79.5
2011-03-11,0.0,30.5,79.5
2011-03-12,0.0,30.5,79.5
2011-03-13,0.0,30.5,79.5
2011-03-14,0.0,30.5,79.5
2011-03-15,0.0020704034,30.5,79.5
2011-03-16,0.0,30.5,79.5
2011-03-17,0.0,30.5,79.5
2011-03-18,0.0,30.5,79.5
2011-03-19,0.47486034,30.5,79.5
2011-03-20,0.6235419,30.5,79.5
2011-03-21,0.46353987,30.5,79.5
2011-03-22,0.0,30.5,79.5
2011-03-23,3.4193166e-05,30.5,79.5
2011-03-24,0.0,30.5,79.5
2011-03-25,0.0,30.5,79.5
2011-03-26,0.0,30.5,79.5
2011-03-27,1.6399765,30.5,79.5
2011-03-28,4.1580386,30.5,79.5
2011-03-29,0.2757753,30.5,79.5
2011-03-30,1.6395541,30.5,79.5
2011-03-31,0.0,30.5,79.5
2011-04-01,0.0,30.5,79.5
2011-04-02,0.026350133,30.5,79.5
2011-04-03,0.0,30.5,79.5
2011-04-04,0.0,30.5,79.5
2011-04-05,0.0,30.5,79.5
2011-04-06,0.0,30.5,79.5
2011-04-07,0.0,30.5,79.5
2011-04-08,0.0003151223,30.5,79.5
2011-04-09,0.0,30.5,79.5
2011-04-10,0.11226531,30.5,79.5
2011-04-11,0.9638275,30.5,79.5
2011-04-12,0.84454,30.5,79.5
2011-04-13,6.468488,30.5,79.5
2011-04-14,4.6379747,30.5,79.5
2011-04-15,2.347375,30.5,79.5
2011-04-16,0.0,30.5,79.5
2011-04-17,2.314003,30.5,79.5
2011-04-18,14.185388,30.5,79.5
2011-04-19,2.2473512,30.5,79.5
2011-04-20,1.0298874,30.5,79.5
2011-04-21,0.0,30.5,79.5
2011-04-22,0.0,30.5,79.5
2011-04-23,0.0,30.5,79.5
2011-04-24,0.0,30.5,79.5
2011-04-25,0.0,30.5,79.5
2011-04-26,0.07610755,30.5,79.5
2011-04-27,1.4639187,30.5,79.5
2011-04-28,0.7424814,30.5,79.5
2011-04-29,0.0,30.5,79.5
2011-04-30,0.5358024,30.5,79.5
2011-05-01,0.0,30.5,79.5
2011-05-02,7.240622,30.5,79.5
2011-05-03,0.9307401,30.5,79.5
2011-05-04,0.0,30.5,79.5
2011-05-05,1.978321e-07,30.5,79.5
2011-05-06,4.967277,30.5,79.5
2011-05-07,6.0968614,30.5,79.5
2011-05-08,2.3886175,30.5,79.5
2011-05-09,3.816529,30.5,79.5
2011-05-10,0.17326418,30.5,79.5
2011-05-11,0.0,30.5,79.5
2011-05-12,7.379932,30.5,79.5
2011-05-13,6.26262,30.5,79.5
2011-05-14,0.0,30.5,79.5
2011-05-15,0.0,30.5,79.5
2011-05-16,0.0037018869,30.5,79.5
2011-05-17,1.6187527,30.5,79.5
2011-05-18,4.6343746,30.5,79.5
2011-05-19,1.527488,30.5,79.5
2011-05-20,12.567474,30.5,79.5
2011-05-21,13.374925,30.5,79.5
2011-05-22,8.834735,30.5,79.5
2011-05-23,8.501342,30.5,79.5
2011-05-24,0.28514197,30.5,79.5
2011-05-25,0.0,30.5,79.5
2011-05-26,6.733628,30.5,79.5
2011-05-27,9.654227,30.5,79.5
2011-05-28,4.972659,30.5,79.5
2011-05-29,4.5125375,30.5,79.5
2011-05-30,5.5159936,30.5,79.5
2011-05-31,4.851711,30.5,79.5
2011-06-01,5.932936,30.5,79.5
2011-06-02,26.288439,30.5,79.5
2011-06-03,1.9419456,30.5,79.5
2011-06-04,0.0,30.5,79.5
2011-06-05,0.0,30.5,79.5
2011-06-06,0.2251265,30.5,79.5
2011-06-07,3.535089,30.5,79.5
2011-06-08,2.824962,30.5,79.5
2011-06-09,0.16936621,30.5,79.5
2011-06-10,0.66827244,30.5,79.5
2011-06-11,1.0141381,30.5,79.5
2011-06-12,6.5832148,30.5,79.5
2011-06-13,3.539397,30.5,79.5
2011-06-14,7.4213367,30.5,79.5
2011-06-15,7.33862,30.5,79.5
2011-06-16,0.52032053,30.5,79.5
2011-06-17,16.018337,30.5,79.5
2011-06-18,13.68198,30.5,79.5
2011-06-19,3.6816857,30.5,79.5
2011-06-20,20.181273,30.5,79.5
2011-06-21,15.042431,30.5,79.5
2011-06-22,0.0,30.5,79.5
2011-06-23,0.0,30.5,79.5
2011-06-24,1.2246535,30.5,79.5
2011-06-25,19.677906,30.5,79.5
2011-06-26,13.836507,30.5,79.5
2011-06-27,6.9754553,30.5,79.5
2011-06-28,15.143763,30.5,79.5
2011-06-29,20.875309,30.5,79.5
2011-06-30,21.775307,30.5,79.5
2011-07-01,40.353565,30.5,79.5
2011-07-02,11.12207,30.5,79.5
2011-07-03,4.303978,30.5,79.5
2011-07-04,4.467204,30.5,79.5
2011-07-05,2.8887742,30.5,79.5
2011-07-06,17.243736,30.5,79.5
2011-07-07,35.28499,30.5,79.5
2011-07-08,43.103035,30.5,79.5
2011-07-09,13.9215555,30.5,79.5
2011-07-10,17.706505,30.5,79.5
2011-07-11,4.537556,30.5,79.5
2011-07-12,17.283598,30.5,79.5
2011-07-13,15.91235,30.5,79.5
2011-07-14,38.870895,30.5,79.5
2011-07-15,38.11286,30.5,79.5
2011-07-16,8.407061,30.5,79.5
2011-07-17,0.20818853,30.5,79.5
2011-07-18,7.410123,30.5,79.5
2011-07-19,11.612017,30.5,79.5
2011-07-20,24.04104,30.5,79.5
2011-07-21,96.68835,30.5,79.5
2011-07-22,19.892826,30.5,79.5
2011-07-23,11.155359,30.5,79.5
2011-07-24,18.712343,30.5,79.5
2011-07-25,41.815063,30.5,79.5
2011-07-26,0.61415917,30.5,79.5
2011-07-27,70.994225,30.5,79.5
2011-07-28,78.059685,30.5,79.5
2011-07-29,54.774513,30.5,79.5
2011-07-30,58.055225,30.5,79.5
2011-07-31,16.67201,30.5,79.5
2011-08-01,39.941383,30.5,79.5
2011-08-02,29.995378,30.5,79.5
2011-08-03,43.011982,30.5,79.5
2011-08-04,59.411354,30.5,79.5
2011-08-05,38.77617,30.5,79.5
2011-08-06,20.99633,30.5,79.5
2011-08-07,38.51836,30.5,79.5
2011-08-08,70.44648,30.5,79.5
2011-08-09,9.058041,30.5,79.5
2011-08-10,29.351118,30.5,79.5
2011-08-11,19.627922,30.5,79.5
2011-08-12,26.602814,30.5,79.5
2011-08-13,16.222868,30.5,79.5
2011-08-14,7.7501163,30.5,79.5
2011-08-15,7.4454675,30.5,79.5
2011-08-16,181.9221,30.5,79.5
2011-08-17,19.335747,30.5,79.5
2011-08-18,12.263048,30.5,79.5
2011-08-19,14.273173,30.5,79.5
2011-08-20,26.035711,30.5,79.5
2011-08-21,6.3401933,30.5,79.5
2011-08-22,8.905795,30.5,79.5
2011-08-23,43.104816,30.5,79.5
2011-08-24,9.777402,30.5,79.5
2011-08-25,15.082709,30.5,79.5
2011-08-26,23.111961,30.5,79.5
2011-08-27,47.501762,30.5,79.5
2011-08-28,4.5384808,30.5,79.5
2011-08-29,17.723818,30.5,79.5
2011-08-30,40.97098,30.5,79.5
2011-08-31,51.892323,30.5,79.5
2011-09-01,70.14019,30.5,79.5
2011-09-02,6.594388,30.5,79.5
2011-09-03,56.578293,30.5,79.5
2011-09-04,12.271349,30.5,79.5
2011-09-05,18.987698,30.5,79.5
2011-09-06,3.7352526,30.5,79.5
2011-09-07,17.27279,30.5,79.5
2011-09-08,16.97976,30.5,79.5
2011-09-09,24.740751,30.5,79.5
2011-09-10,1.6886499,30.5,79.5
2011-09-11,5.105045,30.5,79.5
2011-09-12,8.088066,30.5,79.5
2011-09-13,17.40647,30.5,79.5
2011-09-14,40.96039,30.5,79.5
2011-09-15,51.540054,30.5,79.5
2011-09-16,5.7115297,30.5,79.5
2011-09-17,0.0,30.5,79.5
2011-09-18,0.0,30.5,79.5
2011-09-19,0.0001880293,30.5,79.5
2011-09-20,0.0,30.5,79.5
2011-09-21,0.95333457,30.5,79.5
2011-09-22,0.0,30.5,79.5
2011-09-23,0.92089766,30.5,79.5
2011-09-24,2.035022,30.5,79.5
2011-09-25,0.020079764,30.5,79.5
2011-09-26,2.0225809,30.5,79.5
2011-09-27,0.0,30.5,79.5
2011-09-28,0.0,30.5,79.5
2011-09-29,0.0,30.5,79.5
2011-09-30,0.0,30.5,79.5
2011-10-01,0.0,30.5,79.5
2011-10-02,1.5748112,30.5,79.5
2011-10-03,0.0,30.5,79.5
2011-10-04,0.0,30.5,79.5
2011-10-05,0.4586331,30.5,79.5
2011-10-06,1.3975209,30.5,79.5
2011-10-07,3.0312943,30.5,79.5
2011-10-08,0.0,30.5,79.5
2011-10-09,0.27357993,30.5,79.5
2011-10-10,0.0,30.5,79.5
2011-10-11,0.0,30.5,79.5
2011-10-12,0.0,30.5,79.5
2011-10-13,0.14098558,30.5,79.5
2011-10-14,0.0,30.5,79.5
2011-10-15,0.0,30.5,79.5
2011-10-16,0.0,30.5,79.5
2011-10-17,0.02363327,30.5,79.5
2011-10-18,3.4371593,30.5,79.5
2011-10-19,0.07890985,30.5,79.5
2011-10-20,0.0,30.5,79.5
2011-10-21,1.8843459,30.5,79.5
2011-10-22,0.0,30.5,79.5
2011-10-23,0.0,30.5,79.5
2011-10-24,0.0,30.5,79.5
2011-10-25,0.0,30.5,79.5
2011-10-26,0.0198921,30.5,79.5
2011-10-27,0.021420492,30.5,79.5
2011-10-28,0.0,30.5,79.5
2011-10-29,0.0,30.5,79.5
2011-10-30,0.0,30.5,79.5
2011-10-31,0.0,30.5,79.5
2011-11-01,2.0395753,30.5,79.5
2011-11-02,0.0,30.5,79.5
2011-11-03,0.0,30.5,79.5
2011-11-04,0.0,30.5,79.5
2011-11-05,0.0,30.5,79.5
2011-11-06,0.0,30.5,79.5
2011-11-07,0.0,30.5,79.5
2011-11-08,0.0,30.5,79.5
2011-11-09,0.0,30.5,79.5
2011-11-10,0.0,30.5,79.5
2011-11-11,0.0,30.5,79.5
2011-11-12,0.0,30.5,79.5
2011-11-13,0.0,30.5,79.5
2011-11-14,0.0,30.5,79.5
2011-11-15,0.0,30.5,79.5
2011-11-16,0.05377507,30.5,79.5
2011-11-17,0.0,30.5,79.5
2011-11-18,0.0,30.5,79.5
2011-11-19,0.0,30.5,79.5
2011-11-20,0.0,30.5,79.5
2011-11-21,0.0,30.5,79.5
2011-11-22,0.0,30.5,79.5
2011-11-23,0.0,30.5,79.5
2011-11-24,0.03951801,30.5,79.5
2011-11-25,0.0,30.5,79.5
2011-11-26,0.0,30.5,79.5
2011-11-27,0.0056140325,30.5,79.5
2011-11-28,0.0,30.5,79.5
2011-11-29,0.0,30.5,79.5
2011-11-30,0.0,30.5,79.5
2011-12-01,0.0058202166,30.5,79.5
2011-12-02,0.0,30.5,79.5
2011-12-03,0.0,30.5,79.5
2011-12-04,0.0,30.5,79.5
2011-12-05,0.047628295,30.5,79.5
2011-12-06,0.0,30.5,79.5
2011-12-07,0.0,30.5,79.5
2011-12-08,0.0,30.5,79.5
2011-12-09,0.0,30.5,79.5
2011-12-10,0.0,30.5,79.5
2011-12-11,0.0,30.5,79.5
2011-12-12,0.0,30.5,79.5
2011-12-13,0.0,30.5,79.5
2011-12-14,0.0,30.5,79.5
2011-12-15,0.0,30.5,79.5
2011-12-16,0.0,30.5,79.5
2011-12-17,0.0,30.5,79.5
2011-12-18,0.0,30.5,79.5
2011-12-19,0.0,30.5,79.5
2011-12-20,0.0003331588,30.5,79.5
2011-12-21,0.0,30.5,79.5
2011-12-22,0.0,30.5,79.5
2011-12-23,0.0,30.5,79.5
2011-12-24,0.0,30.5,79.5
2011-12-25,0.0,30.5,79.5
2011-12-26,0.0,30.5,79.5
2011-12-27,0.0,30.5,79.5
2011-12-28,0.0,30.5,79.5
2011-12-29,0.0,30.5,79.5
2011-12-30,0.0,30.5,79.5
2011-12-31,0.0,30.5,79.5
2012-01-01,0.0,30.5,79.5
2012-01-02,0.0,30.5,79.5
2012-01-03,0.0,30.5,79.5
2012-01-04,0.0,30.5,79.5
2012-01-05,0.86086386,30.5,79.5
2012-01-06,7.1086555,30.5,79.5
2012-01-07,7.493401,30.5,79.5
2012-01-08,7.708727,30.5,79.5
2012-01-09,18.432512,30.5,79.5
2012-01-10,7.719005,30.5,79.5
2012-01-11,0.9875967,30.5,79.5
2012-01-12,5.430328,30.5,79.5
2012-01-13,1.0334371,30.5,79.5
2012-01-14,0.20440635,30.5,79.5
2012-01-15,0.61892813,30.5,79.5
2012-01-16,38.28961,30.5,79.5
2012-01-17,0.62335527,30.5,79.5
2012-01-18,0.22424899,30.5,79.5
2012-01-19,0.0,30.5,79.5
2012-01-20,1.2899746,30.5,79.5
2012-01-21,0.26716176,30.5,79.5
2012-01-22,0.0,30.5,79.5
2012-01-23,0.29269975,30.5,79.5
2012-01-24,0.0,30.5,79.5
2012-01-25,0.0,30.5,79.5
2012-01-26,0.0,30.5,79.5
2012-01-27,0.0,30.5,79.5
2012-01-28,0.13315076,30.5,79.5
2012-01-29,0.021172335,30.5,79.5
2012-01-30,0.0,30.5,79.5
2012-01-31,0.0,30.5,79.5
2012-02-01,0.0,30.5,79.5
2012-02-02,0.0,30.5,79.5
2012-02-03,0.004414795,30.5,79.5
2012-02-04,0.050202087,30.5,79.5
2012-02-05,0.0,30.5,79.5
2012-02-06,0.0,30.5,79.5
2012-02-07,0.11791433,30.5,79.5
2012-02-08,4.268148,30.5,79.5
2012-02-09,9.191326,30.5,79.5
2012-02-10,0.0,30.5,79.5
2012-02-11,0.0,30.5,79.5
2012-02-12,0.003723427,30.5,79.5
2012-02-13,3.942603,30.5,79.5
2012-02-14,4.678567,30.5,79.5
2012-02-15,0.16030687,30.5,79.5
2012-02-16,0.6541768,30.5,79.5
2012-02-17,1.394834,30.5,79.5
2012-02-18,0.0,30.5,79.5
2012-02-19,0.0,30.5,79.5
2012-02-20,0.0,30.5,79.5
2012-02-21,1.3197635,30.5,79.5
2012-02-22,0.0,30.5,79.5
2012-02-23,0.14651603,30.5,79.5
2012-02-24,0.0,30.5,79.5
2012-02-25,0.031260177,30.5,79.5
2012-02-26,0.0,30.5,79.5
2012-02-27,0.08548794,30.5,79.5
2012-02-28,0.0,30.5,79.5
2012-02-29,0.0,30.5,79.5
2012-03-01,0.04702949,30.5,79.5
2012-03-02,0.0,30.5,79.5
2012-03-03,0.0,30.5,79.5
2012-03-04,0.007819863,30.5,79.5
2012-03-05,15.590626,30.5,79.5
2012-03-06,28.806812,30.5,79.5
2012-03-07,0.6375782,30.5,79.5
2012-03-08,0.0,30.5,79.5
2012-03-09,5.5600653,30.5,79.5
2012-03-10,0.0,30.5,79.5
2012-03-11,0.7529717,30.5,79.5
2012-03-12,0.0,30.5,79.5
2012-03-13,10.042087,30.5,79.5
2012-03-14,0.0,30.5,79.5
2012-03-15,0.010761647,30.5,79.5
2012-03-16,0.0,30.5,79.5
2012-03-17,0.0,30.5,79.5
2012-03-18,0.0,30.5,79.5
2012-03-19,0.0,30.5,79.5
2012-03-20,0.08224347,30.5,79.5
2012-03-21,0.0,30.5,79.5
2012-03-22,0.0,30.5,79.5
2012-03-23,0.0,30.5,79.5
2012-03-24,0.0,30.5,79.5
2012-03-25,0.0,30.5,79.5
2012-03-26,0.0,30.5,79.5
2012-03-27,0.0,30.5,79.5
2012-03-28,0.0,30.5,79.5
2012-03-29,0.0,30.5,79.5
2012-03-30,0.1148961,30.5,79.5
2012-03-31,0.0,30.5,79.5
2012-04-01,0.0,30.5,79.5
2012-04-02,0.0,30.5,79.5
2012-04-03,7.7841043,30.5,79.5
2012-04-04,2.7458892,30.5,79.5
2012-04-05,2.6307423,30.5,79.5
2012-04-06,0.0,30.5,79.5
2012-04-07,3.8037348,30.5,79.5
2012-04-08,0.62367517,30.5,79.5
2012-04-09,0.0,30.5,79.5
2012-04-10,9.455307,30.5,79.5
2012-04-11,12.935389,30.5,79.5
2012-04-12,4.8832073,30.5,79.5
2012-04-13,2.4276497,30.5,79.5
2012-04-14,7.0829463,30.5,79.5
2012-04-15,3.4957573,30.5,79.5
2012-04-16,8.675646,30.5,79.5
2012-04-17,0.09722178,30.5,79.5
2012-04-18,2.2373211,30.5,79.5
2012-04-19,0.0,30.5,79.5
2012-04-20,0.0,30.5,79.5
2012-04-21,2.6757889,30.5,79.5
2012-04-22,6.758763,30.5,79.5
2012-04-23,4.4603353,30.5,79.5
2012-04-24,1.4393196,30.5,79.5
2012-04-25,1.4872705,30.5,79.5
2012-04-26,0.04711326,30.5,79.5
2012-04-27,0.98652375,30.5,79.5
2012-04-28,16.253323,30.5,79.5
2012-04-29,8.661635,30.5,79.5
2012-04-30,8.751593,30.5,79.5
2012-05-01,1.6564634,30.5,79.5
2012-05-02,0.28730324,30.5,79.5
2012-05-03,0.026748748,30.5,79.5
2012-05-04,0.0,30.5,79.5
2012-05-05,0.0,30.5,79.5
2012-05-06,0.42996496,30.5,79.5
2012-05-07,0.5181029,30.5,79.5
2012-05-08,3.9536693,30.5,79.5
2012-05-09,1.0784357,30.5,79.5
2012-05-10,1.7558023,30.5,79.5
2012-05-11,0.0,30.5,79.5
2012-05-12,0.3902419,30.5,79.5
2012-05-13,0.0,30.5,79.5
2012-05-14,0.8327179,30.5,79.5
2012-05-15,1.1723657,30.5,79.5
2012-05-16,2.3144226,30.5,79.5
2012-05-17,0.7007697,30.5,79.5
2012-05-18,0.07963121,30.5,79.5
2012-05-19,1.483786,30.5,79.5
2012-05-20,0.0,30.5,79.5
2012-05-21,0.05691495,30.5,79.5
2012-05-22,0.043353356,30.5,79.5
2012-05-23,0.0,30.5,79.5
2012-05-24,0.0,30.5,79.5
2012-05-25,0.0,30.5,79.5
2012-05-26,0.0,30.5,79.5
2012-05-27,0.0,30.5,79.5
2012-05-28,0.0,30.5,79.5
2012-05-29,0.0,30.5,79.5
2012-05-30,0.0,30.5,79.5
2012-05-31,0.0,30.5,79.5
2012-06-01,0.38289827,30.5,79.5
2012-06-02,0.28149754,30.5,79.5
2012-06-03,0.0,30.5,79.5
2012-06-04,0.0,30.5,79.5
2012-06-05,0.0,30.5,79.5
2012-06-06,1.464975,30.5,79.5
2012-06-07,0.0,30.5,79.5
2012-06-08,0.0,30.5,79.5
2012-06-09,0.0,30.5,79.5
2012-06-10,0.0,30.5,79.5
2012-06-11,0.0,30.5,79.5
2012-06-12,0.0,30.5,79.5
2012-06-13,0.0,30.5,79.5
2012-06-14,0.0,30.5,79.5
2012-06-15,0.0,30.5,79.5
2012-06-16,0.0,30.5,79.5
2012-06-17,0.0,30.5,79.5
2012-06-18,0.0,30.5,79.5
2012-06-19,0.040812645,30.5,79.5
2012-06-20,8.0704565,30.5,79.5
2012-06-21,0.019612653,30.5,79.5
2012-06-22,2.7732396,30.5,79.5
2012-06-23,22.194738,30.5,79.5
2012-06-24,28.357883,30.5,79.5
2012-06-25,7.8025947,30.5,79.5
2012-06-26,13.246646,30.5,79.5
2012-06-27,4.314695,30.5,79.5
2012-06-28,0.0,30.5,79.5
2012-06-29,0.13350469,30.5,79.5
2012-06-30,0.11061845,30.5,79.5
2012-07-01,0.0,30.5,79.5
2012-07-02,11.692256,30.5,79.5
2012-07-03,35.721226,30.5,79.5
2012-07-04,33.57387,30.5,79.5
2012-07-05,120.26232,30.5,79.5
2012-07-06,64.43309,30.5,79.5
2012-07-07,23.667418,30.5,79.5
2012-07-08,11.812948,30.5,79.5
2012-07-09,2.0420969,30.5,79.5
2012-07-10,16.577261,30.5,79.5
2012-07-11,15.788921,30.5,79.5
2012-07-12,23.322214,30.5,79.5
2012-07-13,27.46167,30.5,79.5
2012-07-14,14.815998,30.5,79.5
2012-07-15,1.2288394,30.5,79.5
2012-07-16,0.13091174,30.5,79.5
2012-07-17,10.85715,30.5,79.5
2012-07-18,0.91079205,30.5,79.5
2012-07-19,50.99659,30.5,79.5
2012-07-20,41.108738,30.5,79.5
2012-07-21,14.078805,30.5,79.5
2012-07-22,23.076918,30.5,79.5
2012-07-23,16.695314,30.5,79.5
2012-07-24,34.681175,30.5,79.5
2012-07-25,50.489803,30.5,79.5
2012-07-26,14.724612,30.5,79.5
2012-07-27,11.434611,30.5,79.5
2012-07-28,28.070322,30.5,79.5
2012-07-29,26.4697,30.5,79.5
2012-07-30,36.241367,30.5,79.5
2012-07-31,29.921955,30.5,79.5
2012-08-01,7.4287906,30.5,79.5
2012-08-02,23.188713,30.5,79.5
2012-08-03,35.783558,30.5,79.5
2012-08-04,65.0805,30.5,79.5
2012-08-05,55.853752,30.5,79.5
2012-08-06,19.435217,30.5,79.5
2012-08-07,3.164714,30.5,79.5
2012-08-08,10.342692,30.5,79.5
2012-08-09,29.363997,30.5,79.5
2012-08-10,22.208637,30.5,79.5
2012-08-11,0.0,30.5,79.5
2012-08-12,14.357763,30.5,79.5
2012-08-13,49.407608,30.5,79.5
2012-08-14,1.6487432,30.5,79.5
2012-08-15,14.264068,30.5,79.5
2012-08-16,6.172316,30.5,79.5
2012-08-17,9.948294,30.5,79.5
2012-08-18,16.097734,30.5,79.5
2012-08-19,43.125587,30.5,79.5
2012-08-20,59.462795,30.5,79.5
2012-08-21,19.459187,30.5,79.5
2012-08-22,16.621588,30.5,79.5
2012-08-23,4.2549915,30.5,79.5
2012-08-24,4.0898438,30.5,79.5
2012-08-25,11.61883,30.5,79.5
2012-08-26,30.293623,30.5,79.5
2012-08-27,4.4424224,30.5,79.5
2012-08-28,10.373767,30.5,79.5
2012-08-29,19.823435,30.5,79.5
2012-08-30,19.749262,30.5,79.5
2012-08-31,18.570965,30.5,79.5
2012-09-01,3.8314972,30.5,79.5
2012-09-02,28.592337,30.5,79.5
2012-09-03,37.88236,30.5,79.5
2012-09-04,8.182758,30.5,79.5
2012-09-05,54.58236,30.5,79.5
2012-09-06,19.801226,30.5,79.5
2012-09-07,4.150787,30.5,79.5
2012-09-08,19.106352,30.5,79.5
2012-09-09,3.5492494,30.5,79.5
2012-09-10,4.4221807,30.5,79.5
2012-09-11,18.15691,30.5,79.5
2012-09-12,10.573466,30.5,79.5
2012-09-13,15.24428,30.5,79.5
2012-09-14,81.696014,30.5,79.5
2012-09-15,60.051693,30.5,79.5
2012-09-16,57.232265,30.5,79.5
2012-09-17,15.852153,30.5,79.5
2012-09-18,11.100017,30.5,79.5
2012-09-19,1.6709517,30.5,79.5
2012-09-20,0.0,30.5,79.5
2012-09-21,0.0,30.5,79.5
2012-09-22,0.0,30.5,79.5
2012-09-23,0.0,30.5,79.5
2012-09-24,0.0,30.5,79.5
2012-09-25,4.129155,30.5,79.5
2012-09-26,0.0,30.5,79.5
2012-09-27,0.0047039,30.5,79.5
2012-09-28,0.10331194,30.5,79.5
2012-09-29,0.0,30.5,79.5
2012-09-30,0.0,30.5,79.5
2012-10-01,0.0,30.5,79.5
2012-10-02,0.0,30.5,79.5
2012-10-03,0.010891333,30.5,79.5
2012-10-04,3.0651078,30.5,79.5
2012-10-05,0.0,30.5,79.5
2012-10-06,1.0030233,30.5,79.5
2012-10-07,0.0,30.5,79.5
2012-10-08,0.13352872,30.5,79.5
2012-10-09,12.24612,30.5,79.5
2012-10-10,2.208948,30.5,79.5
2012-10-11,0.0,30.5,79.5
2012-10-12,0.0,30.5,79.5
2012-10-13,0.0,30.5,79.5
2012-10-14,0.0,30.5,79.5
2012-10-15,0.26705745,30.5,79.5
2012-10-16,0.061190084,30.5,79.5
2012-10-17,0.0,30.5,79.5
2012-10-18,0.0,30.5,79.5
2012-10-19,0.0,30.5,79.5
2012-10-20,0.0012160689,30.5,79.5
2012-10-21,0.0,30.5,79.5
2012-10-22,0.0,30.5,79.5
2012-10-23,0.0,30.5,79.5
2012-10-24,0.4722105,30.5,79.5
2012-10-25,0.0,30.5,79.5
2012-10-26,0.0,30.5,79.5
2012-10-27,0.24893637,30.5,79.5
2012-10-28,0.12566164,30.5,79.5
2012-10-29,0.0,30.5,79.5
2012-10-30,0.0,30.5,79.5
2012-10-31,0.0,30.5,79.5
2012-11-01,0.0,30.5,79.5
2012-11-02,0.0026385572,30.5,79.5
2012-11-03,0.009865097,30.5,79.5
2012-11-04,0.00736562,30.5,79.5
2012-11-05,0.1502185,30.5,79.5
2012-11-06,0.0,30.5,79.5
2012-11-07,0.1444582,30.5,79.5
2012-11-08,0.14627963,30.5,79.5
2012-11-09,0.0,30.5,79.5
2012-11-10,0.20968379,30.5,79.5
2012-11-11,0.1444582,30.5,79.5
2012-11-12,0.15258802,30.5,79.5
2012-11-13,0.039244775,30.5,79.5
2012-11-14,0.22116353,30.5,79.5
2012-11-15,0.049255114,30.5,79.5
2012-11-16,0.047209628,30.5,79.5
2012-11-17,0.02204307,30.5,79.5
2012-11-18,0.000770358,30.5,79.5
2012-11-19,4.0765375e-05,30.5,79.5
2012-11-20,0.023734005,30.5,79.5
2012-11-21,0.015013391,30.5,79.5
2012-11-22,0.012582826,30.5,79.5
2012-11-23,0.19706303,30.5,79.5
2012-11-24,0.14561656,30.5,79.5
2012-11-25,0.026765205,30.5,79.5
2012-11-26,0.013992572,30.5,79.5
2012-11-27,0.12075084,30.5,79.5
2012-11-28,0.06774701,30.5,79.5
2012-11-29,0.14451082,30.5,79.5
2012-11-30,4.0494266,30.5,79.5
2012-12-01,0.0,30.5,79.5
2012-12-02,0.13383624,30.5,79.5
2012-12-03,0.0,30.5,79.5
2012-12-04,0.0,30.5,79.5
2012-12-05,0.0,30.5,79.5
2012-12-06,0.0,30.5,79.5
2012-12-07,0.0,30.5,79.5
2012-12-08,0.0,30.5,79.5
2012-12-09,0.0,30.5,79.5
2012-12-10,0.0,30.5,79.5
2012-12-11,0.0,30.5,79.5
2012-12-12,1.9970309,30.5,79.5
2012-12-13,0.13679989,30.5,79.5
2012-12-14,4.655205,30.5,79.5
2012-12-15,3.7690613,30.5,79.5
2012-12-16,0.13397312,30.5,79.5
2012-12-17,0.0,30.5,79.5
2012-12-18,0.0,30.5,79.5
2012-12-19,0.0,30.5,79.5
2012-12-20,0.0,30.5,79.5
2012-12-21,0.0,30.5,79.5
2012-12-22,0.0,30.5,79.5
2012-12-23,0.13383624,30.5,79.5
2012-12-24,0.0,30.5,79.5
2012-12-25,0.0,30.5,79.5
2012-12-26,0.0,30.5,79.5
2012-12-27,0.0,30.5,79.5
2012-12-28,0.0,30.5,79.5
2012-12-29,0.0,30.5,79.5
2012-12-30,0.0,30.5,79.5
2012-12-31,0.0,30.5,79.5
2013-01-01,0.0,30.5,79.5
2013-01-02,0.0,30.5,79.5
2013-01-03,0.011256543,30.5,79.5
2013-01-04,0.0,30.5,79.5
2013-01-05,0.0,30.5,79.5
2013-01-06,0.0,30.5,79.5
2013-01-07,0.0,30.5,79.5
2013-01-08,0.0,30.5,79.5
2013-01-09,0.0,30.5,79.5
2013-01-10,0.0,30.5,79.5
2013-01-11,0.0,30.5,79.5
2013-01-12,0.0,30.5,79.5
2013-01-13,0.08784683,30.5,79.5
2013-01-14,0.0,30.5,79.5
2013-01-15,0.0,30.5,79.5
2013-01-16,0.0,30.5,79.5
2013-01-17,0.09843491,30.5,79.5
2013-01-18,58.154102,30.5,79.5
2013-01-19,31.92471,30.5,79.5
2013-01-20,0.0,30.5,79.5
2013-01-21,0.13345732,30.5,79.5
2013-01-22,0.0,30.5,79.5
2013-01-23,0.0,30.5,79.5
2013-01-24,0.0,30.5,79.5
2013-01-25,0.0,30.5,79.5
2013-01-26,0.0,30.5,79.5
2013-01-27,0.17497624,30.5,79.5
2013-01-28,0.0,30.5,79.5
2013-01-29,0.0,30.5,79.5
2013-01-30,0.0,30.5,79.5
2013-01-31,0.00024338838,30.5,79.5
2013-02-01,0.0,30.5,79.5
2013-02-02,0.98436457,30.5,79.5
2013-02-03,1.4583901,30.5,79.5
2013-02-04,21.800991,30.5,79.5
2013-02-05,67.00851,30.5,79.5
2013-02-06,44.437546,30.5,79.5
2013-02-07,19.1267,30.5,79.5
2013-02-08,2.4348552,30.5,79.5
2013-02-09,0.0,30.5,79.5
2013-02-10,0.0,30.5,79.5
2013-02-11,0.0,30.5,79.5
2013-02-12,0.0,30.5,79.5
2013-02-13,0.0,30.5,79.5
2013-02-14,0.0,30.5,79.5
2013-02-15,0.0,30.5,79.5
2013-02-16,0.68328655,30.5,79.5
2013-02-17,33.04593,30.5,79.5
2013-02-18,2.6412687,30.5,79.5
2013-02-19,0.0,30.5,79.5
2013-02-20,0.0,30.5,79.5
2013-02-21,0.0,30.5,79.5
2013-02-22,15.7232065,30.5,79.5
2013-02-23,10.255707,30.5,79.5
2013-02-24,9.139764,30.5,79.5
2013-02-25,0.0,30.5,79.5
2013-02-26,0.58204716,30.5,79.5
2013-02-27,0.0,30.5,79.5
2013-02-28,0.0,30.5,79.5
2013-03-01,0.0,30.5,79.5
2013-03-02,0.0,30.5,79.5
2013-03-03,0.12262795,30.5,79.5
2013-03-04,0.13345732,30.5,79.5
2013-03-05,0.0,30.5,79.5
2013-03-06,0.0,30.5,79.5
2013-03-07,0.0,30.5,79.5
2013-03-08,0.0,30.5,79.5
2013-03-09,0.0,30.5,79.5
2013-03-10,0.46775287,30.5,79.5
2013-03-11,0.0,30.5,79.5
2013-03-12,0.13603956,30.5,79.5
2013-03-13,0.13345732,30.5,79.5
2013-03-14,0.0,30.5,79.5
2013-03-15,28.358286,30.5,79.5
2013-03-16,1.1416267,30.5,79.5
2013-03-17,0.0,30.5,79.5
2013-03-18,0.0,30.5,79.5
2013-03-19,0.011138203,30.5,79.5
2013-03-20,0.0,30.5,79.5
2013-03-21,1.0729005,30.5,79.5
2013-03-22,0.0,30.5,79.5
2013-03-23,0.0,30.5,79.5
2013-03-24,0.38669357,30.5,79.5
2013-03-25,3.3685205,30.5,79.5
2013-03-26,0.0,30.5,79.5
2013-03-27,0.0,30.5,79.5
2013-03-28,0.0,30.5,79.5
2013-03-29,0.0,30.5,79.5
2013-03-30,0.07630811,30.5,79.5
2013-03-31,0.771998,30.5,79.5
2013-04-01,0.797899,30.5,79.5
2013-04-02,0.0,30.5,79.5
2013-04-03,0.26909396,30.5,79.5
2013-04-04,6.3458633,30.5,79.5
2013-04-05,1.2015027,30.5,79.5
2013-04-06,0.0,30.5,79.5
2013-04-07,0.12278838,30.5,79.5
2013-04-08,0.0,30.5,79.5
2013-04-09,0.0,30.5,79.5
2013-04-10,0.3219681,30.5,79.5
2013-04-11,0.33765495,30.5,79.5
2013-04-12,0.0,30.5,79.5
2013-04-13,0.0,30.5,79.5
2013-04-14,1.2444457,30.5,79.5
2013-04-15,3.2255638,30.5,79.5
2013-04-16,0.39399254,30.5,79.5
2013-04-17,1.7710669,30.5,79.5
2013-04-18,2.294506,30.5,79.5
2013-04-19,0.0,30.5,79.5
2013-04-20,0.3641051,30.5,79.5
2013-04-21,4.055394,30.5,79.5
2013-04-22,0.78882563,30.5,79.5
2013-04-23,0.058982957,30.5,79.5
2013-04-24,1.0238764,30.5,79.5
2013-04-25,2.9412553,30.5,79.5
2013-04-26,2.5827527,30.5,79.5
2013-04-27,6.697741,30.5,79.5
2013-04-28,0.0,30.5,79.5
2013-04-29,0.13412239,30.5,79.5
2013-04-30,0.0,30.5,79.5
2013-05-01,0.0,30.5,79.5
2013-05-02,0.0,30.5,79.5
2013-05-03,0.0,30.5,79.5
2013-05-04,0.0,30.5,79.5
2013-05-05,0.0,30.5,79.5
2013-05-06,0.0,30.5,79.5
2013-05-07,0.0,30.5,79.5
2013-05-08,0.0,30.5,79.5
2013-05-09,0.45652774,30.5,79.5
2013-05-10,0.0,30.5,79.5
2013-05-11,0.07093013,30.5,79.5
2013-05-12,5.2147827,30.5,79.5
2013-05-13,14.341274,30.5,79.5
2013-05-14,0.04718852,30.5,79.5
2013-05-15,2.986622,30.5,79.5
2013-05-16,0.0,30.5,79.5
2013-05-17,0.0,30.5,79.5
2013-05-18,2.768908,30.5,79.5
2013-05-19,0.0,30.5,79.5
2013-05-20,0.0,30.5,79.5
2013-05-21,0.0,30.5,79.5
2013-05-22,0.0,30.5,79.5
2013-05-23,0.34436744,30.5,79.5
2013-05-24,0.0,30.5,79.5
2013-05-25,0.0,30.5,79.5
2013-05-26,0.0,30.5,79.5
2013-05-27,0.0,30.5,79.5
2013-05-28,0.04723898,30.5,79.5
2013-05-29,0.010252529,30.5,79.5
2013-05-30,0.33985347,30.5,79.5
2013-05-31,0.14027332,30.5,79.5
2013-06-01,0.0,30.5,79.5
2013-06-02,1.0647907,30.5,79.5
2013-06-03,7.1149898,30.5,79.5
2013-06-04,0.0,30.5,79.5
2013-06-05,0.014346423,30.5,79.5
2013-06-06,7.739981,30.5,79.5
2013-06-07,3.6774886,30.5,79.5
2013-06-08,0.14485067,30.5,79.5
2013-06-09,0.10306266,30.5,79.5
2013-06-10,30.674303,30.5,79.5
2013-06-11,13.468829,30.5,79.5
2013-06-12,53.387688,30.5,79.5
2013-06-13,36.593216,30.5,79.5
2013-06-14,9.403772,30.5,79.5
2013-06-15,45.663715,30.5,79.5
2013-06-16,62.777554,30.5,79.5
2013-06-17,129.21051,30.5,79.5
2013-06-18,95.60586,30.5,79.5
2013-06-19,3.5545297,30.5,79.5
2013-06-20,0.6124683,30.5,79.5
2013-06-21,0.0,30.5,79.5
2013-06-22,0.0,30.5,79.5
2013-06-23,25.667639,30.5,79.5
2013-06-24,16.472391,30.5,79.5
2013-06-25,39.491707,30.5,79.5
2013-06-26,12.026945,30.5,79.5
2013-06-27,25.597475,30.5,79.5
2013-06-28,6.4445796,30.5,79.5
2013-06-29,30.766386,30.5,79.5
2013-06-30,11.542222,30.5,79.5
2013-07-01,0.0023516256,30.5,79.5
2013-07-02,10.9333935,30.5,79.5
2013-07-03,24.302856,30.5,79.5
2013-07-04,14.7514515,30.5,79.5
2013-07-05,42.117165,30.5,79.5
2013-07-06,45.743645,30.5,79.5
2013-07-07,32.55536,30.5,79.5
2013-07-08,53.174698,30.5,79.5
2013-07-09,62.288803,30.5,79.5
2013-07-10,39.378883,30.5,79.5
2013-07-11,18.432539,30.5,79.5
2013-07-12,36.497883,30.5,79.5
2013-07-13,25.849314,30.5,79.5
2013-07-14,60.721878,30.5,79.5
2013-07-15,26.12102,30.5,79.5
2013-07-16,23.632305,30.5,79.5
2013-07-17,72.94143,30.5,79.5
2013-07-18,56.41847,30.5,79.5
2013-07-19,12.252461,30.5,79.5
2013-07-20,25.626486,30.5,79.5
2013-07-21,0.64693505,30.5,79.5
2013-07-22,61.793045,30.5,79.5
2013-07-23,38.66074,30.5,79.5
2013-07-24,31.912165,30.5,79.5
2013-07-25,77.99942,30.5,79.5
2013-07-26,28.051907,30.5,79.5
2013-07-27,22.92314,30.5,79.5
2013-07-28,0.021090973,30.5,79.5
2013-07-29,0.91514707,30.5,79.5
2013-07-30,4.6348987e-07,30.5,79.5
2013-07-31,22.647482,30.5,79.5
2013-08-01,21.878773,30.5,79.5
2013-08-02,30.656895,30.5,79.5
2013-08-03,17.554863,30.5,79.5
2013-08-04,25.488798,30.5,79.5
2013-08-05,47.06301,30.5,79.5
2013-08-06,60.51533,30.5,79.5
2013-08-07,11.787368,30.5,79.5
2013-08-08,41.927097,30.5,79.5
2013-08-09,36.828056,30.5,79.5
2013-08-10,14.495771,30.5,79.5
2013-08-11,30.652275,30.5,79.5
2013-08-12,31.513577,30.5,79.5
2013-08-13,61.340252,30.5,79.5
2013-08-14,24.033548,30.5,79.5
2013-08-15,26.65356,30.5,79.5
2013-08-16,20.852182,30.5,79.5
2013-08-17,10.472899,30.5,79.5
2013-08-18,2.1235607,30.5,79.5
2013-08-19,8.336081,30.5,79.5
2013-08-20,4.453418,30.5,79.5
2013-08-21,24.4241,30.5,79.5
2013-08-22,7.928968,30.5,79.5
2013-08-23,0.0,30.5,79.5
2013-08-24,13.668001,30.5,79.5
2013-08-25,45.151833,30.5,79.5
2013-08-26,11.6605625,30.5,79.5
2013-08-27,14.1566105,30.5,79.5
2013-08-28,47.390724,30.5,79.5
2013-08-29,13.21899,30.5,79.5
2013-08-30,3.8663266,30.5,79.5
2013-08-31,6.9255514,30.5,79.5
2013-09-01,17.310368,30.5,79.5
2013-09-02,10.368258,30.5,79.5
2013-09-03,0.0037482865,30.5,79.5
2013-09-04,4.771207,30.5,79.5
2013-09-05,0.5950549,30.5,79.5
2013-09-06,2.488049,30.5,79.5
2013-09-07,0.17513467,30.5,79.5
2013-09-08,0.64820725,30.5,79.5
2013-09-09,0.62258655,30.5,79.5
2013-09-10,23.119682,30.5,79.5
2013-09-11,5.571416,30.5,79.5
2013-09-12,21.557453,30.5,79.5
2013-09-13,9.178329,30.5,79.5
2013-09-14,0.05907884,30.5,79.5
2013-09-15,2.0963373,30.5,79.5
2013-09-16,3.2230976,30.5,79.5
2013-09-17,0.005483144,30.5,79.5
2013-09-18,0.0,30.5,79.5
2013-09-19,0.020102035,30.5,79.5
2013-09-20,0.0,30.5,79.5
2013-09-21,29.004133,30.5,79.5
2013-09-22,4.8334384,30.5,79.5
2013-09-23,0.6370255,30.5,79.5
2013-09-24,16.35143,30.5,79.5
2013-09-25,3.4407241,30.5,79.5
2013-09-26,0.94301766,30.5,79.5
2013-09-27,0.0,30.5,79.5
2013-09-28,5.848272,30.5,79.5
2013-09-29,3.4385576,30.5,79.5
2013-09-30,4.009386,30.5,79.5
2013-10-01,4.3174224,30.5,79.5
2013-10-02,4.130485,30.5,79.5
2013-10-03,2.5965974,30.5,79.5
2013-10-04,0.0,30.5,79.5
2013-10-05,0.0,30.5,79.5
2013-10-06,0.008395934,30.5,79.5
2013-10-07,0.0,30.5,79.5
2013-10-08,0.0,30.5,79.5
2013-10-09,6.3334264e-05,30.5,79.5
2013-10-10,0.0,30.5,79.5
2013-10-11,4.1808076,30.5,79.5
2013-10-12,0.0,30.5,79.5
2013-10-13,0.0,30.5,79.5
2013-10-14,0.0,30.5,79.5
2013-10-15,0.12294682,30.5,79.5
2013-10-16,0.20792075,30.5,79.5
2013-10-17,0.0,30.5,79.5
2013-10-18,0.0,30.5,79.5
2013-10-19,0.0,30.5,79.5
2013-10-20,0.0,30.5,79.5
2013-10-21,1.009083,30.5,79.5
2013-10-22,0.0,30.5,79.5
2013-10-23,0.0,30.5,79.5
2013-10-24,0.0,30.5,79.5
2013-10-25,0.0,30.5,79.5
2013-10-26,0.0,30.5,79.5
2013-10-27,0.0,30.5,79.5
2013-10-28,0.0,30.5,79.5
2013-10-29,0.0,30.5,79.5
2013-10-30,0.0,30.5,79.5
2013-10-31,0.5589761,30.5,79.5
2013-11-01,0.0,30.5,79.5
2013-11-02,0.012376414,30.5,79.5
2013-11-03,0.0,30.5,79.5
2013-11-04,0.13358855,30.5,79.5
2013-11-05,0.0,30.5,79.5
2013-11-06,0.0,30.5,79.5
2013-11-07,0.0,30.5,79.5
2013-11-08,1.1667048,30.5,79.5
2013-11-09,2.7271063,30.5,79.5
2013-11-10,0.6458346,30.5,79.5
2013-11-11,0.0,30.5,79.5
2013-11-12,0.0,30.5,79.5
2013-11-13,0.027540138,30.5,79.5
2013-11-14,0.0,30.5,79.5
2013-11-15,0.0,30.5,79.5
2013-11-16,0.0,30.5,79.5
2013-11-17,0.0,30.5,79.5
2013-11-18,0.0,30.5,79.5
2013-11-19,0.0104762325,30.5,79.5
2013-11-20,0.0,30.5,79.5
2013-11-21,0.0,30.5,79.5
2013-11-22,0.0,30.5,79.5
2013-11-23,0.0,30.5,79.5
2013-11-24,0.0,30.5,79.5
2013-11-25,0.0,30.5,79.5
2013-11-26,0.0,30.5,79.5
2013-11-27,0.0,30.5,79.5
2013-11-28,0.13358855,30.5,79.5
2013-11-29,0.0,30.5,79.5
2013-11-30,0.0,30.5,79.5
2013-12-01,0.0172061,30.5,79.5
2013-12-02,0.0,30.5,79.5
2013-12-03,0.0,30.5,79.5
2013-12-04,0.0,30.5,79.5
2013-12-05,0.0,30.5,79.5
2013-12-06,0.0,30.5,79.5
2013-12-07,0.13385573,30.5,79.5
2013-12-08,0.0,30.5,79.5
2013-12-09,0.0,30.5,79.5
2013-12-10,0.0,30.5,79.5
2013-12-11,0.0,30.5,79.5
2013-12-12,0.13385573,30.5,79.5
2013-12-13,0.0,30.5,79.5
2013-12-14,0.0,30.5,79.5
2013-12-15,0.0,30.5,79.5
2013-12-16,0.0,30.5,79.5
2013-12-17,0.0,30.5,79.5
2013-12-18,0.0,30.5,79.5
2013-12-19,0.0,30.5,79.5
2013-12-20,0.0,30.5,79.5
2013-12-21,0.0,30.5,79.5
2013-12-22,0.0,30.5,79.5
2013-12-23,0.0,30.5,79.5
2013-12-24,0.002930811,30.5,79.5
2013-12-25,0.0,30.5,79.5
2013-12-26,0.0,30.5,79.5
2013-12-27,0.0,30.5,79.5
2013-12-28,0.0,30.5,79.5
2013-12-29,0.0,30.5,79.5
2013-12-30,0.051416695,30.5,79.5
2013-12-31,1.188836,30.5,79.5
2014-01-01,0.017738841,30.5,79.5
2014-01-02,0.0,30.5,79.5
2014-01-03,0.0,30.5,79.5
2014-01-04,0.0,30.5,79.5
2014-01-05,0.0,30.5,79.5
2014-01-06,3.112946e-05,30.5,79.5
2014-01-07,0.068838425,30.5,79.5
2014-01-08,0.0,30.5,79.5
2014-01-09,0.0,30.5,79.5
2014-01-10,0.0,30.5,79.5
2014-01-11,0.0,30.5,79.5
2014-01-12,0.067917354,30.5,79.5
2014-01-13,0.0,30.5,79.5
2014-01-14,0.0,30.5,79.5
2014-01-15,0.0,30.5,79.5
2014-01-16,0.0,30.5,79.5
2014-01-17,2.989038,30.5,79.5
2014-01-18,4.5497766,30.5,79.5
2014-01-19,8.701552,30.5,79.5
2014-01-20,0.16063745,30.5,79.5
2014-01-21,0.0,30.5,79.5
2014-01-22,0.0,30.5,79.5
2014-01-23,0.3806271,30.5,79.5
2014-01-24,0.0,30.5,79.5
2014-01-25,0.8836563,30.5,79.5
2014-01-26,0.0,30.5,79.5
2014-01-27,0.02357923,30.5,79.5
2014-01-28,0.0,30.5,79.5
2014-01-29,0.0,30.5,79.5
2014-01-30,0.0,30.5,79.5
2014-01-31,0.0,30.5,79.5
2014-02-01,0.0,30.5,79.5
2014-02-02,0.0,30.5,79.5
2014-02-03,0.0374908,30.5,79.5
2014-02-04,0.0,30.5,79.5
2014-02-05,0.8257393,30.5,79.5
2014-02-06,1.6746991,30.5,79.5
2014-02-07,11.36018,30.5,79.5
2014-02-08,40.143154,30.5,79.5
2014-02-09,0.0,30.5,79.5
2014-02-10,0.0,30.5,79.5
2014-02-11,2.113553,30.5,79.5
2014-02-12,0.23289768,30.5,79.5
2014-02-13,0.34857732,30.5,79.5
2014-02-14,1.8142439,30.5,79.5
2014-02-15,27.412989,30.5,79.5
2014-02-16,6.505663,30.5,79.5
2014-02-17,0.0,30.5,79.5
2014-02-18,0.0,30.5,79.5
2014-02-19,0.0,30.5,79.5
2014-02-20,0.13436423,30.5,79.5
2014-02-21,0.13432735,30.5,79.5
2014-02-22,1.2542077,30.5,79.5
2014-02-23,0.435446,30.5,79.5
2014-02-24,0.0,30.5,79.5
2014-02-25,0.0,30.5,79.5
2014-02-26,0.0,30.5,79.5
2014-02-27,4.609038,30.5,79.5
2014-02-28,13.243045,30.5,79.5
2014-03-01,4.030057,30.5,79.5
2014-03-02,1.2624403,30.5,79.5
2014-03-03,3.410115,30.5,79.5
2014-03-04,0.0,30.5,79.5
2014-03-05,0.1338394,30.5,79.5
2014-03-06,1.4027051,30.5,79.5
2014-03-07,0.0,30.5,79.5
2014-03-08,0.0,30.5,79.5
2014-03-09,1.2083108,30.5,79.5
2014-03-10,5.646085,30.5,79.5
2014-03-11,13.071821,30.5,79.5
2014-03-12,5.945508,30.5,79.5
2014-03-13,0.0,30.5,79.5
2014-03-14,0.18976767,30.5,79.5
2014-03-15,0.6831389,30.5,79.5
2014-03-16,0.015482207,30.5,79.5
2014-03-17,0.0,30.5,79.5
2014-03-18,2.3542254,30.5,79.5
2014-03-19,5.272118,30.5,79.5
2014-03-20,0.026068902,30.5,79.5
2014-03-21,0.0,30.5,79.5
2014-03-22,6.1244416,30.5,79.5
2014-03-23,1.643591,30.5,79.5
2014-03-24,0.0,30.5,79.5
2014-03-25,8.935183,30.5,79.5
2014-03-26,0.0,30.5,79.5
2014-03-27,0.0,30.5,79.5
2014-03-28,0.0,30.5,79.5
2014-03-29,0.0,30.5,79.5
2014-03-30,0.0,30.5,79.5
2014-03-31,0.045602437,30.5,79.5
2014-04-01,0.13354057,30.5,79.5
2014-04-02,0.0,30.5,79.5
2014-04-03,2.6153884,30.5,79.5
2014-04-04,0.031764045,30.5,79.5
2014-04-05,0.0,30.5,79.5
2014-04-06,0.0,30.5,79.5
2014-04-07,2.2682433,30.5,79.5
2014-04-08,4.4672074,30.5,79.5
2014-04-09,0.0,30.5,79.5
2014-04-10,0.021238184,30.5,79.5
2014-04-11,0.8917169,30.5,79.5
2014-04-12,7.458082,30.5,79.5
2014-04-13,4.679983,30.5,79.5
2014-04-14,12.038015,30.5,79.5
2014-04-15,0.76175135,30.5,79.5
2014-04-16,1.4870392,30.5,79.5
2014-04-17,1.5496341,30.5,79.5
2014-04-18,7.562296,30.5,79.5
2014-04-19,4.605421,30.5,79.5
2014-04-20,2.9230077,30.5,79.5
2014-04-21,0.0,30.5,79.5
2014-04-22,0.0,30.5,79.5
2014-04-23,0.0,30.5,79.5
2014-04-24,0.0,30.5,79.5
2014-04-25,0.0,30.5,79.5
2014-04-26,0.0,30.5,79.5
2014-04-27,0.62214637,30.5,79.5
2014-04-28,0.0,30.5,79.5
2014-04-29,0.17709054,30.5,79.5
2014-04-30,0.0,30.5,79.5
2014-05-01,0.8577414,30.5,79.5
2014-05-02,1.9757991,30.5,79.5
2014-05-03,5.2496915,30.5,79.5
2014-05-04,0.038752954,30.5,79.5
2014-05-05,0.6667317,30.5,79.5
2014-05-06,0.66886234,30.5,79.5
2014-05-07,1.4893552,30.5,79.5
2014-05-08,0.0,30.5,79.5
2014-05-09,0.18669273,30.5,79.5
2014-05-10,0.0,30.5,79.5
2014-05-11,0.48440233,30.5,79.5
2014-05-12,3.4630005,30.5,79.5
2014-05-13,14.700907,30.5,79.5
2014-05-14,7.6651206,30.5,79.5
2014-05-15,0.0,30.5,79.5
2014-05-16,0.0,30.5,79.5
2014-05-17,0.0,30.5,79.5
2014-05-18,0.0,30.5,79.5
2014-05-19,0.0,30.5,79.5
2014-05-20,0.0,30.5,79.5
2014-05-21,0.0,30.5,79.5
2014-05-22,0.0,30.5,79.5
2014-05-23,0.0,30.5,79.5
2014-05-24,2.2389402,30.5,79.5
2014-05-25,0.0,30.5,79.5
2014-05-26,3.1112764,30.5,79.5
2014-05-27,0.60948193,30.5,79.5
2014-05-28,0.039004862,30.5,79.5
2014-05-29,0.0,30.5,79.5
2014-05-30,0.0029037087,30.5,79.5
2014-05-31,0.01966014,30.5,79.5
2014-06-01,0.3439961,30.5,79.5
2014-06-02,0.045495663,30.5,79.5
2014-06-03,0.0,30.5,79.5
2014-06-04,0.0,30.5,79.5
2014-06-05,6.0453414e-05,30.5,79.5
2014-06-06,0.0,30.5,79.5
2014-06-07,0.28218642,30.5,79.5
2014-06-08,0.18388638,30.5,79.5
2014-06-09,0.0111504365,30.5,79.5
2014-06-10,0.0,30.5,79.5
2014-06-11,0.0,30.5,79.5
2014-06-12,0.79020315,30.5,79.5
2014-06-13,0.4955253,30.5,79.5
2014-06-14,0.051265705,30.5,79.5
2014-06-15,1.3002921,30.5,79.5
2014-06-16,6.3721237,30.5,79.5
2014-06-17,0.7325356,30.5,79.5
2014-06-18,8.999391,30.5,79.5
2014-06-19,7.3038316,30.5,79.5
2014-06-20,6.72653,30.5,79.5
2014-06-21,4.610295,30.5,79.5
2014-06-22,4.279609,30.5,79.5
2014-06-23,0.031004524,30.5,79.5
2014-06-24,0.0,30.5,79.5
2014-06-25,0.0,30.5,79.5
2014-06-26,4.606725,30.5,79.5
2014-06-27,2.1105886,30.5,79.5
2014-06-28,0.0,30.5,79.5
2014-06-29,2.4226243,30.5,79.5
2014-06-30,4.7301536,30.5,79.5
2014-07-01,1.3429618,30.5,79.5
2014-07-02,13.717335,30.5,79.5
2014-07-03,2.6103888,30.5,79.5
2014-07-04,1.6153889,30.5,79.5
2014-07-05,14.25561,30.5,79.5
2014-07-06,11.68012,30.5,79.5
2014-07-07,4.4275656,30.5,79.5
2014-07-08,12.042074,30.5,79.5
2014-07-09,3.9194298,30.5,79.5
2014-07-10,3.658089,30.5,79.5
2014-07-11,7.3144855,30.5,79.5
2014-07-12,34.68677,30.5,79.5
2014-07-13,38.136223,30.5,79.5
2014-07-14,16.690195,30.5,79.5
2014-07-15,47.1167,30.5,79.5
2014-07-16,68.67509,30.5,79.5
2014-07-17,24.012934,30.5,79.5
2014-07-18,53.989334,30.5,79.5
2014-07-19,73.08186,30.5,79.5
2014-07-20,6.9639754,30.5,79.5
2014-07-21,21.045218,30.5,79.5
2014-07-22,16.74526,30.5,79.5
2014-07-23,18.639835,30.5,79.5
2014-07-24,19.414038,30.5,79.5
2014-07-25,32.446827,30.5,79.5
2014-07-26,56.285854,30.5,79.5
2014-07-27,16.52643,30.5,79.5
2014-07-28,55.63363,30.5,79.5
2014-07-29,22.87525,30.5,79.5
2014-07-30,20.279041,30.5,79.5
2014-07-31,60.885376,30.5,79.5
2014-08-01,33.870037,30.5,79.5
2014-08-02,28.42901,30.5,79.5
2014-08-03,88.108795,30.5,79.5
2014-08-04,58.961422,30.5,79.5
2014-08-05,20.8166,30.5,79.5
2014-08-06,9.204321,30.5,79.5
2014-08-07,59.83235,30.5,79.5
2014-08-08,33.57033,30.5,79.5
2014-08-09,20.216774,30.5,79.5
2014-08-10,9.033108,30.5,79.5
2014-08-11,44.89576,30.5,79.5
2014-08-12,25.185263,30.5,79.5
2014-08-13,8.496916,30.5,79.5
2014-08-14,41.904964,30.5,79.5
2014-08-15,37.2505,30.5,79.5
2014-08-16,22.321255,30.5,79.5
2014-08-17,0.0,30.5,79.5
2014-08-18,0.0001732287,30.5,79.5
2014-08-19,1.3320413,30.5,79.5
2014-08-20,6.378366,30.5,79.5
2014-08-21,1.9329331,30.5,79.5
2014-08-22,68.33573,30.5,79.5
2014-08-23,3.1469061,30.5,79.5
2014-08-24,0.0,30.5,79.5
2014-08-25,0.6151968,30.5,79.5
2014-08-26,0.5946682,30.5,79.5
2014-08-27,1.0090173,30.5,79.5
2014-08-28,9.942533,30.5,79.5
2014-08-29,6.361736,30.5,79.5
2014-08-30,6.743995,30.5,79.5
2014-08-31,3.3648343,30.5,79.5
2014-09-01,6.9589744,30.5,79.5
2014-09-02,5.172069,30.5,79.5
2014-09-03,7.636975,30.5,79.5
2014-09-04,13.531653,30.5,79.5
2014-09-05,2.7845905,30.5,79.5
2014-09-06,0.3005231,30.5,79.5
2014-09-07,1.3412994,30.5,79.5
2014-09-08,7.1886296,30.5,79.5
2014-09-09,3.5607426,30.5,79.5
2014-09-10,5.224642,30.5,79.5
2014-09-11,12.818593,30.5,79.5
2014-09-12,9.06354,30.5,79.5
2014-09-13,1.2604337,30.5,79.5
2014-09-14,2.3487613,30.5,79.5
2014-09-15,0.081190705,30.5,79.5
2014-09-16,0.5334335,30.5,79.5
2014-09-17,0.122828774,30.5,79.5
2014-09-18,0.0,30.5,79.5
2014-09-19,0.0,30.5,79.5
2014-09-20,0.0,30.5,79.5
2014-09-21,0.0,30.5,79.5
2014-09-22,0.0,30.5,79.5
2014-09-23,6.422343,30.5,79.5
2014-09-24,3.537748,30.5,79.5
2014-09-25,10.36103,30.5,79.5
2014-09-26,4.0680566,30.5,79.5
2014-09-27,0.44453686,30.5,79.5
2014-09-28,0.63430125,30.5,79.5
2014-09-29,6.5792003,30.5,79.5
2014-09-30,19.777704,30.5,79.5
2014-10-01,5.58935,30.5,79.5
2014-10-02,0.9091816,30.5,79.5
2014-10-03,0.0,30.5,79.5
2014-10-04,0.0,30.5,79.5
2014-10-05,0.0,30.5,79.5
2014-10-06,0.5346866,30.5,79.5
2014-10-07,0.0,30.5,79.5
2014-10-08,0.07436387,30.5,79.5
2014-10-09,0.0,30.5,79.5
2014-10-10,0.0,30.5,79.5
2014-10-11,0.0,30.5,79.5
2014-10-12,0.0,30.5,79.5
2014-10-13,0.0,30.5,79.5
2014-10-14,0.0,30.5,79.5
2014-10-15,15.421749,30.5,79.5
2014-10-16,0.06782183,30.5,79.5
2014-10-17,0.0,30.5,79.5
2014-10-18,0.0,30.5,79.5
2014-10-19,0.0,30.5,79.5
2014-10-20,0.13351734,30.5,79.5
2014-10-21,0.012692805,30.5,79.5
2014-10-22,0.0,30.5,79.5
2014-10-23,0.0,30.5,79.5
2014-10-24,0.08010536,30.5,79.5
2014-10-25,0.0,30.5,79.5
2014-10-26,1.1175033,30.5,79.5
2014-10-27,0.0,30.5,79.5
2014-10-28,1.119675e-06,30.5,79.5
2014-10-29,0.0,30.5,79.5
2014-10-30,0.0,30.5,79.5
2014-10-31,0.0,30.5,79.5
2014-11-01,0.0,30.5,79.5
2014-11-02,0.0,30.5,79.5
2014-11-03,0.0,30.5,79.5
2014-11-04,0.0,30.5,79.5
2014-11-05,0.0,30.5,79.5
2014-11-06,0.010007559,30.5,79.5
2014-11-07,0.0,30.5,79.5
2014-11-08,0.0,30.5,79.5
2014-11-09,0.0,30.5,79.5
2014-11-10,0.0,30.5,79.5
2014-11-11,0.0,30.5,79.5
2014-11-12,0.0,30.5,79.5
2014-11-13,0.0,30.5,79.5
2014-11-14,0.0,30.5,79.5
2014-11-15,0.0,30.5,79.5
2014-11-16,0.0,30.5,79.5
2014-11-17,0.0,30.5,79.5
2014-11-18,0.0,30.5,79.5
2014-11-19,0.0,30.5,79.5
2014-11-20,0.0,30.5,79.5
2014-11-21,7.0085836e-05,30.5,79.5
2014-11-22,0.12734054,30.5,79.5
2014-11-23,0.0,30.5,79.5
2014-11-24,0.0,30.5,79.5
2014-11-25,0.0,30.5,79.5
2014-11-26,0.0,30.5,79.5
2014-11-27,0.0,30.5,79.5
2014-11-28,0.025995426,30.5,79.5
2014-11-29,0.0,30.5,79.5
2014-11-30,0.0,30.5,79.5
2014-12-01,0.0,30.5,79.5
2014-12-02,0.0,30.5,79.5
2014-12-03,0.0,30.5,79.5
2014-12-04,0.0,30.5,79.5
2014-12-05,0.0,30.5,79.5
2014-12-06,0.0,30.5,79.5
2014-12-07,0.0,30.5,79.5
2014-12-08,0.0,30.5,79.5
2014-12-09,0.0,30.5,79.5
2014-12-10,0.0,30.5,79.5
2014-12-11,0.00082327833,30.5,79.5
2014-12-12,0.0,30.5,79.5
2014-12-13,0.0,30.5,79.5
2014-12-14,1.2805445,30.5,79.5
2014-12-15,39.245464,30.5,79.5
2014-12-16,8.485664,30.5,79.5
2014-12-17,0.0,30.5,79.5
2014-12-18,0.014745366,30.5,79.5
2014-12-19,0.0,30.5,79.5
2014-12-20,0.0,30.5,79.5
2014-12-21,0.03681213,30.5,79.5
2014-12-22,0.0,30.5,79.5
2014-12-23,0.0,30.5,79.5
2014-12-24,0.0,30.5,79.5
2014-12-25,0.042862885,30.5,79.5
2014-12-26,0.0,30.5,79.5
2014-12-27,0.0,30.5,79.5
2014-12-28,0.0,30.5,79.5
2014-12-29,0.0,30.5,79.5
2014-12-30,0.0,30.5,79.5
2014-12-31,0.0,30.5,79.5
2015-01-01,0.08475849,30.5,79.5
2015-01-02,1.6028742,30.5,79.5
2015-01-03,29.380342,30.5,79.5
2015-01-04,18.705397,30.5,79.5
2015-01-05,0.0,30.5,79.5
2015-01-06,0.0,30.5,79.5
2015-01-07,0.0,30.5,79.5
2015-01-08,0.00023026852,30.5,79.5
2015-01-09,0.0,30.5,79.5
2015-01-10,0.0,30.5,79.5
2015-01-11,0.1335353,30.5,79.5
2015-01-12,0.0,30.5,79.5
2015-01-13,0.54980963,30.5,79.5
2015-01-14,2.3659797,30.5,79.5
2015-01-15,2.427169,30.5,79.5
2015-01-16,0.40560037,30.5,79.5
2015-01-17,0.0,30.5,79.5
2015-01-18,0.0,30.5,79.5
2015-01-19,0.06780639,30.5,79.5
2015-01-20,0.062519,30.5,79.5
2015-01-21,0.0,30.5,79.5
2015-01-22,1.4064174,30.5,79.5
2015-01-23,4.008122,30.5,79.5
2015-01-24,0.1337115,30.5,79.5
2015-01-25,0.0,30.5,79.5
2015-01-26,2.3556132,30.5,79.5
2015-01-27,6.1001706,30.5,79.5
2015-01-28,0.1324668,30.5,79.5
2015-01-29,0.0,30.5,79.5
2015-01-30,0.24782643,30.5,79.5
2015-01-31,0.0,30.5,79.5
2015-02-01,0.0966311,30.5,79.5
2015-02-02,7.241036,30.5,79.5
2015-02-03,33.039528,30.5,79.5
2015-02-04,45.930065,30.5,79.5
2015-02-05,0.012864677,30.5,79.5
2015-02-06,0.0,30.5,79.5
2015-02-07,0.0,30.5,79.5
2015-02-08,0.0,30.5,79.5
2015-02-09,0.0,30.5,79.5
2015-02-10,0.0,30.5,79.5
2015-02-11,0.0,30.5,79.5
2015-02-12,0.0,30.5,79.5
2015-02-13,0.0,30.5,79.5
2015-02-14,0.0,30.5,79.5
2015-02-15,0.0,30.5,79.5
2015-02-16,0.3692656,30.5,79.5
2015-02-17,2.6664813,30.5,79.5
2015-02-18,4.5284905,30.5,79.5
2015-02-19,15.119768,30.5,79.5
2015-02-20,10.566491,30.5,79.5
2015-02-21,5.2182975,30.5,79.5
2015-02-22,0.0,30.5,79.5
2015-02-23,0.0,30.5,79.5
2015-02-24,2.0829062,30.5,79.5
2015-02-25,10.359495,30.5,79.5
2015-02-26,17.813623,30.5,79.5
2015-02-27,3.2060354,30.5,79.5
2015-02-28,2.977904,30.5,79.5
2015-03-01,5.8775854,30.5,79.5
2015-03-02,29.106394,30.5,79.5
2015-03-03,8.097136,30.5,79.5
2015-03-04,1.9127831,30.5,79.5
2015-03-05,0.0,30.5,79.5
2015-03-06,0.003420266,30.5,79.5
2015-03-07,1.2264313,30.5,79.5
2015-03-08,8.401568,30.5,79.5
2015-03-09,3.9751358,30.5,79.5
2015-03-10,0.20531256,30.5,79.5
2015-03-11,0.0,30.5,79.5
2015-03-12,0.0,30.5,79.5
2015-03-13,0.0,30.5,79.5
2015-03-14,0.49841014,30.5,79.5
2015-03-15,3.7668116,30.5,79.5
2015-03-16,9.10941,30.5,79.5
2015-03-17,4.1975036,30.5,79.5
2015-03-18,0.032179743,30.5,79.5
2015-03-19,0.0,30.5,79.5
2015-03-20,0.0,30.5,79.5
2015-03-21,0.0,30.5,79.5
2015-03-22,0.0,30.5,79.5
2015-03-23,0.0,30.5,79.5
2015-03-24,0.0,30.5,79.5
2015-03-25,0.04177999,30.5,79.5
2015-03-26,2.1704516,30.5,79.5
2015-03-27,0.0,30.5,79.5
2015-03-28,2.2288961,30.5,79.5
2015-03-29,0.83340555,30.5,79.5
2015-03-30,14.913043,30.5,79.5
2015-03-31,1.7768954,30.5,79.5
2015-04-01,0.18729149,30.5,79.5
2015-04-02,6.3456564,30.5,79.5
2015-04-03,4.3202605,30.5,79.5
2015-04-04,6.556845,30.5,79.5
2015-04-05,7.434691,30.5,79.5
2015-04-06,1.8723267,30.5,79.5
2015-04-07,0.0,30.5,79.5
2015-04-08,3.238449,30.5,79.5
2015-04-09,1.2501878,30.5,79.5
2015-04-10,0.0,30.5,79.5
2015-04-11,0.0,30.5,79.5
2015-04-12,0.74993503,30.5,79.5
2015-04-13,0.06385671,30.5,79.5
2015-04-14,3.0899928,30.5,79.5
2015-04-15,2.7213542,30.5,79.5
2015-04-16,3.1650739,30.5,79.5
2015-04-17,3.3971052,30.5,79.5
2015-04-18,0.0,30.5,79.5
2015-04-19,0.43378955,30.5,79.5
2015-04-20,1.3327115,30.5,79.5
2015-04-21,0.39213723,30.5,79.5
2015-04-22,0.00027521577,30.5,79.5
2015-04-23,0.0,30.5,79.5
2015-04-24,1.5537263,30.5,79.5
2015-04-25,9.671657,30.5,79.5
2015-04-26,1.6740525,30.5,79.5
2015-04-27,0.16022,30.5,79.5
2015-04-28,2.5911431,30.5,79.5
2015-04-29,5.389598,30.5,79.5
2015-04-30,1.1412868,30.5,79.5
2015-05-01,5.8095064,30.5,79.5
2015-05-02,0.0,30.5,79.5
2015-05-03,0.33680838,30.5,79.5
2015-05-04,0.0,30.5,79.5
2015-05-05,0.0,30.5,79.5
2015-05-06,1.8817699,30.5,79.5
2015-05-07,0.008232576,30.5,79.5
2015-05-08,0.0,30.5,79.5
2015-05-09,0.0,30.5,79.5
2015-05-10,0.52664316,30.5,79.5
2015-05-11,3.396286,30.5,79.5
2015-05-12,0.6713887,30.5,79.5
2015-05-13,0.2620779,30.5,79.5
2015-05-14,2.6435962,30.5,79.5
2015-05-15,6.5857463,30.5,79.5
2015-05-16,8.0581,30.5,79.5
2015-05-17,0.0,30.5,79.5
2015-05-18,0.0,30.5,79.5
2015-05-19,0.2121134,30.5,79.5
2015-05-20,0.00042006146,30.5,79.5
2015-05-21,0.0,30.5,79.5
2015-05-22,0.13722278,30.5,79.5
2015-05-23,0.49971402,30.5,79.5
2015-05-24,1.9996796,30.5,79.5
2015-05-25,7.9271264,30.5,79.5
2015-05-26,6.5075207,30.5,79.5
2015-05-27,0.0,30.5,79.5
2015-05-28,0.0,30.5,79.5
2015-05-29,0.0,30.5,79.5
2015-05-30,2.1621182,30.5,79.5
2015-05-31,3.3422897,30.5,79.5
2015-06-01,1.7046223,30.5,79.5
2015-06-02,0.075355954,30.5,79.5
2015-06-03,0.0,30.5,79.5
2015-06-04,0.0,30.5,79.5
2015-06-05,0.0,30.5,79.5
2015-06-06,0.09850262,30.5,79.5
2015-06-07,0.0,30.5,79.5
2015-06-08,0.0,30.5,79.5
2015-06-09,0.00080313627,30.5,79.5
2015-06-10,0.0,30.5,79.5
2015-06-11,0.20014054,30.5,79.5
2015-06-12,1.2976608,30.5,79.5
2015-06-13,1.17873,30.5,79.5
2015-06-14,2.1213484,30.5,79.5
2015-06-15,1.6702483,30.5,79.5
2015-06-16,0.0,30.5,79.5
2015-06-17,0.0,30.5,79.5
2015-06-18,6.503841,30.5,79.5
2015-06-19,11.360909,30.5,79.5
2015-06-20,0.27007136,30.5,79.5
2015-06-21,4.293654,30.5,79.5
2015-06-22,1.232891,30.5,79.5
2015-06-23,8.80011,30.5,79.5
2015-06-24,13.617896,30.5,79.5
2015-06-25,32.16566,30.5,79.5
2015-06-26,44.28884,30.5,79.5
2015-06-27,0.43348682,30.5,79.5
2015-06-28,2.6789248,30.5,79.5
2015-06-29,0.8302606,30.5,79.5
2015-06-30,27.697548,30.5,79.5
2015-07-01,35.870422,30.5,79.5
2015-07-02,39.563625,30.5,79.5
2015-07-03,10.865988,30.5,79.5
2015-07-04,0.0,30.5,79.5
2015-07-05,2.241187,30.5,79.5
2015-07-06,12.857476,30.5,79.5
2015-07-07,4.0889773,30.5,79.5
2015-07-08,9.85048,30.5,79.5
2015-07-09,36.334843,30.5,79.5
2015-07-10,33.81396,30.5,79.5
2015-07-11,31.20678,30.5,79.5
2015-07-12,1.9020877,30.5,79.5
2015-07-13,2.647914,30.5,79.5
2015-07-14,0.17589189,30.5,79.5
2015-07-15,0.0074605565,30.5,79.5
2015-07-16,2.5501177,30.5,79.5
2015-07-17,8.736973,30.5,79.5
2015-07-18,3.4110405,30.5,79.5
2015-07-19,40.097942,30.5,79.5
2015-07-20,31.327654,30.5,79.5
2015-07-21,29.048534,30.5,79.5
2015-07-22,28.358305,30.5,79.5
2015-07-23,21.35221,30.5,79.5
2015-07-24,24.023024,30.5,79.5
2015-07-25,17.252604,30.5,79.5
2015-07-26,29.863539,30.5,79.5
2015-07-27,5.952975,30.5,79.5
2015-07-28,0.7932209,30.5,79.5
2015-07-29,4.7571464,30.5,79.5
2015-07-30,1.4011853,30.5,79.5
2015-07-31,5.4515915,30.5,79.5
2015-08-01,26.802088,30.5,79.5
2015-08-02,16.18703,30.5,79.5
2015-08-03,2.3578918,30.5,79.5
2015-08-04,12.004747,30.5,79.5
2015-08-05,12.128932,30.5,79.5
2015-08-06,23.897194,30.5,79.5
2015-08-07,45.779076,30.5,79.5
2015-08-08,45.311756,30.5,79.5
2015-08-09,5.0511937,30.5,79.5
2015-08-10,45.55338,30.5,79.5
2015-08-11,25.170677,30.5,79.5
2015-08-12,53.22321,30.5,79.5
2015-08-13,15.722132,30.5,79.5
2015-08-14,11.380956,30.5,79.5
2015-08-15,15.38511,30.5,79.5
2015-08-16,24.598701,30.5,79.5
2015-08-17,15.857336,30.5,79.5
2015-08-18,40.28082,30.5,79.5
2015-08-19,1.7446687,30.5,79.5
2015-08-20,1.2675768,30.5,79.5
2015-08-21,10.308076,30.5,79.5
2015-08-22,7.957448,30.5,79.5
2015-08-23,0.26817575,30.5,79.5
2015-08-24,0.27901986,30.5,79.5
2015-08-25,0.0,30.5,79.5
2015-08-26,1.7276247,30.5,79.5
2015-08-27,20.867619,30.5,79.5
2015-08-28,25.347765,30.5,79.5
2015-08-29,0.0,30.5,79.5
2015-08-30,0.0,30.5,79.5
2015-08-31,4.7439456,30.5,79.5
2015-09-01,0.0,30.5,79.5
2015-09-02,0.00035929587,30.5,79.5
2015-09-03,1.4411476,30.5,79.5
2015-09-04,13.355532,30.5,79.5
2015-09-05,0.11515609,30.5,79.5
2015-09-06,0.0,30.5,79.5
2015-09-07,0.7846592,30.5,79.5
2015-09-08,2.1900482,30.5,79.5
2015-09-09,0.0,30.5,79.5
2015-09-10,0.0,30.5,79.5
2015-09-11,0.0,30.5,79.5
2015-09-12,3.5645206,30.5,79.5
2015-09-13,0.0,30.5,79.5
2015-09-14,0.0,30.5,79.5
2015-09-15,0.39010203,30.5,79.5
2015-09-16,0.0,30.5,79.5
2015-09-17,0.13470155,30.5,79.5
2015-09-18,0.86201245,30.5,79.5
2015-09-19,1.4827335,30.5,79.5
2015-09-20,1.0935658,30.5,79.5
2015-09-21,19.246471,30.5,79.5
2015-09-22,2.9456482,30.5,79.5
2015-09-23,7.7727923,30.5,79.5
2015-09-24,0.0,30.5,79.5
2015-09-25,0.027549824,30.5,79.5
2015-09-26,2.3593695,30.5,79.5
2015-09-27,9.747277,30.5,79.5
2015-09-28,0.0,30.5,79.5
2015-09-29,0.0,30.5,79.5
2015-09-30,0.0,30.5,79.5
2015-10-01,0.13332222,30.5,79.5
2015-10-02,0.0,30.5,79.5
2015-10-03,0.015884064,30.5,79.5
2015-10-04,0.0,30.5,79.5
2015-10-05,0.27255636,30.5,79.5
2015-10-06,0.0,30.5,79.5
2015-10-07,0.0,30.5,79.5
2015-10-08,0.0,30.5,79.5
2015-10-09,0.1334638,30.5,79.5
2015-10-10,0.0,30.5,79.5
2015-10-11,0.0,30.5,79.5
2015-10-12,10.0490055,30.5,79.5
2015-10-13,0.040541474,30.5,79.5
2015-10-14,2.3585098,30.5,79.5
2015-10-15,5.1101,30.5,79.5
2015-10-16,0.0,30.5,79.5
2015-10-17,0.0010567624,30.5,79.5
2015-10-18,0.9334846,30.5,79.5
2015-10-19,0.0,30.5,79.5
2015-10-20,4.6829596,30.5,79.5
2015-10-21,0.0,30.5,79.5
2015-10-22,0.0,30.5,79.5
2015-10-23,0.0,30.5,79.5
2015-10-24,0.0,30.5,79.5
2015-10-25,0.0,30.5,79.5
2015-10-26,0.0,30.5,79.5
2015-10-27,0.0,30.5,79.5
2015-10-28,0.4502456,30.5,79.5
2015-10-29,0.40260988,30.5,79.5
2015-10-30,0.0,30.5,79.5
2015-10-31,0.0,30.5,79.5
2015-11-01,0.0,30.5,79.5
2015-11-02,0.0,30.5,79.5
2015-11-03,0.1040137,30.5,79.5
2015-11-04,0.0,30.5,79.5
2015-11-05,0.59886116,30.5,79.5
2015-11-06,0.0,30.5,79.5
2015-11-07,0.0,30.5,79.5
2015-11-08,0.0,30.5,79.5
2015-11-09,0.07171384,30.5,79.5
2015-11-10,0.0072056353,30.5,79.5
2015-11-11,0.0,30.5,79.5
2015-11-12,0.0,30.5,79.5
2015-11-13,0.0,30.5,79.5
2015-11-14,0.0,30.5,79.5
2015-11-15,0.0,30.5,79.5
2015-11-16,0.0,30.5,79.5
2015-11-17,0.0,30.5,79.5
2015-11-18,0.0,30.5,79.5
2015-11-19,0.0,30.5,79.5
2015-11-20,0.0,30.5,79.5
2015-11-21,0.0,30.5,79.5
2015-11-22,0.006678426,30.5,79.5
2015-11-23,0.0,30.5,79.5
2015-11-24,0.0,30.5,79.5
2015-11-25,0.0,30.5,79.5
2015-11-26,0.0,30.5,79.5
2015-11-27,0.5523703,30.5,79.5
2015-11-28,1.0121483,30.5,79.5
2015-11-29,0.012203947,30.5,79.5
2015-11-30,0.0,30.5,79.5
2015-12-01,0.0,30.5,79.5
2015-12-02,0.0,30.5,79.5
2015-12-03,0.0,30.5,79.5
2015-12-04,0.0,30.5,79.5
2015-12-05,0.0,30.5,79.5
2015-12-06,0.0,30.5,79.5
2015-12-07,0.0,30.5,79.5
2015-12-08,0.05092534,30.5,79.5
2015-12-09,0.0,30.5,79.5
2015-12-10,1.738564,30.5,79.5
2015-12-11,1.815067,30.5,79.5
2015-12-12,0.90658695,30.5,79.5
2015-12-13,0.0,30.5,79.5
2015-12-14,0.0,30.5,79.5
2015-12-15,0.0059504756,30.5,79.5
2015-12-16,0.0,30.5,79.5
2015-12-17,0.0,30.5,79.5
2015-12-18,0.0,30.5,79.5
2015-12-19,0.0,30.5,79.5
2015-12-20,0.0,30.5,79.5
2015-12-21,0.0,30.5,79.5
2015-12-22,0.0,30.5,79.5
2015-12-23,0.0,30.5,79.5
2015-12-24,0.14175937,30.5,79.5
2015-12-25,0.0,30.5,79.5
2015-12-26,0.0,30.5,79.5
2015-12-27,0.0,30.5,79.5
2015-12-28,0.09138286,30.5,79.5
2015-12-29,0.014850409,30.5,79.5
2015-12-30,0.0,30.5,79.5
2015-12-31,0.0,30.5,79.5
2016-01-01,0.0,30.5,79.5
2016-01-02,0.0,30.5,79.5
2016-01-03,0.0,30.5,79.5
2016-01-04,0.0,30.5,79.5
2016-01-05,0.0,30.5,79.5
2016-01-06,0.0,30.5,79.5
2016-01-07,0.0,30.5,79.5
2016-01-08,0.36681306,30.5,79.5
2016-01-09,2.4324305,30.5,79.5
2016-01-10,0.0,30.5,79.5
2016-01-11,0.0,30.5,79.5
2016-01-12,0.0,30.5,79.5
2016-01-13,0.0,30.5,79.5
2016-01-14,0.0,30.5,79.5
2016-01-15,0.0,30.5,79.5
2016-01-16,0.0,30.5,79.5
2016-01-17,0.0,30.5,79.5
2016-01-18,0.010699719,30.5,79.5
2016-01-19,0.012423624,30.5,79.5
2016-01-20,2.545384,30.5,79.5
2016-01-21,0.13390347,30.5,79.5
2016-01-22,0.0,30.5,79.5
2016-01-23,0.0,30.5,79.5
2016-01-24,0.0,30.5,79.5
2016-01-25,0.008512795,30.5,79.5
2016-01-26,0.0,30.5,79.5
2016-01-27,0.0,30.5,79.5
2016-01-28,0.1337242,30.5,79.5
2016-01-29,3.3787062e-05,30.5,79.5
2016-01-30,4.492196,30.5,79.5
2016-01-31,0.0,30.5,79.5
2016-02-01,0.0,30.5,79.5
2016-02-02,0.13355477,30.5,79.5
2016-02-03,0.0,30.5,79.5
2016-02-04,0.0,30.5,79.5
2016-02-05,0.0,30.5,79.5
2016-02-06,0.0,30.5,79.5
2016-02-07,1.179028,30.5,79.5
2016-02-08,3.6543808,30.5,79.5
2016-02-09,0.0,30.5,79.5
2016-02-10,0.0,30.5,79.5
2016-02-11,0.0,30.5,79.5
2016-02-12,0.0,30.5,79.5
2016-02-13,0.0,30.5,79.5
2016-02-14,0.18278368,30.5,79.5
2016-02-15,0.0,30.5,79.5
2016-02-16,0.0,30.5,79.5
2016-02-17,0.0,30.5,79.5
2016-02-18,0.0,30.5,79.5
2016-02-19,1.1164873,30.5,79.5
2016-02-20,13.368313,30.5,79.5
2016-02-21,3.4632776,30.5,79.5
2016-02-22,0.0,30.5,79.5
2016-02-23,0.0,30.5,79.5
2016-02-24,0.0,30.5,79.5
2016-02-25,0.0,30.5,79.5
2016-02-26,0.0,30.5,79.5
2016-02-27,0.0102505265,30.5,79.5
2016-02-28,0.013658979,30.5,79.5
2016-02-29,0.0,30.5,79.5
2016-03-01,1.9845704,30.5,79.5
2016-03-02,0.0,30.5,79.5
2016-03-03,0.58979124,30.5,79.5
2016-03-04,0.0,30.5,79.5
2016-03-05,0.0,30.5,79.5
2016-03-06,1.534966,30.5,79.5
2016-03-07,2.3556268,30.5,79.5
2016-03-08,2.3157156,30.5,79.5
2016-03-09,0.42748648,30.5,79.5
2016-03-10,0.0,30.5,79.5
2016-03-11,0.6148357,30.5,79.5
2016-03-12,3.784821,30.5,79.5
2016-03-13,1.5964683,30.5,79.5
2016-03-14,2.0960026,30.5,79.5
2016-03-15,0.90879536,30.5,79.5
2016-03-16,0.0,30.5,79.5
2016-03-17,0.17885523,30.5,79.5
2016-03-18,2.3980975,30.5,79.5
2016-03-19,0.0259989,30.5,79.5
2016-03-20,1.1574425,30.5,79.5
2016-03-21,2.34317,30.5,79.5
2016-03-22,0.0,30.5,79.5
2016-03-23,0.0,30.5,79.5
2016-03-24,0.0,30.5,79.5
2016-03-25,0.0,30.5,79.5
2016-03-26,0.0,30.5,79.5
2016-03-27,0.0,30.5,79.5
2016-03-28,0.5948466,30.5,79.5
2016-03-29,0.0,30.5,79.5
2016-03-30,0.8655151,30.5,79.5
2016-03-31,3.005924,30.5,79.5
2016-04-01,0.0,30.5,79.5
2016-04-02,0.0,30.5,79.5
2016-04-03,0.15244788,30.5,79.5
2016-04-04,0.0,30.5,79.5
2016-04-05,0.0,30.5,79.5
2016-04-06,0.0,30.5,79.5
2016-04-07,4.8709517,30.5,79.5
2016-04-08,4.6693354,30.5,79.5
2016-04-09,0.0,30.5,79.5
2016-04-10,0.0,30.5,79.5
2016-04-11,0.0,30.5,79.5
2016-04-12,0.0,30.5,79.5
2016-04-13,1.2394614,30.5,79.5
2016-04-14,0.0,30.5,79.5
2016-04-15,0.003591717,30.5,79.5
2016-04-16,0.0,30.5,79.5
2016-04-17,0.0,30.5,79.5
2016-04-18,0.08335886,30.5,79.5
2016-04-19,2.6226392,30.5,79.5
2016-04-20,0.0,30.5,79.5
2016-04-21,0.0,30.5,79.5
2016-04-22,0.0,30.5,79.5
2016-04-23,0.63914424,30.5,79.5
2016-04-24,0.0,30.5,79.5
2016-04-25,0.0,30.5,79.5
2016-04-26,0.0,30.5,79.5
2016-04-27,0.02590028,30.5,79.5
2016-04-28,0.0,30.5,79.5
2016-04-29,0.0,30.5,79.5
2016-04-30,0.0,30.5,79.5
2016-05-01,0.0,30.5,79.5
2016-05-02,0.0,30.5,79.5
2016-05-03,0.0,30.5,79.5
2016-05-04,3.0114272,30.5,79.5
2016-05-05,1.7243243,30.5,79.5
2016-05-06,0.0,30.5,79.5
2016-05-07,0.9769448,30.5,79.5
2016-05-08,0.7199342,30.5,79.5
2016-05-09,0.0,30.5,79.5
2016-05-10,0.18261525,30.5,79.5
2016-05-11,0.97754836,30.5,79.5
2016-05-12,3.79665,30.5,79.5
2016-05-13,5.9092727,30.5,79.5
2016-05-14,20.052814,30.5,79.5
2016-05-15,7.243234,30.5,79.5
2016-05-16,1.2164992,30.5,79.5
2016-05-17,0.0,30.5,79.5
2016-05-18,0.0,30.5,79.5
2016-05-19,0.8438113,30.5,79.5
2016-05-20,3.7315514,30.5,79.5
2016-05-21,2.490837,30.5,79.5
2016-05-22,0.62619853,30.5,79.5
2016-05-23,11.65848,30.5,79.5
2016-05-24,5.1225057,30.5,79.5
2016-05-25,4.08384,30.5,79.5
2016-05-26,4.910676,30.5,79.5
2016-05-27,4.0659084,30.5,79.5
2016-05-28,9.723767,30.5,79.5
2016-05-29,10.668778,30.5,79.5
2016-05-30,16.554184,30.5,79.5
2016-05-31,3.7671132,30.5,79.5
2016-06-01,0.0,30.5,79.5
2016-06-02,1.1317433,30.5,79.5
2016-06-03,0.4568983,30.5,79.5
2016-06-04,10.500607,30.5,79.5
2016-06-05,12.877339,30.5,79.5
2016-06-06,2.8395228,30.5,79.5
2016-06-07,1.7054677,30.5,79.5
2016-06-08,0.73802567,30.5,79.5
2016-06-09,0.0,30.5,79.5
2016-06-10,2.0087595,30.5,79.5
2016-06-11,1.0915111,30.5,79.5
2016-06-12,2.986339,30.5,79.5
2016-06-13,3.0470097,30.5,79.5
2016-06-14,1.496881,30.5,79.5
2016-06-15,5.384211,30.5,79.5
2016-06-16,6.355255,30.5,79.5
2016-06-17,5.6018925,30.5,79.5
2016-06-18,15.872432,30.5,79.5
2016-06-19,17.884281,30.5,79.5
2016-06-20,34.706608,30.5,79.5
2016-06-21,13.798998,30.5,79.5
2016-06-22,25.302378,30.5,79.5
2016-06-23,2.6003506,30.5,79.5
2016-06-24,7.9301715,30.5,79.5
2016-06-25,22.724262,30.5,79.5
2016-06-26,30.30717,30.5,79.5
2016-06-27,43.469067,30.5,79.5
2016-06-28,52.659084,30.5,79.5
2016-06-29,39.367004,30.5,79.5
2016-06-30,25.800539,30.5,79.5
2016-07-01,128.80893,30.5,79.5
2016-07-02,63.215805,30.5,79.5
2016-07-03,5.938824,30.5,79.5
2016-07-04,1.355259,30.5,79.5
2016-07-05,0.28918824,30.5,79.5
2016-07-06,28.836073,30.5,79.5
2016-07-07,17.076338,30.5,79.5
2016-07-08,0.0,30.5,79.5
2016-07-09,13.909404,30.5,79.5
2016-07-10,16.436602,30.5,79.5
2016-07-11,18.510317,30.5,79.5
2016-07-12,48.71358,30.5,79.5
2016-07-13,23.491457,30.5,79.5
2016-07-14,39.019753,30.5,79.5
2016-07-15,48.430378,30.5,79.5
2016-07-16,37.090286,30.5,79.5
2016-07-17,57.873295,30.5,79.5
2016-07-18,39.706284,30.5,79.5
2016-07-19,9.149924,30.5,79.5
2016-07-20,5.974876,30.5,79.5
2016-07-21,4.36944,30.5,79.5
2016-07-22,13.28278,30.5,79.5
2016-07-23,13.602624,30.5,79.5
2016-07-24,18.485008,30.5,79.5
2016-07-25,6.5730085,30.5,79.5
2016-07-26,40.515877,30.5,79.5
2016-07-27,34.248066,30.5,79.5
2016-07-28,17.56588,30.5,79.5
2016-07-29,20.350046,30.5,79.5
2016-07-30,14.067622,30.5,79.5
2016-07-31,12.855581,30.5,79.5
2016-08-01,20.612427,30.5,79.5
2016-08-02,1.2686752,30.5,79.5
2016-08-03,10.470821,30.5,79.5
2016-08-04,24.913616,30.5,79.5
2016-08-05,28.403156,30.5,79.5
2016-08-06,38.561348,30.5,79.5
2016-08-07,36.47787,30.5,79.5
2016-08-08,5.9977927,30.5,79.5
2016-08-09,20.11947,30.5,79.5
2016-08-10,45.521244,30.5,79.5
2016-08-11,12.6363,30.5,79.5
2016-08-12,1.7005315,30.5,79.5
2016-08-13,16.535154,30.5,79.5
2016-08-14,17.24415,30.5,79.5
2016-08-15,14.389092,30.5,79.5
2016-08-16,37.660137,30.5,79.5
2016-08-17,41.25686,30.5,79.5
2016-08-18,2.617975,30.5,79.5
2016-08-19,10.797576,30.5,79.5
2016-08-20,27.228756,30.5,79.5
2016-08-21,7.6098466,30.5,79.5
2016-08-22,9.994155,30.5,79.5
2016-08-23,3.1755092,30.5,79.5
2016-08-24,2.5722258,30.5,79.5
2016-08-25,17.915295,30.5,79.5
2016-08-26,7.558814,30.5,79.5
2016-08-27,11.999562,30.5,79.5
2016-08-28,3.4505005,30.5,79.5
2016-08-29,2.532775,30.5,79.5
2016-08-30,3.4288793,30.5,79.5
2016-08-31,18.129475,30.5,79.5
2016-09-01,18.78824,30.5,79.5
2016-09-02,8.360211,30.5,79.5
2016-09-03,0.30922985,30.5,79.5
2016-09-04,3.029682,30.5,79.5
2016-09-05,3.040329,30.5,79.5
2016-09-06,0.0,30.5,79.5
2016-09-07,1.0906578,30.5,79.5
2016-09-08,4.232794,30.5,79.5
2016-09-09,0.0,30.5,79.5
2016-09-10,2.2664833,30.5,79.5
2016-09-11,19.162743,30.5,79.5
2016-09-12,19.01719,30.5,79.5
2016-09-13,24.507578,30.5,79.5
2016-09-14,2.7257853,30.5,79.5
2016-09-15,0.47487152,30.5,79.5
2016-09-16,1.4016873,30.5,79.5
2016-09-17,0.0,30.5,79.5
2016-09-18,0.0,30.5,79.5
2016-09-19,0.32242775,30.5,79.5
2016-09-20,0.029754953,30.5,79.5
2016-09-21,4.147152,30.5,79.5
2016-09-22,11.844702,30.5,79.5
2016-09-23,3.2583947,30.5,79.5
2016-09-24,0.93635434,30.5,79.5
2016-09-25,0.7342853,30.5,79.5
2016-09-26,6.2378774,30.5,79.5
2016-09-27,6.07591,30.5,79.5
2016-09-28,0.0,30.5,79.5
2016-09-29,0.7255823,30.5,79.5
2016-09-30,0.0,30.5,79.5
2016-10-01,0.0,30.5,79.5
2016-10-02,3.63788,30.5,79.5
2016-10-03,0.0,30.5,79.5
2016-10-04,11.145437,30.5,79.5
2016-10-05,4.035883,30.5,79.5
2016-10-06,0.6201884,30.5,79.5
2016-10-07,0.0019079283,30.5,79.5
2016-10-08,0.017655384,30.5,79.5
2016-10-09,3.3832781,30.5,79.5
2016-10-10,0.0,30.5,79.5
2016-10-11,0.056168158,30.5,79.5
2016-10-12,0.0,30.5,79.5
2016-10-13,0.0,30.5,79.5
2016-10-14,0.0,30.5,79.5
2016-10-15,0.0,30.5,79.5
2016-10-16,0.0,30.5,79.5
2016-10-17,0.0,30.5,79.5
2016-10-18,0.0,30.5,79.5
2016-10-19,0.0,30.5,79.5
2016-10-20,0.0,30.5,79.5
2016-10-21,0.0,30.5,79.5
2016-10-22,0.0,30.5,79.5
2016-10-23,0.0,30.5,79.5
2016-10-24,0.0,30.5,79.5
2016-10-25,0.0,30.5,79.5
2016-10-26,0.0,30.5,79.5
2016-10-27,0.0,30.5,79.5
2016-10-28,0.0,30.5,79.5
2016-10-29,0.0,30.5,79.5
2016-10-30,0.0,30.5,79.5
2016-10-31,0.0,30.5,79.5
2016-11-01,0.0,30.5,79.5
2016-11-02,0.0,30.5,79.5
2016-11-03,0.0,30.5,79.5
2016-11-04,0.0,30.5,79.5
2016-11-05,0.0,30.5,79.5
2016-11-06,0.0,30.5,79.5
2016-11-07,0.0,30.5,79.5
2016-11-08,0.0,30.5,79.5
2016-11-09,0.0,30.5,79.5
2016-11-10,0.0,30.5,79.5
2016-11-11,0.0,30.5,79.5
2016-11-12,0.0,30.5,79.5
2016-11-13,0.0,30.5,79.5
2016-11-14,0.0,30.5,79.5
2016-11-15,0.0,30.5,79.5
2016-11-16,0.0,30.5,79.5
2016-11-17,0.015011469,30.5,79.5
2016-11-18,0.031239683,30.5,79.5
2016-11-19,0.0,30.5,79.5
2016-11-20,0.0,30.5,79.5
2016-11-21,0.0,30.5,79.5
2016-11-22,0.0,30.5,79.5
2016-11-23,0.0,30.5,79.5
2016-11-24,0.05809189,30.5,79.5
2016-11-25,0.0,30.5,79.5
2016-11-26,0.0,30.5,79.5
2016-11-27,0.0,30.5,79.5
2016-11-28,0.0,30.5,79.5
2016-11-29,0.0,30.5,79.5
2016-11-30,0.0,30.5,79.5
2016-12-01,0.0,30.5,79.5
2016-12-02,0.0,30.5,79.5
2016-12-03,0.1331248,30.5,79.5
2016-12-04,0.0,30.5,79.5
2016-12-05,0.0,30.5,79.5
2016-12-06,0.0,30.5,79.5
2016-12-07,0.0032151705,30.5,79.5
2016-12-08,0.029992552,30.5,79.5
2016-12-09,0.0,30.5,79.5
2016-12-10,0.024142105,30.5,79.5
2016-12-11,0.0,30.5,79.5
2016-12-12,0.0,30.5,79.5
2016-12-13,0.0,30.5,79.5
2016-12-14,0.0,30.5,79.5
2016-12-15,0.0246747,30.5,79.5
2016-12-16,0.0,30.5,79.5
2016-12-17,0.061388765,30.5,79.5
2016-12-18,0.0,30.5,79.5
2016-12-19,0.0,30.5,79.5
2016-12-20,0.0,30.5,79.5
2016-12-21,0.0,30.5,79.5
2016-12-22,0.0,30.5,79.5
2016-12-23,0.0,30.5,79.5
2016-12-24,0.0,30.5,79.5
2016-12-25,4.8908305,30.5,79.5
2016-12-26,2.0829802,30.5,79.5
2016-12-27,0.0,30.5,79.5
2016-12-28,0.0,30.5,79.5
2016-12-29,0.0,30.5,79.5
2016-12-30,0.0,30.5,79.5
2016-12-31,0.0,30.5,79.5
2017-01-01,0.14969182,30.5,79.5
2017-01-02,2.8993387,30.5,79.5
2017-01-03,0.32935995,30.5,79.5
2017-01-04,0.14969186,30.5,79.5
2017-01-05,0.14562015,30.5,79.5
2017-01-06,0.053287607,30.5,79.5
2017-01-07,0.021970982,30.5,79.5
2017-01-08,13.4307,30.5,79.5
2017-01-09,0.0032717374,30.5,79.5
2017-01-10,0.14958574,30.5,79.5
2017-01-11,1.3384279,30.5,79.5
2017-01-12,0.06410208,30.5,79.5
2017-01-13,0.12275515,30.5,79.5
2017-01-14,0.22143835,30.5,79.5
2017-01-15,0.17545101,30.5,79.5
2017-01-16,1.4362664,30.5,79.5
2017-01-17,4.629886,30.5,79.5
2017-01-18,0.20059338,30.5,79.5
2017-01-19,0.0,30.5,79.5
2017-01-20,0.01703977,30.5,79.5
2017-01-21,0.16299655,30.5,79.5
2017-01-22,0.149699,30.5,79.5
2017-01-23,0.00451849,30.5,79.5
2017-01-24,0.034864146,30.5,79.5
2017-01-25,0.0,30.5,79.5
2017-01-26,0.35033184,30.5,79.5
2017-01-27,8.800936,30.5,79.5
2017-01-28,0.8522235,30.5,79.5
2017-01-29,0.0,30.5,79.5
2017-01-30,0.14952645,30.5,79.5
2017-01-31,3.0077856,30.5,79.5
2017-02-01,0.21707729,30.5,79.5
2017-02-02,0.0,30.5,79.5
2017-02-03,0.0265691,30.5,79.5
2017-02-04,2.4719635e-10,30.5,79.5
2017-02-05,0.025323043,30.5,79.5
2017-02-06,13.9031105,30.5,79.5
2017-02-07,0.14763215,30.5,79.5
2017-02-08,0.0,30.5,79.5
2017-02-09,0.20036742,30.5,79.5
2017-02-10,0.025329987,30.5,79.5
2017-02-11,0.052695308,30.5,79.5
2017-02-12,0.018470228,30.5,79.5
2017-02-13,0.0,30.5,79.5
2017-02-14,0.14942633,30.5,79.5
2017-02-15,0.130485,30.5,79.5
2017-02-16,0.028710088,30.5,79.5
2017-02-17,0.11410548,30.5,79.5
2017-02-18,0.3865491,30.5,79.5
2017-02-19,0.2995762,30.5,79.5
2017-02-20,0.0,30.5,79.5
2017-02-21,6.294629,30.5,79.5
2017-02-22,5.568479,30.5,79.5
2017-02-23,0.0006131882,30.5,79.5
2017-02-24,0.23485453,30.5,79.5
2017-02-25,0.002802339,30.5,79.5
2017-02-26,3.107063e-12,30.5,79.5
2017-02-27,0.0,30.5,79.5
2017-02-28,0.08502534,30.5,79.5
2017-03-01,0.0,30.5,79.5
2017-03-02,1.7647758,30.5,79.5
2017-03-03,0.18738605,30.5,79.5
2017-03-04,0.1494257,30.5,79.5
2017-03-05,0.1494257,30.5,79.5
2017-03-06,0.113331564,30.5,79.5
2017-03-07,0.0,30.5,79.5
2017-03-08,9.251386,30.5,79.5
2017-03-09,31.683748,30.5,79.5
2017-03-10,1.811865,30.5,79.5
2017-03-11,17.114546,30.5,79.5
2017-03-12,11.415082,30.5,79.5
2017-03-13,0.0,30.5,79.5
2017-03-14,0.051802017,30.5,79.5
2017-03-15,0.14959101,30.5,79.5
2017-03-16,0.0057146717,30.5,79.5
2017-03-17,12.183761,30.5,79.5
2017-03-18,8.368584,30.5,79.5
2017-03-19,0.16904286,30.5,79.5
2017-03-20,0.33814734,30.5,79.5
2017-03-21,0.14958574,30.5,79.5
2017-03-22,0.0,30.5,79.5
2017-03-23,0.14958574,30.5,79.5
2017-03-24,0.96569955,30.5,79.5
2017-03-25,0.25969228,30.5,79.5
2017-03-26,0.0008155603,30.5,79.5
2017-03-27,0.16653177,30.5,79.5
2017-03-28,0.33043802,30.5,79.5
2017-03-29,0.017375665,30.5,79.5
2017-03-30,0.16241503,30.5,79.5
2017-03-31,0.12792054,30.5,79.5
2017-04-01,0.007957812,30.5,79.5
2017-04-02,1.4034569,30.5,79.5
2017-04-03,0.011213245,30.5,79.5
2017-04-04,0.20433833,30.5,79.5
2017-04-05,10.977666,30.5,79.5
2017-04-06,63.0402,30.5,79.5
2017-04-07,17.500418,30.5,79.5
2017-04-08,6.6904907,30.5,79.5
2017-04-09,0.43449396,30.5,79.5
2017-04-10,0.0,30.5,79.5
2017-04-11,0.0,30.5,79.5
2017-04-12,0.0,30.5,79.5
2017-04-13,0.0,30.5,79.5
2017-04-14,0.14958574,30.5,79.5
2017-04-15,0.79184854,30.5,79.5
2017-04-16,0.0,30.5,79.5
2017-04-17,0.0332287,30.5,79.5
2017-04-18,0.2995669,30.5,79.5
2017-04-19,0.0,30.5,79.5
2017-04-20,3.5511937,30.5,79.5
2017-04-21,1.6891202,30.5,79.5
2017-04-22,0.00092227553,30.5,79.5
2017-04-23,0.79330117,30.5,79.5
2017-04-24,1.6886292,30.5,79.5
2017-04-25,0.34867626,30.5,79.5
2017-04-26,0.30159852,30.5,79.5
2017-04-27,1.098709,30.5,79.5
2017-04-28,0.26726168,30.5,79.5
2017-04-29,2.4571471,30.5,79.5
2017-04-30,2.1466043,30.5,79.5
2017-05-01,15.087048,30.5,79.5
2017-05-02,0.0,30.5,79.5
2017-05-03,0.0,30.5,79.5
2017-05-04,0.1613356,30.5,79.5
2017-05-05,0.0,30.5,79.5
2017-05-06,5.4106393,30.5,79.5
2017-05-07,0.0,30.5,79.5
2017-05-08,1.103596,30.5,79.5
2017-05-09,2.5636847,30.5,79.5
2017-05-10,4.6043572,30.5,79.5
2017-05-11,3.5578666,30.5,79.5
2017-05-12,8.308346,30.5,79.5
2017-05-13,0.56351554,30.5,79.5
2017-05-14,1.9097747,30.5,79.5
2017-05-15,7.7895727,30.5,79.5
2017-05-16,8.056628,30.5,79.5
2017-05-17,1.3474197,30.5,79.5
2017-05-18,24.217236,30.5,79.5
2017-05-19,1.139898,30.5,79.5
2017-05-20,0.16908644,30.5,79.5
2017-05-21,11.321679,30.5,79.5
2017-05-22,0.90480936,30.5,79.5
2017-05-23,5.3553348,30.5,79.5
2017-05-24,0.0,30.5,79.5
2017-05-25,0.1596254,30.5,79.5
2017-05-26,1.1155335,30.5,79.5
2017-05-27,7.107206,30.5,79.5
2017-05-28,7.667009,30.5,79.5
2017-05-29,4.384685,30.5,79.5
2017-05-30,4.050741,30.5,79.5
2017-05-31,28.679453,30.5,79.5
2017-06-01,1.9071435,30.5,79.5
2017-06-02,0.25664565,30.5,79.5
2017-06-03,0.011660668,30.5,79.5
2017-06-04,0.16519998,30.5,79.5
2017-06-05,3.8957531,30.5,79.5
2017-06-06,11.224797,30.5,79.5
2017-06-07,30.876923,30.5,79.5
2017-06-08,5.013131,30.5,79.5
2017-06-09,3.8836699,30.5,79.5
2017-06-10,4.3902535,30.5,79.5
2017-06-11,3.9306068,30.5,79.5
2017-06-12,6.0025764,30.5,79.5
2017-06-13,4.8402348,30.5,79.5
2017-06-14,0.026698867,30.5,79.5
2017-06-15,0.029545452,30.5,79.5
2017-06-16,2.6038783,30.5,79.5
2017-06-17,0.7697102,30.5,79.5
2017-06-18,0.18924668,30.5,79.5
2017-06-19,7.0359187,30.5,79.5
2017-06-20,2.1216624,30.5,79.5
2017-06-21,10.264881,30.5,79.5
2017-06-22,11.044017,30.5,79.5
2017-06-23,0.28839985,30.5,79.5
2017-06-24,4.2956784e-05,30.5,79.5
2017-06-25,2.9266539,30.5,79.5
2017-06-26,44.7232,30.5,79.5
2017-06-27,19.608618,30.5,79.5
2017-06-28,24.777653,30.5,79.5
2017-06-29,36.771847,30.5,79.5
2017-06-30,2.9721172,30.5,79.5
2017-07-01,7.7134275,30.5,79.5
2017-07-02,23.702724,30.5,79.5
2017-07-03,23.619179,30.5,79.5
2017-07-04,7.0953403,30.5,79.5
2017-07-05,17.26298,30.5,79.5
2017-07-06,16.46055,30.5,79.5
2017-07-07,15.117036,30.5,79.5
2017-07-08,3.4946225,30.5,79.5
2017-07-09,6.8559146,30.5,79.5
2017-07-10,18.312244,30.5,79.5
2017-07-11,28.136152,30.5,79.5
2017-07-12,25.86533,30.5,79.5
2017-07-13,20.756327,30.5,79.5
2017-07-14,2.6892738,30.5,79.5
2017-07-15,1.8927588,30.5,79.5
2017-07-16,31.394667,30.5,79.5
2017-07-17,28.2098,30.5,79.5
2017-07-18,12.98287,30.5,79.5
2017-07-19,6.722325,30.5,79.5
2017-07-20,23.727985,30.5,79.5
2017-07-21,0.849617,30.5,79.5
2017-07-22,44.90386,30.5,79.5
2017-07-23,5.3573103,30.5,79.5
2017-07-24,9.685559,30.5,79.5
2017-07-25,18.065866,30.5,79.5
2017-07-26,26.767115,30.5,79.5
2017-07-27,8.256988,30.5,79.5
2017-07-28,0.80424666,30.5,79.5
2017-07-29,33.723305,30.5,79.5
2017-07-30,46.393337,30.5,79.5
2017-07-31,43.603516,30.5,79.5
2017-08-01,23.177986,30.5,79.5
2017-08-02,14.456197,30.5,79.5
2017-08-03,58.312645,30.5,79.5
2017-08-04,4.9277506,30.5,79.5
2017-08-05,36.64918,30.5,79.5
2017-08-06,2.162867,30.5,79.5
2017-08-07,8.429352,30.5,79.5
2017-08-08,15.67616,30.5,79.5
2017-08-09,27.665009,30.5,79.5
2017-08-10,47.28977,30.5,79.5
2017-08-11,31.268404,30.5,79.5
2017-08-12,9.81532,30.5,79.5
2017-08-13,9.193342,30.5,79.5
2017-08-14,14.649462,30.5,79.5
2017-08-15,3.274108,30.5,79.5
2017-08-16,4.1502824,30.5,79.5
2017-08-17,0.08208813,30.5,79.5
2017-08-18,2.5560021,30.5,79.5
2017-08-19,16.225101,30.5,79.5
2017-08-20,35.32751,30.5,79.5
2017-08-21,63.506577,30.5,79.5
2017-08-22,34.463833,30.5,79.5
2017-08-23,5.178951,30.5,79.5
2017-08-24,5.0267015,30.5,79.5
2017-08-25,33.147984,30.5,79.5
2017-08-26,2.1896255,30.5,79.5
2017-08-27,4.2488565,30.5,79.5
2017-08-28,25.20457,30.5,79.5
2017-08-29,5.009704,30.5,79.5
2017-08-30,0.42161942,30.5,79.5
2017-08-31,25.531057,30.5,79.5
2017-09-01,23.228874,30.5,79.5
2017-09-02,23.788822,30.5,79.5
2017-09-03,4.957914,30.5,79.5
2017-09-04,3.713495,30.5,79.5
2017-09-05,0.18447757,30.5,79.5
2017-09-06,0.00284434,30.5,79.5
2017-09-07,14.787845,30.5,79.5
2017-09-08,0.64830965,30.5,79.5
2017-09-09,0.2984171,30.5,79.5
2017-09-10,5.623132,30.5,79.5
2017-09-11,3.7945476,30.5,79.5
2017-09-12,0.58544993,30.5,79.5
2017-09-13,0.00580402,30.5,79.5
2017-09-14,0.25378674,30.5,79.5
2017-09-15,0.0,30.5,79.5
2017-09-16,0.8056914,30.5,79.5
2017-09-17,0.9471493,30.5,79.5
2017-09-18,10.557763,30.5,79.5
2017-09-19,8.228404,30.5,79.5
2017-09-20,0.462573,30.5,79.5
2017-09-21,0.12887822,30.5,79.5
2017-09-22,23.259285,30.5,79.5
2017-09-23,35.96549,30.5,79.5
2017-09-24,38.998417,30.5,79.5
2017-09-25,3.206969,30.5,79.5
2017-09-26,0.19082917,30.5,79.5
2017-09-27,0.052407462,30.5,79.5
2017-09-28,0.14935769,30.5,79.5
2017-09-29,0.0,30.5,79.5
2017-09-30,1.0289092,30.5,79.5
2017-10-01,0.059335936,30.5,79.5
2017-10-02,0.034636274,30.5,79.5
2017-10-03,0.2092388,30.5,79.5
2017-10-04,0.042946775,30.5,79.5
2017-10-05,0.01248444,30.5,79.5
2017-10-06,0.61024463,30.5,79.5
2017-10-07,0.19255206,30.5,79.5
2017-10-08,0.0,30.5,79.5
2017-10-09,0.21362416,30.5,79.5
2017-10-10,0.10108321,30.5,79.5
2017-10-11,0.15945071,30.5,79.5
2017-10-12,0.15960102,30.5,79.5
2017-10-13,0.1511007,30.5,79.5
2017-10-14,0.23124056,30.5,79.5
2017-10-15,0.00034443254,30.5,79.5
2017-10-16,0.14958574,30.5,79.5
2017-10-17,0.23791333,30.5,79.5
2017-10-18,0.22188555,30.5,79.5
2017-10-19,0.23469132,30.5,79.5
2017-10-20,0.0017225451,30.5,79.5
2017-10-21,0.08514736,30.5,79.5
2017-10-22,0.078332104,30.5,79.5
2017-10-23,0.18437625,30.5,79.5
2017-10-24,0.116253704,30.5,79.5
2017-10-25,0.28896338,30.5,79.5
2017-10-26,0.17152461,30.5,79.5
2017-10-27,0.005201836,30.5,79.5
2017-10-28,0.045086816,30.5,79.5
2017-10-29,1.0592765,30.5,79.5
2017-10-30,2.7831732e-07,30.5,79.5
2017-10-31,0.2742887,30.5,79.5
2017-11-01,0.27770534,30.5,79.5
2017-11-02,0.018229933,30.5,79.5
2017-11-03,0.041275743,30.5,79.5
2017-11-04,0.2924818,30.5,79.5
2017-11-05,0.16579255,30.5,79.5
2017-11-06,0.1677179,30.5,79.5
2017-11-07,0.003793464,30.5,79.5
2017-11-08,0.00044996905,30.5,79.5
2017-11-09,0.21681234,30.5,79.5
2017-11-10,0.0,30.5,79.5
2017-11-11,0.08845934,30.5,79.5
2017-11-12,0.03620184,30.5,79.5
2017-11-13,0.1495879,30.5,79.5
2017-11-14,0.19911686,30.5,79.5
2017-11-15,0.3101458,30.5,79.5
2017-11-16,0.46224302,30.5,79.5
2017-11-17,0.13756171,30.5,79.5
2017-11-18,0.3499191,30.5,79.5
2017-11-19,0.51230174,30.5,79.5
2017-11-20,0.58705866,30.5,79.5
2017-11-21,0.0,30.5,79.5
2017-11-22,0.11437147,30.5,79.5
2017-11-23,0.021775099,30.5,79.5
2017-11-24,0.0013338436,30.5,79.5
2017-11-25,0.15417297,30.5,79.5
2017-11-26,0.12332933,30.5,79.5
2017-11-27,0.0,30.5,79.5
2017-11-28,0.29917148,30.5,79.5
2017-11-29,0.00044856602,30.5,79.5
2017-11-30,0.112621896,30.5,79.5
2017-12-01,0.008339193,30.5,79.5
2017-12-02,0.15174367,30.5,79.5
2017-12-03,0.18097644,30.5,79.5
2017-12-04,0.25272462,30.5,79.5
2017-12-05,0.0,30.5,79.5
2017-12-06,0.14944288,30.5,79.5
2017-12-07,1.0828152,30.5,79.5
2017-12-08,0.9122701,30.5,79.5
2017-12-09,0.0,30.5,79.5
2017-12-10,0.0,30.5,79.5
2017-12-11,0.17417927,30.5,79.5
2017-12-12,21.877773,30.5,79.5
2017-12-13,4.718116,30.5,79.5
2017-12-14,0.0,30.5,79.5
2017-12-15,0.27777806,30.5,79.5
2017-12-16,0.088215604,30.5,79.5
2017-12-17,0.28247005,30.5,79.5
2017-12-18,0.0,30.5,79.5
2017-12-19,0.14958583,30.5,79.5
2017-12-20,0.0039859023,30.5,79.5
2017-12-21,0.22835499,30.5,79.5
2017-12-22,0.17920284,30.5,79.5
2017-12-23,0.43889755,30.5,79.5
2017-12-24,0.48630682,30.5,79.5
2017-12-25,0.14958583,30.5,79.5
2017-12-26,0.14958593,30.5,79.5
2017-12-27,0.14958759,30.5,79.5
2017-12-28,0.026681237,30.5,79.5
2017-12-29,0.0,30.5,79.5
2017-12-30,0.0002753253,30.5,79.5
2017-12-31,0.00014662565,30.5,79.5
2018-01-01,0.013429435,30.5,79.5
2018-01-02,0.27432412,30.5,79.5
2018-01-03,0.2996154,30.5,79.5
2018-01-04,0.0,30.5,79.5
2018-01-05,0.0,30.5,79.5
2018-01-06,0.05355325,30.5,79.5
2018-01-07,0.19107318,30.5,79.5
2018-01-08,0.1498077,30.5,79.5
2018-01-09,0.15126793,30.5,79.5
2018-01-10,0.299624,30.5,79.5
2018-01-11,0.0,30.5,79.5
2018-01-12,0.0,30.5,79.5
2018-01-13,0.0016047326,30.5,79.5
2018-01-14,0.1499323,30.5,79.5
2018-01-15,0.0,30.5,79.5
2018-01-16,0.031031858,30.5,79.5
2018-01-17,0.0,30.5,79.5
2018-01-18,0.08957849,30.5,79.5
2018-01-19,0.0,30.5,79.5
2018-01-20,0.1498077,30.5,79.5
2018-01-21,0.14980811,30.5,79.5
2018-01-22,0.13468274,30.5,79.5
2018-01-23,0.0,30.5,79.5
2018-01-24,21.075552,30.5,79.5
2018-01-25,0.0077395737,30.5,79.5
2018-01-26,0.029907469,30.5,79.5
2018-01-27,0.019052988,30.5,79.5
2018-01-28,0.05505621,30.5,79.5
2018-01-29,0.0,30.5,79.5
2018-01-30,0.16580565,30.5,79.5
2018-01-31,0.0112844445,30.5,79.5
2018-02-01,0.12763749,30.5,79.5
2018-02-02,0.10373428,30.5,79.5
2018-02-03,0.0,30.5,79.5
2018-02-04,0.15522075,30.5,79.5
2018-02-05,0.16628769,30.5,79.5
2018-02-06,0.4138166,30.5,79.5
2018-02-07,0.17670225,30.5,79.5
2018-02-08,0.0007322189,30.5,79.5
2018-02-09,0.24401379,30.5,79.5
2018-02-10,0.0051956526,30.5,79.5
2018-02-11,0.19616087,30.5,79.5
2018-02-12,0.014436143,30.5,79.5
2018-02-13,10.322646,30.5,79.5
2018-02-14,1.1602974,30.5,79.5
2018-02-15,0.15259634,30.5,79.5
2018-02-16,0.0011344663,30.5,79.5
2018-02-17,0.0,30.5,79.5
2018-02-18,0.089264505,30.5,79.5
2018-02-19,0.14711517,30.5,79.5
2018-02-20,0.038967483,30.5,79.5
2018-02-21,0.13755193,30.5,79.5
2018-02-22,1.0087438,30.5,79.5
2018-02-23,0.018215062,30.5,79.5
2018-02-24,0.1498077,30.5,79.5
2018-02-25,20.066942,30.5,79.5
2018-02-26,0.36072353,30.5,79.5
2018-02-27,0.17600378,30.5,79.5
2018-02-28,0.1038758,30.5,79.5
2018-03-01,0.31905547,30.5,79.5
2018-03-02,0.1912664,30.5,79.5
2018-03-03,0.025656046,30.5,79.5
2018-03-04,9.517922,30.5,79.5
2018-03-05,31.104668,30.5,79.5
2018-03-06,0.17002222,30.5,79.5
2018-03-07,0.038314585,30.5,79.5
2018-03-08,0.0,30.5,79.5
2018-03-09,0.0,30.5,79.5
2018-03-10,0.2996154,30.5,79.5
2018-03-11,0.06420671,30.5,79.5
2018-03-12,0.08604596,30.5,79.5
2018-03-13,0.15773791,30.5,79.5
2018-03-14,0.0,30.5,79.5
2018-03-15,0.0013661284,30.5,79.5
2018-03-16,6.6810102,30.5,79.5
2018-03-17,0.0,30.5,79.5
2018-03-18,0.17811327,30.5,79.5
2018-03-19,0.1498077,30.5,79.5
2018-03-20,0.1498077,30.5,79.5
2018-03-21,0.0401901,30.5,79.5
2018-03-22,8.526559,30.5,79.5
2018-03-23,2.798354,30.5,79.5
2018-03-24,0.0233561,30.5,79.5
2018-03-25,0.15195411,30.5,79.5
2018-03-26,0.14090295,30.5,79.5
2018-03-27,0.18096496,30.5,79.5
2018-03-28,0.00845849,30.5,79.5
2018-03-29,0.0043680468,30.5,79.5
2018-03-30,4.5775065,30.5,79.5
2018-03-31,0.0,30.5,79.5
2018-04-01,0.0,30.5,79.5
2018-04-02,0.0,30.5,79.5
2018-04-03,0.72583497,30.5,79.5
2018-04-04,28.69788,30.5,79.5
2018-04-05,0.5137561,30.5,79.5
2018-04-06,2.8246164,30.5,79.5
2018-04-07,6.453606,30.5,79.5
2018-04-08,5.9255605,30.5,79.5
2018-04-09,0.8859042,30.5,79.5
2018-04-10,0.3830764,30.5,79.5
2018-04-11,17.687506,30.5,79.5
2018-04-12,2.4684958,30.5,79.5
2018-04-13,2.3604965,30.5,79.5
2018-04-14,0.17531894,30.5,79.5
2018-04-15,0.0,30.5,79.5
2018-04-16,0.09177526,30.5,79.5
2018-04-17,0.19652228,30.5,79.5
2018-04-18,0.08244617,30.5,79.5
2018-04-19,0.084382124,30.5,79.5
2018-04-20,1.2900329,30.5,79.5
2018-04-21,6.1516356,30.5,79.5
2018-04-22,0.85655653,30.5,79.5
2018-04-23,0.14956358,30.5,79.5
2018-04-24,0.2092047,30.5,79.5
2018-04-25,0.0035928935,30.5,79.5
2018-04-26,0.80558497,30.5,79.5
2018-04-27,0.68379605,30.5,79.5
2018-04-28,19.137342,30.5,79.5
2018-04-29,6.8420787,30.5,79.5
2018-04-30,8.014834,30.5,79.5
2018-05-01,1.0174718,30.5,79.5
2018-05-02,0.20884746,30.5,79.5
2018-05-03,22.263172,30.5,79.5
2018-05-04,2.1948638,30.5,79.5
2018-05-05,1.0675539,30.5,79.5
2018-05-06,15.52051,30.5,79.5
2018-05-07,6.8189096,30.5,79.5
2018-05-08,12.995821,30.5,79.5
2018-05-09,12.346995,30.5,79.5
2018-05-10,0.3653237,30.5,79.5
2018-05-11,0.1552844,30.5,79.5
2018-05-12,0.009820999,30.5,79.5
2018-05-13,3.7814116,30.5,79.5
2018-05-14,3.5546155,30.5,79.5
2018-05-15,0.1490514,30.5,79.5
2018-05-16,1.1873662,30.5,79.5
2018-05-17,16.549528,30.5,79.5
2018-05-18,6.405415,30.5,79.5
2018-05-19,1.4458995,30.5,79.5
2018-05-20,3.0720801,30.5,79.5
2018-05-21,0.14943264,30.5,79.5
2018-05-22,0.1498077,30.5,79.5
2018-05-23,0.059273403,30.5,79.5
2018-05-24,0.0,30.5,79.5
2018-05-25,0.4590559,30.5,79.5
2018-05-26,0.0,30.5,79.5
2018-05-27,0.0,30.5,79.5
2018-05-28,0.007428216,30.5,79.5
2018-05-29,0.0,30.5,79.5
2018-05-30,3.3113344,30.5,79.5
2018-05-31,0.0,30.5,79.5
2018-06-01,1.528553,30.5,79.5
2018-06-02,24.031607,30.5,79.5
2018-06-03,0.19559976,30.5,79.5
2018-06-04,0.0,30.5,79.5
2018-06-05,1.4418691,30.5,79.5
2018-06-06,18.652788,30.5,79.5
2018-06-07,0.28951925,30.5,79.5
2018-06-08,19.047115,30.5,79.5
2018-06-09,11.465422,30.5,79.5
2018-06-10,1.5163014,30.5,79.5
2018-06-11,0.5093397,30.5,79.5
2018-06-12,7.0770087,30.5,79.5
2018-06-13,2.1336737,30.5,79.5
2018-06-14,5.4961257,30.5,79.5
2018-06-15,17.044352,30.5,79.5
2018-06-16,16.019854,30.5,79.5
2018-06-17,0.0,30.5,79.5
2018-06-18,9.320519,30.5,79.5
2018-06-19,2.1628903e-05,30.5,79.5
2018-06-20,0.6723319,30.5,79.5
2018-06-21,0.0,30.5,79.5
2018-06-22,0.9123479,30.5,79.5
2018-06-23,0.33017296,30.5,79.5
2018-06-24,0.0366536,30.5,79.5
2018-06-25,2.2489498,30.5,79.5
2018-06-26,6.757985,30.5,79.5
2018-06-27,14.114992,30.5,79.5
2018-06-28,18.653444,30.5,79.5
2018-06-29,73.54043,30.5,79.5
2018-06-30,17.225996,30.5,79.5
2018-07-01,21.460186,30.5,79.5
2018-07-02,23.745205,30.5,79.5
2018-07-03,44.014725,30.5,79.5
2018-07-04,11.96814,30.5,79.5
2018-07-05,3.9782119,30.5,79.5
2018-07-06,0.16036442,30.5,79.5
2018-07-07,0.14969365,30.5,79.5
2018-07-08,0.10761826,30.5,79.5
2018-07-09,4.1521745,30.5,79.5
2018-07-10,26.000957,30.5,79.5
2018-07-11,26.517063,30.5,79.5
2018-07-12,12.04312,30.5,79.5
2018-07-13,44.61923,30.5,79.5
2018-07-14,36.76775,30.5,79.5
2018-07-15,29.999887,30.5,79.5
2018-07-16,76.843506,30.5,79.5
2018-07-17,77.0221,30.5,79.5
2018-07-18,51.898495,30.5,79.5
2018-07-19,4.5224175,30.5,79.5
2018-07-20,2.8224032,30.5,79.5
2018-07-21,8.168245,30.5,79.5
2018-07-22,25.511896,30.5,79.5
2018-07-23,12.392033,30.5,79.5
2018-07-24,43.757298,30.5,79.5
2018-07-25,17.525793,30.5,79.5
2018-07-26,40.872906,30.5,79.5
2018-07-27,8.010442,30.5,79.5
2018-07-28,22.700441,30.5,79.5
2018-07-29,7.276446,30.5,79.5
2018-07-30,27.038422,30.5,79.5
2018-07-31,8.76175,30.5,79.5
2018-08-01,17.495766,30.5,79.5
2018-08-02,16.595882,30.5,79.5
2018-08-03,18.760626,30.5,79.5
2018-08-04,16.982512,30.5,79.5
2018-08-05,38.14629,30.5,79.5
2018-08-06,25.54195,30.5,79.5
2018-08-07,23.928564,30.5,79.5
2018-08-08,10.576493,30.5,79.5
2018-08-09,15.37195,30.5,79.5
2018-08-10,13.203582,30.5,79.5
2018-08-11,14.087702,30.5,79.5
2018-08-12,18.878187,30.5,79.5
2018-08-13,30.118782,30.5,79.5
2018-08-14,23.529636,30.5,79.5
2018-08-15,32.006176,30.5,79.5
2018-08-16,31.967012,30.5,79.5
2018-08-17,21.49975,30.5,79.5
2018-08-18,48.113853,30.5,79.5
2018-08-19,37.07369,30.5,79.5
2018-08-20,36.75895,30.5,79.5
2018-08-21,19.321508,30.5,79.5
2018-08-22,8.723093,30.5,79.5
2018-08-23,43.738182,30.5,79.5
2018-08-24,32.84918,30.5,79.5
2018-08-25,33.80761,30.5,79.5
2018-08-26,10.498051,30.5,79.5
2018-08-27,22.774248,30.5,79.5
2018-08-28,7.946421,30.5,79.5
2018-08-29,32.217678,30.5,79.5
2018-08-30,19.002539,30.5,79.5
2018-08-31,3.8888636,30.5,79.5
2018-09-01,8.47735,30.5,79.5
2018-09-02,17.666775,30.5,79.5
2018-09-03,20.439297,30.5,79.5
2018-09-04,29.645199,30.5,79.5
2018-09-05,14.364984,30.5,79.5
2018-09-06,14.78102,30.5,79.5
2018-09-07,6.9470553,30.5,79.5
2018-09-08,0.14742365,30.5,79.5
2018-09-09,6.628466,30.5,79.5
2018-09-10,2.2638698,30.5,79.5
2018-09-11,0.08291634,30.5,79.5
2018-09-12,10.059611,30.5,79.5
2018-09-13,3.8315332,30.5,79.5
2018-09-14,16.69717,30.5,79.5
2018-09-15,0.0018063816,30.5,79.5
2018-09-16,0.0,30.5,79.5
2018-09-17,0.0,30.5,79.5
2018-09-18,0.14838195,30.5,79.5
2018-09-19,0.21703495,30.5,79.5
2018-09-20,0.17037632,30.5,79.5
2018-09-21,12.129083,30.5,79.5
2018-09-22,18.675903,30.5,79.5
2018-09-23,4.4532595,30.5,79.5
2018-09-24,31.792334,30.5,79.5
2018-09-25,25.644257,30.5,79.5
2018-09-26,0.29594937,30.5,79.5
2018-09-27,0.5409385,30.5,79.5
2018-09-28,3.783931,30.5,79.5
2018-09-29,1.9506191,30.5,79.5
2018-09-30,0.14806607,30.5,79.5
2018-10-01,0.25902385,30.5,79.5
2018-10-02,0.42998943,30.5,79.5
2018-10-03,0.0,30.5,79.5
2018-10-04,0.0,30.5,79.5
2018-10-05,0.08730509,30.5,79.5
2018-10-06,0.052083492,30.5,79.5
2018-10-07,0.05903249,30.5,79.5
2018-10-08,0.12506637,30.5,79.5
2018-10-09,0.16046046,30.5,79.5
2018-10-10,0.14079688,30.5,79.5
2018-10-11,0.0008181021,30.5,79.5
2018-10-12,0.7007934,30.5,79.5
2018-10-13,0.17462932,30.5,79.5
2018-10-14,0.11524761,30.5,79.5
2018-10-15,0.0,30.5,79.5
2018-10-16,0.020101551,30.5,79.5
2018-10-17,0.005354293,30.5,79.5
2018-10-18,0.0,30.5,79.5
2018-10-19,0.1498077,30.5,79.5
2018-10-20,0.0001025542,30.5,79.5
2018-10-21,0.06628629,30.5,79.5
2018-10-22,0.1498077,30.5,79.5
2018-10-23,0.18340464,30.5,79.5
2018-10-24,0.23909712,30.5,79.5
2018-10-25,0.1943505,30.5,79.5
2018-10-26,0.1633208,30.5,79.5
2018-10-27,0.2996154,30.5,79.5
2018-10-28,0.17243761,30.5,79.5
2018-10-29,0.086840115,30.5,79.5
2018-10-30,0.09870328,30.5,79.5
2018-10-31,0.1627842,30.5,79.5
2018-11-01,0.29757994,30.5,79.5
2018-11-02,0.0,30.5,79.5
2018-11-03,0.14218229,30.5,79.5
2018-11-04,33.600643,30.5,79.5
2018-11-05,0.016516717,30.5,79.5
2018-11-06,0.0,30.5,79.5
2018-11-07,0.018284848,30.5,79.5
2018-11-08,0.18586633,30.5,79.5
2018-11-09,0.085742876,30.5,79.5
2018-11-10,0.029605828,30.5,79.5
2018-11-11,0.032872673,30.5,79.5
2018-11-12,0.18998769,30.5,79.5
2018-11-13,0.3266236,30.5,79.5
2018-11-14,0.4593247,30.5,79.5
2018-11-15,6.0969114,30.5,79.5
2018-11-16,0.14986785,30.5,79.5
2018-11-17,0.30372652,30.5,79.5
2018-11-18,0.05608951,30.5,79.5
2018-11-19,0.0,30.5,79.5
2018-11-20,0.1498077,30.5,79.5
2018-11-21,0.0617894,30.5,79.5
2018-11-22,0.0,30.5,79.5
2018-11-23,0.0009942522,30.5,79.5
2018-11-24,0.35423946,30.5,79.5
2018-11-25,0.018630823,30.5,79.5
2018-11-26,0.080654815,30.5,79.5
2018-11-27,0.021968301,30.5,79.5
2018-11-28,0.16372357,30.5,79.5
2018-11-29,0.20702977,30.5,79.5
2018-11-30,0.15801324,30.5,79.5
2018-12-01,0.2996154,30.5,79.5
2018-12-02,0.0,30.5,79.5
2018-12-03,0.0,30.5,79.5
2018-12-04,0.0,30.5,79.5
2018-12-05,0.13166279,30.5,79.5
2018-12-06,0.0009024513,30.5,79.5
2018-12-07,1.113336,30.5,79.5
2018-12-08,0.1568026,30.5,79.5
2018-12-09,0.0,30.5,79.5
2018-12-10,0.0,30.5,79.5
2018-12-11,0.14980775,30.5,79.5
2018-12-12,0.261829,30.5,79.5
2018-12-13,0.0,30.5,79.5
2018-12-14,1.9522057,30.5,79.5
2018-12-15,0.008753518,30.5,79.5
2018-12-16,0.1498077,30.5,79.5
2018-12-17,0.03873391,30.5,79.5
2018-12-18,0.13027625,30.5,79.5
2018-12-19,0.04727187,30.5,79.5
2018-12-20,0.0,30.5,79.5
2018-12-21,0.096300945,30.5,79.5
2018-12-22,0.0,30.5,79.5
2018-12-23,0.085194774,30.5,79.5
2018-12-24,0.0,30.5,79.5
2018-12-25,0.0,30.5,79.5
2018-12-26,0.23188066,30.5,79.5
2018-12-27,0.15723126,30.5,79.5
2018-12-28,0.20291649,30.5,79.5
2018-12-29,0.035841443,30.5,79.5
2018-12-30,0.0,30.5,79.5
2018-12-31,0.15325628,30.5,79.5
2019-01-01,0.00079748285,30.5,79.5
2019-01-02,0.068597265,30.5,79.5
2019-01-03,0.7074763,30.5,79.5
2019-01-04,0.3885517,30.5,79.5
2019-01-05,0.7991834,30.5,79.5
2019-01-06,1.0744555,30.5,79.5
2019-01-07,9.299115,30.5,79.5
2019-01-08,0.12381672,30.5,79.5
2019-01-09,0.13894263,30.5,79.5
2019-01-10,0.0062582246,30.5,79.5
2019-01-11,0.027494242,30.5,79.5
2019-01-12,0.011875564,30.5,79.5
2019-01-13,1.0150324,30.5,79.5
2019-01-14,0.50667775,30.5,79.5
2019-01-15,0.0186849,30.5,79.5
2019-01-16,0.0,30.5,79.5
2019-01-17,0.10058938,30.5,79.5
2019-01-18,0.0,30.5,79.5
2019-01-19,0.17110611,30.5,79.5
2019-01-20,0.26968527,30.5,79.5
2019-01-21,0.15282458,30.5,79.5
2019-01-22,32.798977,30.5,79.5
2019-01-23,22.342522,30.5,79.5
2019-01-24,10.034755,30.5,79.5
2019-01-25,4.9285245,30.5,79.5
2019-01-26,9.140158,30.5,79.5
2019-01-27,1.4753194,30.5,79.5
2019-01-28,0.7783728,30.5,79.5
2019-01-29,0.44127828,30.5,79.5
2019-01-30,0.06843878,30.5,79.5
2019-01-31,8.149709,30.5,79.5
2019-02-01,9.202059,30.5,79.5
2019-02-02,3.4391875,30.5,79.5
2019-02-03,0.013916342,30.5,79.5
2019-02-04,0.14969073,30.5,79.5
2019-02-05,0.17273647,30.5,79.5
2019-02-06,0.00041141568,30.5,79.5
2019-02-07,0.019665694,30.5,79.5
2019-02-08,33.001602,30.5,79.5
2019-02-09,4.805627,30.5,79.5
2019-02-10,0.0,30.5,79.5
2019-02-11,0.41005147,30.5,79.5
2019-02-12,0.16104338,30.5,79.5
2019-02-13,0.14969191,30.5,79.5
2019-02-14,0.28912437,30.5,79.5
2019-02-15,21.026878,30.5,79.5
2019-02-16,14.472949,30.5,79.5
2019-02-17,0.010361978,30.5,79.5
2019-02-18,4.3652225,30.5,79.5
2019-02-19,27.280878,30.5,79.5
2019-02-20,0.22085276,30.5,79.5
2019-02-21,14.738267,30.5,79.5
2019-02-22,14.746675,30.5,79.5
2019-02-23,0.3731645,30.5,79.5
2019-02-24,0.56773674,30.5,79.5
2019-02-25,1.8025693,30.5,79.5
2019-02-26,2.7724411,30.5,79.5
2019-02-27,6.431868,30.5,79.5
2019-02-28,9.213257,30.5,79.5
2019-03-01,0.0,30.5,79.5
2019-03-02,0.29938382,30.5,79.5
2019-03-03,14.675463,30.5,79.5
2019-03-04,1.2630354,30.5,79.5
2019-03-05,2.4959967,30.5,79.5
2019-03-06,0.0,30.5,79.5
2019-03-07,0.030691726,30.5,79.5
2019-03-08,0.0,30.5,79.5
2019-03-09,0.0,30.5,79.5
2019-03-10,0.016504882,30.5,79.5
2019-03-11,0.0,30.5,79.5
2019-03-12,6.941275,30.5,79.5
2019-03-13,0.21067524,30.5,79.5
2019-03-14,0.31900564,30.5,79.5
2019-03-15,14.279831,30.5,79.5
2019-03-16,0.01249941,30.5,79.5
2019-03-17,0.1380865,30.5,79.5
2019-03-18,1.8849398,30.5,79.5
2019-03-19,0.34590974,30.5,79.5
2019-03-20,0.20975812,30.5,79.5
2019-03-21,1.8032994,30.5,79.5
2019-03-22,0.0,30.5,79.5
2019-03-23,0.118304394,30.5,79.5
2019-03-24,0.29698545,30.5,79.5
2019-03-25,0.6049821,30.5,79.5
2019-03-26,12.056753,30.5,79.5
2019-03-27,0.0058656656,30.5,79.5
2019-03-28,0.30035877,30.5,79.5
2019-03-29,0.15609442,30.5,79.5
2019-03-30,3.0981286,30.5,79.5
2019-03-31,0.97900003,30.5,79.5
2019-04-01,0.15503073,30.5,79.5
2019-04-02,0.0032465,30.5,79.5
2019-04-03,0.23291324,30.5,79.5
2019-04-04,0.29938382,30.5,79.5
2019-04-05,0.02151171,30.5,79.5
2019-04-06,0.61644477,30.5,79.5
2019-04-07,5.041226,30.5,79.5
2019-04-08,5.783776,30.5,79.5
2019-04-09,0.4911668,30.5,79.5
2019-04-10,0.14969191,30.5,79.5
2019-04-11,0.008906363,30.5,79.5
2019-04-12,0.0,30.5,79.5
2019-04-13,0.04125217,30.5,79.5
2019-04-14,1.9514065,30.5,79.5
2019-04-15,0.020891692,30.5,79.5
2019-04-16,0.0,30.5,79.5
2019-04-17,10.227904,30.5,79.5
2019-04-18,21.822355,30.5,79.5
2019-04-19,4.339726,30.5,79.5
2019-04-20,0.072960466,30.5,79.5
2019-04-21,0.09338109,30.5,79.5
2019-04-22,3.0885422,30.5,79.5
2019-04-23,0.0,30.5,79.5
2019-04-24,0.031134536,30.5,79.5
2019-04-25,7.112215,30.5,79.5
2019-04-26,7.9905453,30.5,79.5
2019-04-27,6.250913,30.5,79.5
2019-04-28,0.15226027,30.5,79.5
2019-04-29,0.0,30.5,79.5
2019-04-30,0.033578496,30.5,79.5
2019-05-01,2.232618,30.5,79.5
2019-05-02,0.56454474,30.5,79.5
2019-05-03,6.0873,30.5,79.5
2019-05-04,0.19105884,30.5,79.5
2019-05-05,0.14969191,30.5,79.5
2019-05-06,0.0,30.5,79.5
2019-05-07,0.14969191,30.5,79.5
2019-05-08,0.0,30.5,79.5
2019-05-09,0.14969191,30.5,79.5
2019-05-10,0.0,30.5,79.5
2019-05-11,0.72486615,30.5,79.5
2019-05-12,0.4514106,30.5,79.5
2019-05-13,2.5977082,30.5,79.5
2019-05-14,2.2563791,30.5,79.5
2019-05-15,0.98573834,30.5,79.5
2019-05-16,0.14991352,30.5,79.5
2019-05-17,2.6783738,30.5,79.5
2019-05-18,2.626103,30.5,79.5
2019-05-19,4.171384,30.5,79.5
2019-05-20,0.0,30.5,79.5
2019-05-21,0.041583188,30.5,79.5
2019-05-22,0.0931469,30.5,79.5
2019-05-23,0.0049006077,30.5,79.5
2019-05-24,0.88766325,30.5,79.5
2019-05-25,10.160993,30.5,79.5
2019-05-26,0.42183006,30.5,79.5
2019-05-27,0.0,30.5,79.5
2019-05-28,0.0,30.5,79.5
2019-05-29,0.4488227,30.5,79.5
2019-05-30,0.19131663,30.5,79.5
2019-05-31,0.0,30.5,79.5
2019-06-01,1.1675496,30.5,79.5
2019-06-02,2.0322242,30.5,79.5
2019-06-03,4.244846,30.5,79.5
2019-06-04,6.5059443,30.5,79.5
2019-06-05,0.14151417,30.5,79.5
2019-06-06,0.21085143,30.5,79.5
2019-06-07,2.125433,30.5,79.5
2019-06-08,0.29938382,30.5,79.5
2019-06-09,3.7801218,30.5,79.5
2019-06-10,0.0011451065,30.5,79.5
2019-06-11,0.26648918,30.5,79.5
2019-06-12,10.193125,30.5,79.5
2019-06-13,0.73633987,30.5,79.5
2019-06-14,0.0,30.5,79.5
2019-06-15,0.4119474,30.5,79.5
2019-06-16,0.23367882,30.5,79.5
2019-06-17,0.15086728,30.5,79.5
2019-06-18,4.8932495,30.5,79.5
2019-06-19,0.0,30.5,79.5
2019-06-20,0.84416884,30.5,79.5
2019-06-21,7.966686,30.5,79.5
2019-06-22,0.07147486,30.5,79.5
2019-06-23,0.22191156,30.5,79.5
2019-06-24,11.2611,30.5,79.5
2019-06-25,7.9159017,30.5,79.5
2019-06-26,40.411797,30.5,79.5
2019-06-27,6.2731466,30.5,79.5
2019-06-28,0.92105216,30.5,79.5
2019-06-29,0.21626912,30.5,79.5
2019-06-30,1.4481331,30.5,79.5
2019-07-01,3.3208349,30.5,79.5
2019-07-02,1.0240203,30.5,79.5
2019-07-03,1.2081501,30.5,79.5
2019-07-04,0.3071868,30.5,79.5
2019-07-05,10.124339,30.5,79.5
2019-07-06,4.923903,30.5,79.5
2019-07-07,7.4030185,30.5,79.5
2019-07-08,11.48064,30.5,79.5
2019-07-09,21.650114,30.5,79.5
2019-07-10,19.72309,30.5,79.5
2019-07-11,34.105347,30.5,79.5
2019-07-12,25.359648,30.5,79.5
2019-07-13,50.065636,30.5,79.5
2019-07-14,28.78838,30.5,79.5
2019-07-15,12.095892,30.5,79.5
2019-07-16,12.2785,30.5,79.5
2019-07-17,7.4029603,30.5,79.5
2019-07-18,1.8094006,30.5,79.5
2019-07-19,3.5441701,30.5,79.5
2019-07-20,5.208092,30.5,79.5
2019-07-21,1.4245019,30.5,79.5
2019-07-22,6.227753,30.5,79.5
2019-07-23,4.6621976,30.5,79.5
2019-07-24,13.515975,30.5,79.5
2019-07-25,19.58805,30.5,79.5
2019-07-26,3.5188222,30.5,79.5
2019-07-27,27.833117,30.5,79.5
2019-07-28,7.230845,30.5,79.5
2019-07-29,15.66489,30.5,79.5
2019-07-30,19.353304,30.5,79.5
2019-07-31,5.4662213,30.5,79.5
2019-08-01,10.214388,30.5,79.5
2019-08-02,19.319859,30.5,79.5
2019-08-03,17.194622,30.5,79.5
2019-08-04,6.120257,30.5,79.5
2019-08-05,18.58278,30.5,79.5
2019-08-06,36.11406,30.5,79.5
2019-08-07,8.501469,30.5,79.5
2019-08-08,7.3195777,30.5,79.5
2019-08-09,25.35897,30.5,79.5
2019-08-10,10.224206,30.5,79.5
2019-08-11,19.281612,30.5,79.5
2019-08-12,49.800976,30.5,79.5
2019-08-13,15.436439,30.5,79.5
2019-08-14,28.527502,30.5,79.5
2019-08-15,4.453838,30.5,79.5
2019-08-16,8.690179,30.5,79.5
2019-08-17,39.695694,30.5,79.5
2019-08-18,27.341257,30.5,79.5
2019-08-19,28.486097,30.5,79.5
2019-08-20,0.006380449,30.5,79.5
2019-08-21,1.4580748,30.5,79.5
2019-08-22,16.057604,30.5,79.5
2019-08-23,8.114041,30.5,79.5
2019-08-24,0.08289727,30.5,79.5
2019-08-25,21.915064,30.5,79.5
2019-08-26,9.748211,30.5,79.5
2019-08-27,0.40652514,30.5,79.5
2019-08-28,0.3008485,30.5,79.5
2019-08-29,0.0019200377,30.5,79.5
2019-08-30,5.685851,30.5,79.5
2019-08-31,38.621548,30.5,79.5
2019-09-01,34.719124,30.5,79.5
2019-09-02,3.5888443,30.5,79.5
2019-09-03,12.781504,30.5,79.5
2019-09-04,84.33729,30.5,79.5
2019-09-05,19.301094,30.5,79.5
2019-09-06,13.923005,30.5,79.5
2019-09-07,22.802212,30.5,79.5
2019-09-08,71.72622,30.5,79.5
2019-09-09,0.9772948,30.5,79.5
2019-09-10,1.0886618,30.5,79.5
2019-09-11,0.106817976,30.5,79.5
2019-09-12,5.709386,30.5,79.5
2019-09-13,20.346893,30.5,79.5
2019-09-14,12.529043,30.5,79.5
2019-09-15,13.054899,30.5,79.5
2019-09-16,7.3132863,30.5,79.5
2019-09-17,3.153159,30.5,79.5
2019-09-18,3.3922071,30.5,79.5
2019-09-19,1.0718932,30.5,79.5
2019-09-20,1.1613003,30.5,79.5
2019-09-21,0.2061636,30.5,79.5
2019-09-22,3.2314422,30.5,79.5
2019-09-23,4.1913586,30.5,79.5
2019-09-24,0.3440389,30.5,79.5
2019-09-25,3.873748e-05,30.5,79.5
2019-09-26,25.521402,30.5,79.5
2019-09-27,17.476227,30.5,79.5
2019-09-28,13.221818,30.5,79.5
2019-09-29,21.47115,30.5,79.5
2019-09-30,9.813849,30.5,79.5
2019-10-01,12.651784,30.5,79.5
2019-10-02,4.154638,30.5,79.5
2019-10-03,0.15048118,30.5,79.5
2019-10-04,3.2717216,30.5,79.5
2019-10-05,4.017404,30.5,79.5
2019-10-06,0.29917148,30.5,79.5
2019-10-07,0.6171858,30.5,79.5
2019-10-08,7.5544824e-07,30.5,79.5
2019-10-09,3.5188272,30.5,79.5
2019-10-10,2.058056,30.5,79.5
2019-10-11,0.14958574,30.5,79.5
2019-10-12,0.0,30.5,79.5
2019-10-13,0.023258986,30.5,79.5
2019-10-14,0.14958574,30.5,79.5
2019-10-15,0.23197943,30.5,79.5
2019-10-16,0.93409264,30.5,79.5
2019-10-17,0.14958574,30.5,79.5
2019-10-18,0.15383139,30.5,79.5
2019-10-19,0.19436811,30.5,79.5
2019-10-20,0.01622901,30.5,79.5
2019-10-21,0.75121796,30.5,79.5
2019-10-22,0.09095811,30.5,79.5
2019-10-23,0.034707688,30.5,79.5
2019-10-24,0.16662385,30.5,79.5
2019-10-25,0.09780373,30.5,79.5
2019-10-26,0.0,30.5,79.5
2019-10-27,0.0,30.5,79.5
2019-10-28,0.0,30.5,79.5
2019-10-29,0.026354808,30.5,79.5
2019-10-30,0.0,30.5,79.5
2019-10-31,0.0,30.5,79.5
2019-11-01,2.8698943,30.5,79.5
2019-11-02,2.9029644,30.5,79.5
2019-11-03,3.0658977,30.5,79.5
2019-11-04,3.1567757,30.5,79.5
2019-11-05,3.4631271,30.5,79.5
2019-11-06,3.255185,30.5,79.5
2019-11-07,3.1058192,30.5,79.5
2019-11-08,3.0317092,30.5,79.5
2019-11-09,2.883872,30.5,79.5
2019-11-10,3.2288818,30.5,79.5
2019-11-11,3.0932276,30.5,79.5
2019-11-12,3.0091925,30.5,79.5
2019-11-13,3.2208307,30.5,79.5
2019-11-14,3.288793,30.5,79.5
2019-11-15,3.0738728,30.5,79.5
2019-11-16,3.05045,30.5,79.5
2019-11-17,3.2197077,30.5,79.5
2019-11-18,3.136499,30.5,79.5
2019-11-19,2.9721777,30.5,79.5
2019-11-20,3.259204,30.5,79.5
2019-11-21,3.2516518,30.5,79.5
2019-11-22,3.2411947,30.5,79.5
2019-11-23,3.296618,30.5,79.5
2019-11-24,2.9457998,30.5,79.5
2019-11-25,3.162316,30.5,79.5
2019-11-26,3.3859966,30.5,79.5
2019-11-27,3.2317843,30.5,79.5
2019-11-28,3.0242388,30.5,79.5
2019-11-29,3.2429948,30.5,79.5
2019-11-30,2.905964,30.5,79.5
2019-12-01,0.0,30.5,79.5
2019-12-02,0.18408619,30.5,79.5
2019-12-03,0.0112781245,30.5,79.5
2019-12-04,0.29004124,30.5,79.5
2019-12-05,0.07511194,30.5,79.5
2019-12-06,0.32077873,30.5,79.5
2019-12-07,0.03742488,30.5,79.5
2019-12-08,0.29451057,30.5,79.5
2019-12-09,0.07545035,30.5,79.5
2019-12-10,0.16425833,30.5,79.5
2019-12-11,0.19388805,30.5,79.5
2019-12-12,1.6383165,30.5,79.5
2019-12-13,30.197218,30.5,79.5
2019-12-14,16.327244,30.5,79.5
2019-12-15,0.494059,30.5,79.5
2019-12-16,0.20827125,30.5,79.5
2019-12-17,0.11441977,30.5,79.5
2019-12-18,0.0012263102,30.5,79.5
2019-12-19,0.08098959,30.5,79.5
2019-12-20,0.1663446,30.5,79.5
2019-12-21,0.06429918,30.5,79.5
2019-12-22,0.18921533,30.5,79.5
2019-12-23,0.18878953,30.5,79.5
2019-12-24,0.5135486,30.5,79.5
2019-12-25,0.011523827,30.5,79.5
2019-12-26,0.22621025,30.5,79.5
2019-12-27,0.02131481,30.5,79.5
2019-12-28,0.027408844,30.5,79.5
2019-12-29,0.14958574,30.5,79.5
2019-12-30,0.0,30.5,79.5
2019-12-31,0.036520086,30.5,79.5
2020-01-01,0.0022155473,30.5,79.5
2020-01-02,0.11342076,30.5,79.5
2020-01-03,3.7400942,30.5,79.5
2020-01-04,0.3002794,30.5,79.5
2020-01-05,0.65012896,30.5,79.5
2020-01-06,0.28234273,30.5,79.5
2020-01-07,20.66524,30.5,79.5
2020-01-08,20.42885,30.5,79.5
2020-01-09,50.096657,30.5,79.5
2020-01-10,0.8412008,30.5,79.5
2020-01-11,0.00303552,30.5,79.5
2020-01-12,0.52522343,30.5,79.5
2020-01-13,0.0,30.5,79.5
2020-01-14,21.113733,30.5,79.5
2020-01-15,1.6828175,30.5,79.5
2020-01-16,0.16596468,30.5,79.5
2020-01-17,12.93085,30.5,79.5
2020-01-18,10.879708,30.5,79.5
2020-01-19,8.435931,30.5,79.5
2020-01-20,0.14969182,30.5,79.5
2020-01-21,1.2637333,30.5,79.5
2020-01-22,0.06287165,30.5,79.5
2020-01-23,0.0,30.5,79.5
2020-01-24,0.0,30.5,79.5
2020-01-25,8.853387e-05,30.5,79.5
2020-01-26,0.012966228,30.5,79.5
2020-01-27,1.6019005,30.5,79.5
2020-01-28,2.9705873,30.5,79.5
2020-01-29,21.946863,30.5,79.5
2020-01-30,4.980233,30.5,79.5
2020-01-31,0.0024982737,30.5,79.5
2020-02-01,0.55760366,30.5,79.5
2020-02-02,1.5526721,30.5,79.5
2020-02-03,0.005684594,30.5,79.5
2020-02-04,0.14958574,30.5,79.5
2020-02-05,0.045380592,30.5,79.5
2020-02-06,0.0,30.5,79.5
2020-02-07,0.030351762,30.5,79.5
2020-02-08,1.6841763,30.5,79.5
2020-02-09,0.0830862,30.5,79.5
2020-02-10,0.0,30.5,79.5
2020-02-11,0.026583878,30.5,79.5
2020-02-12,0.020305013,30.5,79.5
2020-02-13,0.010725453,30.5,79.5
2020-02-14,0.04863206,30.5,79.5
2020-02-15,0.048513934,30.5,79.5
2020-02-16,0.043700237,30.5,79.5
2020-02-17,0.17442343,30.5,79.5
2020-02-18,0.07010973,30.5,79.5
2020-02-19,0.010858442,30.5,79.5
2020-02-20,0.00033107586,30.5,79.5
2020-02-21,0.0343697,30.5,79.5
2020-02-22,6.1712346,30.5,79.5
2020-02-23,0.85358554,30.5,79.5
2020-02-24,3.339551,30.5,79.5
2020-02-25,0.06616351,30.5,79.5
2020-02-26,0.6784519,30.5,79.5
2020-02-27,0.057901595,30.5,79.5
2020-02-28,0.0,30.5,79.5
2020-02-29,0.030958302,30.5,79.5
2020-03-01,12.0064945,30.5,79.5
2020-03-02,2.6318803,30.5,79.5
2020-03-03,0.0,30.5,79.5
2020-03-04,0.0,30.5,79.5
2020-03-05,0.009719509,30.5,79.5
2020-03-06,0.08213248,30.5,79.5
2020-03-07,24.14866,30.5,79.5
2020-03-08,2.582881,30.5,79.5
2020-03-09,0.0,30.5,79.5
2020-03-10,0.0,30.5,79.5
2020-03-11,2.2515578,30.5,79.5
2020-03-12,16.156355,30.5,79.5
2020-03-13,0.67526656,30.5,79.5
2020-03-14,30.821478,30.5,79.5
2020-03-15,6.9778585,30.5,79.5
2020-03-16,0.0,30.5,79.5
2020-03-17,0.2113909,30.5,79.5
2020-03-18,0.2888928,30.5,79.5
2020-03-19,0.44650397,30.5,79.5
2020-03-20,0.16593091,30.5,79.5
2020-03-21,0.51878744,30.5,79.5
2020-03-22,0.007824323,30.5,79.5
2020-03-23,2.486211,30.5,79.5
2020-03-24,0.09937243,30.5,79.5
2020-03-25,1.1981304,30.5,79.5
2020-03-26,4.246528,30.5,79.5
2020-03-27,0.9377783,30.5,79.5
2020-03-28,16.705849,30.5,79.5
2020-03-29,1.2402091,30.5,79.5
2020-03-30,1.1723741,30.5,79.5
2020-03-31,0.99382466,30.5,79.5
2020-04-01,2.8902745,30.5,79.5
2020-04-02,0.6128523,30.5,79.5
2020-04-03,0.92996585,30.5,79.5
2020-04-04,0.500492,30.5,79.5
2020-04-05,1.5037099,30.5,79.5
2020-04-06,0.5690574,30.5,79.5
2020-04-07,0.90181214,30.5,79.5
2020-04-08,1.0275472,30.5,79.5
2020-04-09,2.852712,30.5,79.5
2020-04-10,0.88778585,30.5,79.5
2020-04-11,5.152191,30.5,79.5
2020-04-12,0.68439674,30.5,79.5
2020-04-13,0.4719561,30.5,79.5
2020-04-14,1.5826095,30.5,79.5
2020-04-15,3.628121,30.5,79.5
2020-04-16,0.4230686,30.5,79.5
2020-04-17,0.6136849,30.5,79.5
2020-04-18,3.461579,30.5,79.5
2020-04-19,1.56687,30.5,79.5
2020-04-20,1.1937973,30.5,79.5
2020-04-21,13.561446,30.5,79.5
2020-04-22,10.130365,30.5,79.5
2020-04-23,1.0775313,30.5,79.5
2020-04-24,1.0687302,30.5,79.5
2020-04-25,0.019142505,30.5,79.5
2020-04-26,3.0962098,30.5,79.5
2020-04-27,6.5252404,30.5,79.5
2020-04-28,6.8815064,30.5,79.5
2020-04-29,0.50937873,30.5,79.5
2020-04-30,1.1038667,30.5,79.5
2020-05-01,11.969858,30.5,79.5
2020-05-02,0.26949263,30.5,79.5
2020-05-03,31.843832,30.5,79.5
2020-05-04,10.496866,30.5,79.5
2020-05-05,2.33823,30.5,79.5
2020-05-06,3.0442872,30.5,79.5
2020-05-07,20.283342,30.5,79.5
2020-05-08,0.74300677,30.5,79.5
2020-05-09,0.0,30.5,79.5
2020-05-10,6.462056,30.5,79.5
2020-05-11,0.41111633,30.5,79.5
2020-05-12,5.3542876,30.5,79.5
2020-05-13,1.7049366,30.5,79.5
2020-05-14,0.21677373,30.5,79.5
2020-05-15,1.8452197,30.5,79.5
2020-05-16,0.032404445,30.5,79.5
2020-05-17,0.17587878,30.5,79.5
2020-05-18,0.30008513,30.5,79.5
2020-05-19,0.0689897,30.5,79.5
2020-05-20,2.1548823e-05,30.5,79.5
2020-05-21,0.03301545,30.5,79.5
2020-05-22,0.14958574,30.5,79.5
2020-05-23,0.15517972,30.5,79.5
2020-05-24,6.4899044,30.5,79.5
2020-05-25,1.0429733,30.5,79.5
2020-05-26,1.2045573,30.5,79.5
2020-05-27,1.3390965,30.5,79.5
2020-05-28,0.4008789,30.5,79.5
2020-05-29,10.998427,30.5,79.5
2020-05-30,21.942724,30.5,79.5
2020-05-31,1.67082,30.5,79.5
2020-06-01,7.994451,30.5,79.5
2020-06-02,3.9588382,30.5,79.5
2020-06-03,1.0840399,30.5,79.5
2020-06-04,1.1401705,30.5,79.5
2020-06-05,7.3116236,30.5,79.5
2020-06-06,3.681076,30.5,79.5
2020-06-07,0.0,30.5,79.5
2020-06-08,0.14637753,30.5,79.5
2020-06-09,0.0,30.5,79.5
2020-06-10,0.0,30.5,79.5
2020-06-11,5.390567,30.5,79.5
2020-06-12,0.6604807,30.5,79.5
2020-06-13,9.298242,30.5,79.5
2020-06-14,6.4749866,30.5,79.5
2020-06-15,8.132872,30.5,79.5
2020-06-16,4.065443,30.5,79.5
2020-06-17,8.019706,30.5,79.5
2020-06-18,15.277267,30.5,79.5
2020-06-19,0.45928368,30.5,79.5
2020-06-20,0.09668247,30.5,79.5
2020-06-21,1.8378451,30.5,79.5
2020-06-22,0.0,30.5,79.5
2020-06-23,24.936625,30.5,79.5
2020-06-24,24.549702,30.5,79.5
2020-06-25,0.0,30.5,79.5
2020-06-26,9.661338,30.5,79.5
2020-06-27,10.807796,30.5,79.5
2020-06-28,1.9385006,30.5,79.5
2020-06-29,0.016768465,30.5,79.5
2020-06-30,3.8736618,30.5,79.5
2020-07-01,0.0,30.5,79.5
2020-07-02,3.6791122,30.5,79.5
2020-07-03,15.610151,30.5,79.5
2020-07-04,18.40108,30.5,79.5
2020-07-05,40.92871,30.5,79.5
2020-07-06,16.647633,30.5,79.5
2020-07-07,23.771181,30.5,79.5
2020-07-08,9.4400425,30.5,79.5
2020-07-09,9.336298,30.5,79.5
2020-07-10,49.68805,30.5,79.5
2020-07-11,34.207226,30.5,79.5
2020-07-12,15.530372,30.5,79.5
2020-07-13,5.5587873,30.5,79.5
2020-07-14,0.38406748,30.5,79.5
2020-07-15,16.050734,30.5,79.5
2020-07-16,7.449469,30.5,79.5
2020-07-17,38.889393,30.5,79.5
2020-07-18,18.218283,30.5,79.5
2020-07-19,19.46803,30.5,79.5
2020-07-20,34.481133,30.5,79.5
2020-07-21,12.205636,30.5,79.5
2020-07-22,13.994155,30.5,79.5
2020-07-23,6.0546536,30.5,79.5
2020-07-24,4.2782645,30.5,79.5
2020-07-25,7.59261,30.5,79.5
2020-07-26,14.64258,30.5,79.5
2020-07-27,30.194149,30.5,79.5
2020-07-28,22.998129,30.5,79.5
2020-07-29,41.908154,30.5,79.5
2020-07-30,17.927607,30.5,79.5
2020-07-31,31.400896,30.5,79.5
2020-08-01,24.884413,30.5,79.5
2020-08-02,44.01574,30.5,79.5
2020-08-03,2.3506804,30.5,79.5
2020-08-04,19.996735,30.5,79.5
2020-08-05,13.82953,30.5,79.5
2020-08-06,0.83363545,30.5,79.5
2020-08-07,37.682087,30.5,79.5
2020-08-08,4.4819107,30.5,79.5
2020-08-09,39.624687,30.5,79.5
2020-08-10,84.11712,30.5,79.5
2020-08-11,55.928734,30.5,79.5
2020-08-12,25.800093,30.5,79.5
2020-08-13,32.25432,30.5,79.5
2020-08-14,18.884516,30.5,79.5
2020-08-15,2.9450135,30.5,79.5
2020-08-16,23.833204,30.5,79.5
2020-08-17,36.048164,30.5,79.5
2020-08-18,29.134617,30.5,79.5
2020-08-19,64.17536,30.5,79.5
2020-08-20,29.477623,30.5,79.5
2020-08-21,9.389898,30.5,79.5
2020-08-22,1.773748,30.5,79.5
2020-08-23,5.324285,30.5,79.5
2020-08-24,8.278357,30.5,79.5
2020-08-25,52.871555,30.5,79.5
2020-08-26,23.7384,30.5,79.5
2020-08-27,18.322287,30.5,79.5
2020-08-28,3.3728576,30.5,79.5
2020-08-29,16.066797,30.5,79.5
2020-08-30,0.16223945,30.5,79.5
2020-08-31,1.636139,30.5,79.5
2020-09-01,0.0,30.5,79.5
2020-09-02,0.0,30.5,79.5
2020-09-03,4.090905,30.5,79.5
2020-09-04,8.514029,30.5,79.5
2020-09-05,0.0,30.5,79.5
2020-09-06,4.91543,30.5,79.5
2020-09-07,6.031858,30.5,79.5
2020-09-08,0.24072243,30.5,79.5
2020-09-09,1.7066439,30.5,79.5
2020-09-10,0.0,30.5,79.5
2020-09-11,0.0,30.5,79.5
2020-09-12,0.0,30.5,79.5
2020-09-13,0.0,30.5,79.5
2020-09-14,0.0,30.5,79.5
2020-09-15,0.8699926,30.5,79.5
2020-09-16,7.6583724,30.5,79.5
2020-09-17,12.145559,30.5,79.5
2020-09-18,0.0,30.5,79.5
2020-09-19,2.9789574,30.5,79.5
2020-09-20,0.0,30.5,79.5
2020-09-21,0.0,30.5,79.5
2020-09-22,20.497332,30.5,79.5
2020-09-23,0.21549755,30.5,79.5
2020-09-24,2.8058436,30.5,79.5
2020-09-25,11.674319,30.5,79.5
2020-09-26,0.0,30.5,79.5
2020-09-27,0.0,30.5,79.5
2020-09-28,0.0,30.5,79.5
2020-09-29,0.0,30.5,79.5
2020-09-30,0.0,30.5,79.5
2020-10-01,0.0,30.5,79.5
2020-10-02,0.0,30.5,79.5
2020-10-03,0.0,30.5,79.5
2020-10-04,0.0,30.5,79.5
2020-10-05,0.0,30.5,79.5
2020-10-06,0.0,30.5,79.5
2020-10-07,0.0,30.5,79.5
2020-10-08,0.0,30.5,79.5
2020-10-09,0.0,30.5,79.5
2020-10-10,0.0,30.5,79.5
2020-10-11,0.0,30.5,79.5
2020-10-12,0.0,30.5,79.5
2020-10-13,0.0,30.5,79.5
2020-10-14,0.0,30.5,79.5
2020-10-15,0.0,30.5,79.5
2020-10-16,0.0,30.5,79.5
2020-10-17,0.0,30.5,79.5
2020-10-18,0.0,30.5,79.5
2020-10-19,0.0,30.5,79.5
2020-10-20,0.0,30.5,79.5
2020-10-21,0.0,30.5,79.5
2020-10-22,0.5156603,30.5,79.5
2020-10-23,0.0,30.5,79.5
2020-10-24,0.0,30.5,79.5
2020-10-25,0.0,30.5,79.5
2020-10-26,0.0,30.5,79.5
2020-10-27,0.0,30.5,79.5
2020-10-28,0.0,30.5,79.5
2020-10-29,0.0,30.5,79.5
2020-10-30,0.0,30.5,79.5
2020-10-31,0.0,30.5,79.5
2020-11-01,0.0,30.5,79.5
2020-11-02,0.0,30.5,79.5
2020-11-03,2.2880285,30.5,79.5
2020-11-04,0.86487293,30.5,79.5
2020-11-05,0.0,30.5,79.5
2020-11-06,0.0,30.5,79.5
2020-11-07,0.0,30.5,79.5
2020-11-08,0.0,30.5,79.5
2020-11-09,0.0,30.5,79.5
2020-11-10,0.0,30.5,79.5
2020-11-11,0.0,30.5,79.5
2020-11-12,0.0,30.5,79.5
2020-11-13,0.0,30.5,79.5
2020-11-14,0.0,30.5,79.5
2020-11-15,0.0,30.5,79.5
2020-11-16,2.9624166,30.5,79.5
2020-11-17,5.2349973,30.5,79.5
2020-11-18,0.0,30.5,79.5
2020-11-19,0.0,30.5,79.5
2020-11-20,0.0,30.5,79.5
2020-11-21,0.0,30.5,79.5
2020-11-22,0.0,30.5,79.5
2020-11-23,0.0,30.5,79.5
2020-11-24,0.20591633,30.5,79.5
2020-11-25,0.0,30.5,79.5
2020-11-26,4.662811,30.5,79.5
2020-11-27,0.0,30.5,79.5
2020-11-28,0.0,30.5,79.5
2020-11-29,1.1040941,30.5,79.5
2020-11-30,1.3155807,30.5,79.5
2020-12-01,0.0,30.5,79.5
2020-12-02,0.0,30.5,79.5
2020-12-03,0.0,30.5,79.5
2020-12-04,0.0,30.5,79.5
2020-12-05,0.0,30.5,79.5
2020-12-06,0.0,30.5,79.5
2020-12-07,0.0,30.5,79.5
2020-12-08,0.0,30.5,79.5
2020-12-09,0.0,30.5,79.5
2020-12-10,0.0,30.5,79.5
2020-12-11,0.0,30.5,79.5
2020-12-12,0.0,30.5,79.5
2020-12-13,8.320362,30.5,79.5
2020-12-14,0.0,30.5,79.5
2020-12-15,0.0,30.5,79.5
2020-12-16,0.0,30.5,79.5
2020-12-17,0.0,30.5,79.5
2020-12-18,0.0,30.5,79.5
2020-12-19,0.0,30.5,79.5
2020-12-20,0.0,30.5,79.5
2020-12-21,0.0,30.5,79.5
2020-12-22,0.0,30.5,79.5
2020-12-23,0.0,30.5,79.5
2020-12-24,0.0,30.5,79.5
2020-12-25,0.0,30.5,79.5
2020-12-26,0.0,30.5,79.5
2020-12-27,0.0,30.5,79.5
2020-12-28,0.0,30.5,79.5
2020-12-29,0.0,30.5,79.5
2020-12-30,0.0,30.5,79.5
2020-12-31,0.0,30.5,79.5
2021-01-01,0.0,30.5,79.5
2021-01-02,0.0,30.5,79.5
2021-01-03,0.0,30.5,79.5
2021-01-04,0.0,30.5,79.5
2021-01-05,0.0,30.5,79.5
2021-01-06,0.0,30.5,79.5
2021-01-07,0.0,30.5,79.5
2021-01-08,0.0,30.5,79.5
2021-01-09,0.0,30.5,79.5
2021-01-10,0.0,30.5,79.5
2021-01-11,0.0,30.5,79.5
2021-01-12,0.0,30.5,79.5
2021-01-13,0.0,30.5,79.5
2021-01-14,0.0,30.5,79.5
2021-01-15,0.0,30.5,79.5
2021-01-16,0.0,30.5,79.5
2021-01-17,0.0,30.5,79.5
2021-01-18,0.0,30.5,79.5
2021-01-19,0.0,30.5,79.5
2021-01-20,0.0,30.5,79.5
2021-01-21,0.0,30.5,79.5
2021-01-22,0.0,30.5,79.5
2021-01-23,0.0,30.5,79.5
2021-01-24,0.0,30.5,79.5
2021-01-25,0.0,30.5,79.5
2021-01-26,0.0,30.5,79.5
2021-01-27,0.0,30.5,79.5
2021-01-28,0.0,30.5,79.5
2021-01-29,0.0,30.5,79.5
2021-01-30,0.0,30.5,79.5
2021-01-31,0.0,30.5,79.5
2021-02-01,0.0,30.5,79.5
2021-02-02,0.0,30.5,79.5
2021-02-03,0.0,30.5,79.5
2021-02-04,0.0,30.5,79.5
2021-02-05,0.0,30.5,79.5
2021-02-06,0.0,30.5,79.5
2021-02-07,0.0,30.5,79.5
2021-02-08,0.0,30.5,79.5
2021-02-09,0.0,30.5,79.5
2021-02-10,0.0,30.5,79.5
2021-02-11,0.0,30.5,79.5
2021-02-12,0.0,30.5,79.5
2021-02-13,0.0,30.5,79.5
2021-02-14,0.0,30.5,79.5
2021-02-15,0.0,30.5,79.5
2021-02-16,0.0,30.5,79.5
2021-02-17,0.0,30.5,79.5
2021-02-18,0.0,30.5,79.5
2021-02-19,0.0,30.5,79.5
2021-02-20,0.0,30.5,79.5
2021-02-21,0.0,30.5,79.5
2021-02-22,0.0,30.5,79.5
2021-02-23,0.0,30.5,79.5
2021-02-24,0.0,30.5,79.5
2021-02-25,0.0,30.5,79.5
2021-02-26,0.0,30.5,79.5
2021-02-27,0.0,30.5,79.5
2021-02-28,0.0,30.5,79.5
2021-03-01,0.0,30.5,79.5
2021-03-02,0.0,30.5,79.5
2021-03-03,0.0,30.5,79.5
2021-03-04,0.0,30.5,79.5
2021-03-05,0.0,30.5,79.5
2021-03-06,0.0,30.5,79.5
2021-03-07,0.0,30.5,79.5
2021-03-08,0.0,30.5,79.5
2021-03-09,0.0,30.5,79.5
2021-03-10,0.0,30.5,79.5
2021-03-11,0.0,30.5,79.5
2021-03-12,0.0,30.5,79.5
2021-03-13,0.0,30.5,79.5
2021-03-14,0.0,30.5,79.5
2021-03-15,0.0,30.5,79.5
2021-03-16,0.0,30.5,79.5
2021-03-17,0.0,30.5,79.5
2021-03-18,0.0,30.5,79.5
2021-03-19,0.0,30.5,79.5
2021-03-20,0.0,30.5,79.5
2021-03-21,0.0,30.5,79.5
2021-03-22,0.0,30.5,79.5
2021-03-23,0.0,30.5,79.5
2021-03-24,0.0,30.5,79.5
2021-03-25,0.0,30.5,79.5
2021-03-26,0.0,30.5,79.5
2021-03-27,0.0,30.5,79.5
2021-03-28,0.0,30.5,79.5
2021-03-29,0.0,30.5,79.5
2021-03-30,0.0,30.5,79.5
2021-03-31,0.0,30.5,79.5
2021-04-01,0.0,30.5,79.5
2021-04-02,0.0,30.5,79.5
2021-04-03,0.0,30.5,79.5
2021-04-04,0.0,30.5,79.5
2021-04-05,0.0,30.5,79.5
2021-04-06,0.0,30.5,79.5
2021-04-07,0.0,30.5,79.5
2021-04-08,0.0,30.5,79.5
2021-04-09,0.0,30.5,79.5
2021-04-10,0.0,30.5,79.5
2021-04-11,0.0,30.5,79.5
2021-04-12,0.0,30.5,79.5
2021-04-13,0.0,30.5,79.5
2021-04-14,0.0,30.5,79.5
2021-04-15,0.0,30.5,79.5
2021-04-16,0.0,30.5,79.5
2021-04-17,0.0,30.5,79.5
2021-04-18,0.0,30.5,79.5
2021-04-19,0.0,30.5,79.5
2021-04-20,0.0,30.5,79.5
2021-04-21,0.0,30.5,79.5
2021-04-22,0.0,30.5,79.5
2021-04-23,0.0,30.5,79.5
2021-04-24,0.0,30.5,79.5
2021-04-25,0.0,30.5,79.5
2021-04-26,0.0,30.5,79.5
2021-04-27,0.0,30.5,79.5
2021-04-28,0.0,30.5,79.5
2021-04-29,0.0,30.5,79.5
2021-04-30,0.0,30.5,79.5
2021-05-01,0.0,30.5,79.5
2021-05-02,0.0,30.5,79.5
2021-05-03,0.0,30.5,79.5
2021-05-04,0.0,30.5,79.5
2021-05-05,0.0,30.5,79.5
2021-05-06,0.0,30.5,79.5
2021-05-07,0.0,30.5,79.5
2021-05-08,0.0,30.5,79.5
2021-05-09,0.0,30.5,79.5
2021-05-10,0.0,30.5,79.5
2021-05-11,0.0,30.5,79.5
2021-05-12,0.0,30.5,79.5
2021-05-13,0.0,30.5,79.5
2021-05-14,0.0,30.5,79.5
2021-05-15,0.0,30.5,79.5
2021-05-16,0.0,30.5,79.5
2021-05-17,0.0,30.5,79.5
2021-05-18,0.0,30.5,79.5
2021-05-19,0.0,30.5,79.5
2021-05-20,0.0,30.5,79.5
2021-05-21,0.0,30.5,79.5
2021-05-22,0.0,30.5,79.5
2021-05-23,0.0,30.5,79.5
2021-05-24,0.0,30.5,79.5
2021-05-25,0.0,30.5,79.5
2021-05-26,0.0,30.5,79.5
2021-05-27,0.0,30.5,79.5
2021-05-28,0.0,30.5,79.5
2021-05-29,0.0,30.5,79.5
2021-05-30,0.0,30.5,79.5
2021-05-31,0.0,30.5,79.5
2021-06-01,0.0,30.5,79.5
2021-06-02,0.0,30.5,79.5
2021-06-03,0.0,30.5,79.5
2021-06-04,0.0,30.5,79.5
2021-06-05,0.0,30.5,79.5
2021-06-06,0.0,30.5,79.5
2021-06-07,0.0,30.5,79.5
2021-06-08,0.0,30.5,79.5
2021-06-09,0.0,30.5,79.5
2021-06-10,0.0,30.5,79.5
2021-06-11,0.0,30.5,79.5
2021-06-12,0.0,30.5,79.5
2021-06-13,0.0,30.5,79.5
2021-06-14,0.0,30.5,79.5
2021-06-15,0.0,30.5,79.5
2021-06-16,0.0,30.5,79.5
2021-06-17,0.0,30.5,79.5
2021-06-18,0.0,30.5,79.5
2021-06-19,0.0,30.5,79.5
2021-06-20,0.0,30.5,79.5
2021-06-21,0.0,30.5,79.5
2021-06-22,0.0,30.5,79.5
2021-06-23,0.0,30.5,79.5
2021-06-24,0.0,30.5,79.5
2021-06-25,0.0,30.5,79.5
2021-06-26,0.0,30.5,79.5
2021-06-27,0.0,30.5,79.5
2021-06-28,0.0,30.5,79.5
2021-06-29,0.0,30.5,79.5
2021-06-30,0.0,30.5,79.5
2021-07-01,0.0,30.5,79.5
2021-07-02,0.0,30.5,79.5
2021-07-03,0.0,30.5,79.5
2021-07-04,0.0,30.5,79.5
2021-07-05,0.0,30.5,79.5
2021-07-06,0.0,30.5,79.5
2021-07-07,0.0,30.5,79.5
2021-07-08,0.0,30.5,79.5
2021-07-09,0.0,30.5,79.5
2021-07-10,0.0,30.5,79.5
2021-07-11,0.0,30.5,79.5
2021-07-12,0.0,30.5,79.5
2021-07-13,0.0,30.5,79.5
2021-07-14,0.0,30.5,79.5
2021-07-15,0.0,30.5,79.5
2021-07-16,0.0,30.5,79.5
2021-07-17,0.0,30.5,79.5
2021-07-18,0.0,30.5,79.5
2021-07-19,0.0,30.5,79.5
2021-07-20,0.0,30.5,79.5
2021-07-21,0.0,30.5,79.5
2021-07-22,0.0,30.5,79.5
2021-07-23,0.0,30.5,79.5
2021-07-24,0.0,30.5,79.5
2021-07-25,0.0,30.5,79.5
2021-07-26,0.0,30.5,79.5
2021-07-27,0.0,30.5,79.5
2021-07-28,0.0,30.5,79.5
2021-07-29,0.0,30.5,79.5
2021-07-30,0.0,30.5,79.5
2021-07-31,0.0,30.5,79.5
2021-08-01,0.0,30.5,79.5
2021-08-02,0.0,30.5,79.5
2021-08-03,0.0,30.5,79.5
2021-08-04,0.0,30.5,79.5
2021-08-05,0.0,30.5,79.5
2021-08-06,0.0,30.5,79.5
2021-08-07,0.0,30.5,79.5
2021-08-08,0.0,30.5,79.5
2021-08-09,0.0,30.5,79.5
2021-08-10,0.0,30.5,79.5
2021-08-11,0.0,30.5,79.5
2021-08-12,0.0,30.5,79.5
2021-08-13,0.0,30.5,79.5
2021-08-14,0.0,30.5,79.5
2021-08-15,0.0,30.5,79.5
2021-08-16,0.0,30.5,79.5
2021-08-17,0.0,30.5,79.5
2021-08-18,0.0,30.5,79.5
2021-08-19,0.0,30.5,79.5
2021-08-20,0.0,30.5,79.5
2021-08-21,0.0,30.5,79.5
2021-08-22,0.0,30.5,79.5
2021-08-23,0.0,30.5,79.5
2021-08-24,0.0,30.5,79.5
2021-08-25,0.0,30.5,79.5
2021-08-26,0.0,30.5,79.5
2021-08-27,0.0,30.5,79.5
2021-08-28,0.0,30.5,79.5
2021-08-29,0.0,30.5,79.5
2021-08-30,0.0,30.5,79.5
2021-08-31,0.0,30.5,79.5
2021-09-01,0.0,30.5,79.5
2021-09-02,0.0,30.5,79.5
2021-09-03,0.0,30.5,79.5
2021-09-04,0.0,30.5,79.5
2021-09-05,0.0,30.5,79.5
2021-09-06,0.0,30.5,79.5
2021-09-07,0.0,30.5,79.5
2021-09-08,0.0,30.5,79.5
2021-09-09,0.0,30.5,79.5
2021-09-10,0.0,30.5,79.5
2021-09-11,0.0,30.5,79.5
2021-09-12,0.0,30.5,79.5
2021-09-13,0.0,30.5,79.5
2021-09-14,0.0,30.5,79.5
2021-09-15,0.0,30.5,79.5
2021-09-16,0.0,30.5,79.5
2021-09-17,0.0,30.5,79.5
2021-09-18,0.0,30.5,79.5
2021-09-19,0.0,30.5,79.5
2021-09-20,0.0,30.5,79.5
2021-09-21,0.0,30.5,79.5
2021-09-22,0.0,30.5,79.5
2021-09-23,0.0,30.5,79.5
2021-09-24,0.0,30.5,79.5
2021-09-25,0.0,30.5,79.5
2021-09-26,0.0,30.5,79.5
2021-09-27,0.0,30.5,79.5
2021-09-28,0.0,30.5,79.5
2021-09-29,0.0,30.5,79.5
2021-09-30,0.0,30.5,79.5
2021-10-01,0.0,30.5,79.5
2021-10-02,0.0,30.5,79.5
2021-10-03,0.0,30.5,79.5
2021-10-04,0.0,30.5,79.5
2021-10-05,0.0,30.5,79.5
2021-10-06,0.0,30.5,79.5
2021-10-07,0.0,30.5,79.5
2021-10-08,0.0,30.5,79.5
2021-10-09,0.0,30.5,79.5
2021-10-10,0.0,30.5,79.5
2021-10-11,0.0,30.5,79.5
2021-10-12,0.0,30.5,79.5
2021-10-13,0.0,30.5,79.5
2021-10-14,0.0,30.5,79.5
2021-10-15,0.0,30.5,79.5
2021-10-16,0.0,30.5,79.5
2021-10-17,0.0,30.5,79.5
2021-10-18,0.0,30.5,79.5
2021-10-19,0.0,30.5,79.5
2021-10-20,0.0,30.5,79.5
2021-10-21,0.0,30.5,79.5
2021-10-22,0.0,30.5,79.5
2021-10-23,0.0,30.5,79.5
2021-10-24,0.0,30.5,79.5
2021-10-25,0.0,30.5,79.5
2021-10-26,0.0,30.5,79.5
2021-10-27,0.0,30.5,79.5
2021-10-28,0.0,30.5,79.5
2021-10-29,0.0,30.5,79.5
2021-10-30,0.0,30.5,79.5
2021-10-31,0.0,30.5,79.5
2021-11-01,0.0,30.5,79.5
2021-11-02,0.0,30.5,79.5
2021-11-03,0.0,30.5,79.5
2021-11-04,0.0,30.5,79.5
2021-11-05,0.0,30.5,79.5
2021-11-06,0.0,30.5,79.5
2021-11-07,0.0,30.5,79.5
2021-11-08,0.0,30.5,79.5
2021-11-09,0.0,30.5,79.5
2021-11-10,0.0,30.5,79.5
2021-11-11,0.0,30.5,79.5
2021-11-12,0.0,30.5,79.5
2021-11-13,0.0,30.5,79.5
2021-11-14,0.0,30.5,79.5
2021-11-15,0.0,30.5,79.5
2021-11-16,0.0,30.5,79.5
2021-11-17,0.0,30.5,79.5
2021-11-18,0.0,30.5,79.5
2021-11-19,0.0,30.5,79.5
2021-11-20,0.0,30.5,79.5
2021-11-21,0.0,30.5,79.5
2021-11-22,0.0,30.5,79.5
2021-11-23,0.0,30.5,79.5
2021-11-24,0.0,30.5,79.5
2021-11-25,0.0,30.5,79.5
2021-11-26,0.0,30.5,79.5
2021-11-27,0.0,30.5,79.5
2021-11-28,0.0,30.5,79.5
2021-11-29,0.0,30.5,79.5
2021-11-30,0.0,30.5,79.5
2021-12-01,0.0,30.5,79.5
2021-12-02,0.0,30.5,79.5
2021-12-03,0.0,30.5,79.5
2021-12-04,0.0,30.5,79.5
2021-12-05,0.0,30.5,79.5
2021-12-06,0.0,30.5,79.5
2021-12-07,0.0,30.5,79.5
2021-12-08,0.0,30.5,79.5
2021-12-09,0.0,30.5,79.5
2021-12-10,0.0,30.5,79.5
2021-12-11,0.0,30.5,79.5
2021-12-12,0.0,30.5,79.5
2021-12-13,0.0,30.5,79.5
2021-12-14,0.0,30.5,79.5
2021-12-15,0.0,30.5,79.5
2021-12-16,0.0,30.5,79.5
2021-12-17,0.0,30.5,79.5
2021-12-18,0.0,30.5,79.5
2021-12-19,0.0,30.5,79.5
2021-12-20,0.0,30.5,79.5
2021-12-21,0.0,30.5,79.5
2021-12-22,0.0,30.5,79.5
2021-12-23,0.0,30.5,79.5
2021-12-24,0.0,30.5,79.5
2021-12-25,0.0,30.5,79.5
2021-12-26,0.0,30.5,79.5
2021-12-27,0.0,30.5,79.5
2021-12-28,0.0,30.5,79.5
2021-12-29,0.0,30.5,79.5
2021-12-30,0.0,30.5,79.5
2021-12-31,0.0,30.5,79.5
2022-01-01,0.0,30.5,79.5
2022-01-02,0.2107922,30.5,79.5
2022-01-03,0.0,30.5,79.5
2022-01-04,0.0,30.5,79.5
2022-01-05,5.337766,30.5,79.5
2022-01-06,22.808939,30.5,79.5
2022-01-07,0.018770898,30.5,79.5
2022-01-08,0.0,30.5,79.5
2022-01-09,8.860379,30.5,79.5
2022-01-10,11.142321,30.5,79.5
2022-01-11,7.5689616,30.5,79.5
2022-01-12,0.0,30.5,79.5
2022-01-13,0.04992144,30.5,79.5
2022-01-14,0.164725,30.5,79.5
2022-01-15,0.00734496,30.5,79.5
2022-01-16,0.0,30.5,79.5
2022-01-17,0.012655274,30.5,79.5
2022-01-18,0.0,30.5,79.5
2022-01-19,0.0,30.5,79.5
2022-01-20,4.121873,30.5,79.5
2022-01-21,2.5667007,30.5,79.5
2022-01-22,6.7530365,30.5,79.5
2022-01-23,5.6126404,30.5,79.5
2022-01-24,6.761125,30.5,79.5
2022-01-25,1.804001,30.5,79.5
2022-01-26,7.2253604,30.5,79.5
2022-01-27,4.2302895,30.5,79.5
2022-01-28,0.022670394,30.5,79.5
2022-01-29,0.0,30.5,79.5
2022-01-30,0.0,30.5,79.5
2022-01-31,0.0,30.5,79.5
2022-02-01,0.0,30.5,79.5
2022-02-02,0.009913359,30.5,79.5
2022-02-03,2.4648938,30.5,79.5
2022-02-04,17.811974,30.5,79.5
2022-02-05,2.6026564,30.5,79.5
2022-02-06,0.0,30.5,79.5
2022-02-07,0.0,30.5,79.5
2022-02-08,0.16583954,30.5,79.5
2022-02-09,2.4189088,30.5,79.5
2022-02-10,1.3722664,30.5,79.5
2022-02-11,0.05286213,30.5,79.5
2022-02-12,0.0,30.5,79.5
2022-02-13,0.0,30.5,79.5
2022-02-14,0.33071744,30.5,79.5
2022-02-15,0.0,30.5,79.5
2022-02-16,1.0936397,30.5,79.5
2022-02-17,0.056468185,30.5,79.5
2022-02-18,0.0,30.5,79.5
2022-02-19,0.0,30.5,79.5
2022-02-20,0.0,30.5,79.5
2022-02-21,0.019624038,30.5,79.5
2022-02-22,0.1777438,30.5,79.5
2022-02-23,2.6250377,30.5,79.5
2022-02-24,9.485809,30.5,79.5
2022-02-25,15.386885,30.5,79.5
2022-02-26,0.8177365,30.5,79.5
2022-02-27,11.626879,30.5,79.5
2022-02-28,0.28817388,30.5,79.5
2022-03-01,0.08270982,30.5,79.5
2022-03-02,0.3118913,30.5,79.5
2022-03-03,0.16517425,30.5,79.5
2022-03-04,0.20680237,30.5,79.5
2022-03-05,0.5520731,30.5,79.5
2022-03-06,0.003065683,30.5,79.5
2022-03-07,0.16517425,30.5,79.5
2022-03-08,0.0,30.5,79.5
2022-03-09,0.0,30.5,79.5
2022-03-10,0.0,30.5,79.5
2022-03-11,0.0,30.5,79.5
2022-03-12,0.02446782,30.5,79.5
2022-03-13,0.007848446,30.5,79.5
2022-03-14,0.13275607,30.5,79.5
2022-03-15,0.0,30.5,79.5
2022-03-16,3.2950325,30.5,79.5
2022-03-17,0.0,30.5,79.5
2022-03-18,0.0074159643,30.5,79.5
2022-03-19,0.0,30.5,79.5
2022-03-20,0.043165848,30.5,79.5
2022-03-21,0.0,30.5,79.5
2022-03-22,0.0,30.5,79.5
2022-03-23,0.06996674,30.5,79.5
2022-03-24,1.2228925,30.5,79.5
2022-03-25,1.7269326,30.5,79.5
2022-03-26,0.0,30.5,79.5
2022-03-27,0.0,30.5,79.5
2022-03-28,0.16665366,30.5,79.5
2022-03-29,0.16517425,30.5,79.5
2022-03-30,0.0031619405,30.5,79.5
2022-03-31,0.0,30.5,79.5
2022-04-01,0.19762494,30.5,79.5
2022-04-02,0.028509744,30.5,79.5
2022-04-03,0.019667124,30.5,79.5
2022-04-04,0.05090597,30.5,79.5
2022-04-05,0.08672715,30.5,79.5
2022-04-06,0.00018262115,30.5,79.5
2022-04-07,0.18701719,30.5,79.5
2022-04-08,0.0,30.5,79.5
2022-04-09,1.0344341,30.5,79.5
2022-04-10,2.6880205,30.5,79.5
2022-04-11,1.8448376e-05,30.5,79.5
2022-04-12,1.55668e-07,30.5,79.5
2022-04-13,0.1653153,30.5,79.5
2022-04-14,10.002619,30.5,79.5
2022-04-15,2.588271,30.5,79.5
2022-04-16,0.014335692,30.5,79.5
2022-04-17,0.8182991,30.5,79.5
2022-04-18,0.08643534,30.5,79.5
2022-04-19,1.0095247,30.5,79.5
2022-04-20,2.0820057,30.5,79.5
2022-04-21,0.0,30.5,79.5
2022-04-22,1.0877801,30.5,79.5
2022-04-23,4.0240016,30.5,79.5
2022-04-24,0.115596965,30.5,79.5
2022-04-25,9.5758594e-05,30.5,79.5
2022-04-26,0.018005142,30.5,79.5
2022-04-27,0.0,30.5,79.5
2022-04-28,0.04063573,30.5,79.5
2022-04-29,3.489504,30.5,79.5
2022-04-30,0.6840294,30.5,79.5
2022-05-01,3.280567,30.5,79.5
2022-05-02,0.64896756,30.5,79.5
2022-05-03,0.06123213,30.5,79.5
2022-05-04,7.960718,30.5,79.5
2022-05-05,1.5395051,30.5,79.5
2022-05-06,2.3859444,30.5,79.5
2022-05-07,0.65931755,30.5,79.5
2022-05-08,0.63553333,30.5,79.5
2022-05-09,0.008172473,30.5,79.5
2022-05-10,3.307071,30.5,79.5
2022-05-11,0.090740904,30.5,79.5
2022-05-12,3.6471603,30.5,79.5
2022-05-13,2.7543395,30.5,79.5
2022-05-14,3.3264205,30.5,79.5
2022-05-15,0.9114882,30.5,79.5
2022-05-16,11.829649,30.5,79.5
2022-05-17,8.218704,30.5,79.5
2022-05-18,1.4128723,30.5,79.5
2022-05-19,1.7540022,30.5,79.5
2022-05-20,1.4825332,30.5,79.5
2022-05-21,3.065285,30.5,79.5
2022-05-22,1.0352293,30.5,79.5
2022-05-23,6.0222406,30.5,79.5
2022-05-24,1.8214242,30.5,79.5
2022-05-25,5.7986684,30.5,79.5
2022-05-26,0.38068968,30.5,79.5
2022-05-27,0.0,30.5,79.5
2022-05-28,6.887117,30.5,79.5
2022-05-29,0.67972195,30.5,79.5
2022-05-30,3.1842492,30.5,79.5
2022-05-31,0.48418185,30.5,79.5
2022-06-01,0.17317525,30.5,79.5
2022-06-02,0.0,30.5,79.5
2022-06-03,0.0,30.5,79.5
2022-06-04,0.0,30.5,79.5
2022-06-05,0.008122617,30.5,79.5
2022-06-06,0.0,30.5,79.5
2022-06-07,0.0,30.5,79.5
2022-06-08,0.0,30.5,79.5
2022-06-09,0.6801417,30.5,79.5
2022-06-10,2.1643767,30.5,79.5
2022-06-11,2.927049,30.5,79.5
2022-06-12,1.7062885,30.5,79.5
2022-06-13,5.0497036,30.5,79.5
2022-06-14,8.321216,30.5,79.5
2022-06-15,5.2862096,30.5,79.5
2022-06-16,1.7072152,30.5,79.5
2022-06-17,3.6875284,30.5,79.5
2022-06-18,1.6347618,30.5,79.5
2022-06-19,10.576589,30.5,79.5
2022-06-20,9.776188,30.5,79.5
2022-06-21,2.5697436,30.5,79.5
2022-06-22,6.749594,30.5,79.5
2022-06-23,1.2530353,30.5,79.5
2022-06-24,0.4393669,30.5,79.5
2022-06-25,0.2802593,30.5,79.5
2022-06-26,16.589384,30.5,79.5
2022-06-27,32.75251,30.5,79.5
2022-06-28,2.7406535,30.5,79.5
2022-06-29,9.628949,30.5,79.5
2022-06-30,19.101992,30.5,79.5
2022-07-01,3.9648886,30.5,79.5
2022-07-02,8.095714,30.5,79.5
2022-07-03,10.2909355,30.5,79.5
2022-07-04,11.293241,30.5,79.5
2022-07-05,4.201754,30.5,79.5
2022-07-06,4.8597546,30.5,79.5
2022-07-07,37.997326,30.5,79.5
2022-07-08,0.13942595,30.5,79.5
2022-07-09,40.672424,30.5,79.5
2022-07-10,26.837885,30.5,79.5
2022-07-11,13.368881,30.5,79.5
2022-07-12,19.30021,30.5,79.5
2022-07-13,51.299015,30.5,79.5
2022-07-14,35.1007,30.5,79.5
2022-07-15,8.809737,30.5,79.5
2022-07-16,3.0988212,30.5,79.5
2022-07-17,14.688758,30.5,79.5
2022-07-18,9.837934,30.5,79.5
2022-07-19,17.08032,30.5,79.5
2022-07-20,27.101576,30.5,79.5
2022-07-21,4.2910013,30.5,79.5
2022-07-22,1.9231191,30.5,79.5
2022-07-23,17.41391,30.5,79.5
2022-07-24,18.099892,30.5,79.5
2022-07-25,10.604501,30.5,79.5
2022-07-26,9.021134,30.5,79.5
2022-07-27,7.73398,30.5,79.5
2022-07-28,52.738815,30.5,79.5
2022-07-29,9.568093,30.5,79.5
2022-07-30,16.143038,30.5,79.5
2022-07-31,6.0651503,30.5,79.5
2022-08-01,16.286594,30.5,79.5
2022-08-02,14.236934,30.5,79.5
2022-08-03,21.404127,30.5,79.5
2022-08-04,25.596493,30.5,79.5
2022-08-05,10.422333,30.5,79.5
2022-08-06,22.83119,30.5,79.5
2022-08-07,41.019295,30.5,79.5
2022-08-08,1.7995689,30.5,79.5
2022-08-09,23.212702,30.5,79.5
2022-08-10,2.6559496,30.5,79.5
2022-08-11,32.1859,30.5,79.5
2022-08-12,1.8801138,30.5,79.5
2022-08-13,0.01918124,30.5,79.5
2022-08-14,0.45129114,30.5,79.5
2022-08-15,38.100887,30.5,79.5
2022-08-16,1.9438478,30.5,79.5
2022-08-17,11.291782,30.5,79.5
2022-08-18,1.8886735,30.5,79.5
2022-08-19,0.3204731,30.5,79.5
2022-08-20,24.902967,30.5,79.5
2022-08-21,2.4103422,30.5,79.5
2022-08-22,1.6681106,30.5,79.5
2022-08-23,0.6108705,30.5,79.5
2022-08-24,4.981573,30.5,79.5
2022-08-25,9.6859,30.5,79.5
2022-08-26,2.996567,30.5,79.5
2022-08-27,1.0209888,30.5,79.5
2022-08-28,1.032667,30.5,79.5
2022-08-29,36.507748,30.5,79.5
2022-08-30,13.517346,30.5,79.5
2022-08-31,3.6618612,30.5,79.5
2022-09-01,1.6198554,30.5,79.5
2022-09-02,30.999231,30.5,79.5
2022-09-03,7.5408807,30.5,79.5
2022-09-04,7.7330174,30.5,79.5
2022-09-05,5.631051,30.5,79.5
2022-09-06,0.80010504,30.5,79.5
2022-09-07,2.2224488,30.5,79.5
2022-09-08,0.12608245,30.5,79.5
2022-09-09,0.0013413901,30.5,79.5
2022-09-10,6.349825,30.5,79.5
2022-09-11,17.025566,30.5,79.5
2022-09-12,5.5280533,30.5,79.5
2022-09-13,0.10840782,30.5,79.5
2022-09-14,4.0035524,30.5,79.5
2022-09-15,18.914062,30.5,79.5
2022-09-16,24.956429,30.5,79.5
2022-09-17,14.677917,30.5,79.5
2022-09-18,8.132812,30.5,79.5
2022-09-19,4.589654,30.5,79.5
2022-09-20,11.750265,30.5,79.5
2022-09-21,4.9075665,30.5,79.5
2022-09-22,20.233027,30.5,79.5
2022-09-23,1.213379,30.5,79.5
2022-09-24,8.757554,30.5,79.5
2022-09-25,21.090757,30.5,79.5
2022-09-26,16.671019,30.5,79.5
2022-09-27,3.7869127,30.5,79.5
2022-09-28,0.2340795,30.5,79.5
2022-09-29,1.24382,30.5,79.5
2022-09-30,0.29815543,30.5,79.5
2022-10-01,3.158078,30.5,79.5
2022-10-02,11.347243,30.5,79.5
2022-10-03,0.107508846,30.5,79.5
2022-10-04,0.0,30.5,79.5
2022-10-05,0.4214905,30.5,79.5
2022-10-06,1.1148944,30.5,79.5
2022-10-07,5.39141,30.5,79.5
2022-10-08,16.359873,30.5,79.5
2022-10-09,21.864458,30.5,79.5
2022-10-10,14.15615,30.5,79.5
2022-10-11,6.6397567,30.5,79.5
2022-10-12,10.716714,30.5,79.5
2022-10-13,2.6084967,30.5,79.5
2022-10-14,0.36470714,30.5,79.5
2022-10-15,0.0,30.5,79.5
2022-10-16,0.0,30.5,79.5
2022-10-17,0.0,30.5,79.5
2022-10-18,0.0,30.5,79.5
2022-10-19,0.44425955,30.5,79.5
2022-10-20,0.0,30.5,79.5
2022-10-21,0.3206654,30.5,79.5
2022-10-22,0.0,30.5,79.5
2022-10-23,0.0,30.5,79.5
2022-10-24,0.0,30.5,79.5
2022-10-25,4.0791843e-08,30.5,79.5
2022-10-26,0.0,30.5,79.5
2022-10-27,0.0,30.5,79.5
2022-10-28,0.0,30.5,79.5
2022-10-29,0.16517425,30.5,79.5
2022-10-30,0.041077845,30.5,79.5
2022-10-31,8.037955e-05,30.5,79.5
2022-11-01,0.16522393,30.5,79.5
2022-11-02,2.16912,30.5,79.5
2022-11-03,0.22617091,30.5,79.5
2022-11-04,0.0005026752,30.5,79.5
2022-11-05,0.16517425,30.5,79.5
2022-11-06,0.0,30.5,79.5
2022-11-07,0.0817642,30.5,79.5
2022-11-08,0.002074501,30.5,79.5
2022-11-09,0.0,30.5,79.5
2022-11-10,0.28422755,30.5,79.5
2022-11-11,1.4452878,30.5,79.5
2022-11-12,0.0,30.5,79.5
2022-11-13,0.031820074,30.5,79.5
2022-11-14,0.0,30.5,79.5
2022-11-15,3.6092658,30.5,79.5
2022-11-16,0.15137514,30.5,79.5
2022-11-17,0.0,30.5,79.5
2022-11-18,0.0,30.5,79.5
2022-11-19,0.06799008,30.5,79.5
2022-11-20,0.0,30.5,79.5
2022-11-21,0.16517425,30.5,79.5
2022-11-22,0.0,30.5,79.5
2022-11-23,0.0,30.5,79.5
2022-11-24,0.0,30.5,79.5
2022-11-25,0.0,30.5,79.5
2022-11-26,0.16517425,30.5,79.5
2022-11-27,0.20405324,30.5,79.5
2022-11-28,0.19918297,30.5,79.5
2022-11-29,0.0,30.5,79.5
2022-11-30,0.0,30.5,79.5
2022-12-01,0.0,30.5,79.5
2022-12-02,0.09925666,30.5,79.5
2022-12-03,0.0,30.5,79.5
2022-12-04,0.0,30.5,79.5
2022-12-05,0.0,30.5,79.5
2022-12-06,0.012487776,30.5,79.5
2022-12-07,0.017257748,30.5,79.5
2022-12-08,0.0,30.5,79.5
2022-12-09,1.12178395e-05,30.5,79.5
2022-12-10,0.0,30.5,79.5
2022-12-11,0.0,30.5,79.5
2022-12-12,0.0,30.5,79.5
2022-12-13,0.018527996,30.5,79.5
2022-12-14,0.15629165,30.5,79.5
2022-12-15,0.00023820957,30.5,79.5
2022-12-16,0.0,30.5,79.5
2022-12-17,0.0,30.5,79.5
2022-12-18,0.059721395,30.5,79.5
2022-12-19,0.16517425,30.5,79.5
2022-12-20,0.16517425,30.5,79.5
2022-12-21,0.0,30.5,79.5
2022-12-22,0.0,30.5,79.5
2022-12-23,0.0,30.5,79.5
2022-12-24,0.09914358,30.5,79.5
2022-12-25,0.0,30.5,79.5
2022-12-26,0.0,30.5,79.5
2022-12-27,0.0,30.5,79.5
2022-12-28,0.17968555,30.5,79.5
2022-12-29,0.0,30.5,79.5
2022-12-30,0.2578896,30.5,79.5
2022-12-31,0.0,30.5,79.5
2023-01-01,0.0025796583,30.5,79.5
2023-01-02,0.15885021,30.5,79.5
2023-01-03,0.0,30.5,79.5
2023-01-04,0.0,30.5,79.5
2023-01-05,0.0,30.5,79.5
2023-01-06,0.0,30.5,79.5
2023-01-07,0.013897595,30.5,79.5
2023-01-08,0.0,30.5,79.5
2023-01-09,0.0,30.5,79.5
2023-01-10,2.5071433e-06,30.5,79.5
2023-01-11,0.0,30.5,79.5
2023-01-12,1.1071814,30.5,79.5
2023-01-13,1.886835,30.5,79.5
2023-01-14,1.6830423,30.5,79.5
2023-01-15,0.0,30.5,79.5
2023-01-16,0.0,30.5,79.5
2023-01-17,0.0,30.5,79.5
2023-01-18,0.0,30.5,79.5
2023-01-19,0.0,30.5,79.5
2023-01-20,14.8221655,30.5,79.5
2023-01-21,6.0333095,30.5,79.5
2023-01-22,0.0,30.5,79.5
2023-01-23,0.0,30.5,79.5
2023-01-24,0.15928015,30.5,79.5
2023-01-25,11.216371,30.5,79.5
2023-01-26,0.43677488,30.5,79.5
2023-01-27,0.0,30.5,79.5
2023-01-28,0.15885021,30.5,79.5
2023-01-29,0.0,30.5,79.5
2023-01-30,0.3428124,30.5,79.5
2023-01-31,13.641678,30.5,79.5
2023-02-01,0.0,30.5,79.5
2023-02-02,0.21072331,30.5,79.5
2023-02-03,0.0,30.5,79.5
2023-02-04,0.0,30.5,79.5
2023-02-05,0.0,30.5,79.5
2023-02-06,0.029375648,30.5,79.5
2023-02-07,1.6443963,30.5,79.5
2023-02-08,0.055982374,30.5,79.5
2023-02-09,0.0009444235,30.5,79.5
2023-02-10,1.3653558,30.5,79.5
2023-02-11,2.759597,30.5,79.5
2023-02-12,7.417167,30.5,79.5
2023-02-13,0.0,30.5,79.5
2023-02-14,0.0,30.5,79.5
2023-02-15,0.0,30.5,79.5
2023-02-16,0.0,30.5,79.5
2023-02-17,0.0,30.5,79.5
2023-02-18,0.0,30.5,79.5
2023-02-19,0.0,30.5,79.5
2023-02-20,0.024868954,30.5,79.5
2023-02-21,0.0,30.5,79.5
2023-02-22,5.6285176,30.5,79.5
2023-02-23,0.0,30.5,79.5
2023-02-24,0.0051664184,30.5,79.5
2023-02-25,0.011326688,30.5,79.5
2023-02-26,0.2933841,30.5,79.5
2023-02-27,0.0,30.5,79.5
2023-02-28,1.4151149,30.5,79.5
2023-03-01,0.12016279,30.5,79.5
2023-03-02,0.98719007,30.5,79.5
2023-03-03,0.0,30.5,79.5
2023-03-04,0.0,30.5,79.5
2023-03-05,1.2232534,30.5,79.5
2023-03-06,0.08305909,30.5,79.5
2023-03-07,0.0019744162,30.5,79.5
2023-03-08,1.106131,30.5,79.5
2023-03-09,1.9078678,30.5,79.5
2023-03-10,0.0,30.5,79.5
2023-03-11,0.0,30.5,79.5
2023-03-12,1.2807708,30.5,79.5
2023-03-13,6.606639,30.5,79.5
2023-03-14,8.188041,30.5,79.5
2023-03-15,0.0,30.5,79.5
2023-03-16,0.6360007,30.5,79.5
2023-03-17,0.8365679,30.5,79.5
2023-03-18,2.9877698,30.5,79.5
2023-03-19,3.0815554,30.5,79.5
2023-03-20,1.606076,30.5,79.5
2023-03-21,6.071594,30.5,79.5
2023-03-22,5.1651444,30.5,79.5
2023-03-23,0.0,30.5,79.5
2023-03-24,0.0,30.5,79.5
2023-03-25,10.441207,30.5,79.5
2023-03-26,0.015793366,30.5,79.5
2023-03-27,1.8015217,30.5,79.5
2023-03-28,0.071416706,30.5,79.5
2023-03-29,0.0415668,30.5,79.5
2023-03-30,0.0,30.5,79.5
2023-03-31,0.0,30.5,79.5
2023-04-01,7.9988656,30.5,79.5
2023-04-02,2.472703,30.5,79.5
2023-04-03,0.02207665,30.5,79.5
2023-04-04,2.2516448,30.5,79.5
2023-04-05,1.0671052,30.5,79.5
2023-04-06,0.0,30.5,79.5
2023-04-07,0.0,30.5,79.5
2023-04-08,0.0,30.5,79.5
2023-04-09,0.2560674,30.5,79.5
2023-04-10,0.0,30.5,79.5
2023-04-11,0.014748667,30.5,79.5
2023-04-12,0.0,30.5,79.5
2023-04-13,0.6544557,30.5,79.5
2023-04-14,0.15883079,30.5,79.5
2023-04-15,0.0,30.5,79.5
2023-04-16,5.4352107,30.5,79.5
2023-04-17,0.0,30.5,79.5
2023-04-18,0.0583275,30.5,79.5
2023-04-19,0.7432972,30.5,79.5
2023-04-20,26.218315,30.5,79.5
2023-04-21,28.847662,30.5,79.5
2023-04-22,2.1473076,30.5,79.5
2023-04-23,0.0,30.5,79.5
2023-04-24,0.0,30.5,79.5
2023-04-25,0.0,30.5,79.5
2023-04-26,0.74032706,30.5,79.5
2023-04-27,0.5643613,30.5,79.5
2023-04-28,5.0982876,30.5,79.5
2023-04-29,0.1545779,30.5,79.5
2023-04-30,9.784897,30.5,79.5
2023-05-01,4.697235,30.5,79.5
2023-05-02,6.101474,30.5,79.5
2023-05-03,5.398636,30.5,79.5
2023-05-04,15.508374,30.5,79.5
2023-05-05,1.5059348,30.5,79.5
2023-05-06,0.0,30.5,79.5
2023-05-07,1.0633235,30.5,79.5
2023-05-08,1.73367,30.5,79.5
2023-05-09,1.5470203,30.5,79.5
2023-05-10,0.0,30.5,79.5
2023-05-11,0.0769362,30.5,79.5
2023-05-12,0.0,30.5,79.5
2023-05-13,0.0,30.5,79.5
2023-05-14,0.04416486,30.5,79.5
2023-05-15,0.40532997,30.5,79.5
2023-05-16,0.0,30.5,79.5
2023-05-17,0.0,30.5,79.5
2023-05-18,3.1951623,30.5,79.5
2023-05-19,1.1130431,30.5,79.5
2023-05-20,5.771603,30.5,79.5
2023-05-21,0.42466888,30.5,79.5
2023-05-22,0.0,30.5,79.5
2023-05-23,0.0012290322,30.5,79.5
2023-05-24,2.7465599,30.5,79.5
2023-05-25,15.865066,30.5,79.5
2023-05-26,11.981476,30.5,79.5
2023-05-27,3.4239073,30.5,79.5
2023-05-28,6.918389,30.5,79.5
2023-05-29,0.0,30.5,79.5
2023-05-30,11.73961,30.5,79.5
2023-05-31,8.231536,30.5,79.5
2023-06-01,10.941771,30.5,79.5
2023-06-02,6.9387007,30.5,79.5
2023-06-03,1.770988,30.5,79.5
2023-06-04,0.6353435,30.5,79.5
2023-06-05,0.031919785,30.5,79.5
2023-06-06,3.0359943,30.5,79.5
2023-06-07,1.3987938,30.5,79.5
2023-06-08,0.0,30.5,79.5
2023-06-09,3.8538034,30.5,79.5
2023-06-10,0.0,30.5,79.5
2023-06-11,0.0,30.5,79.5
2023-06-12,0.040930785,30.5,79.5
2023-06-13,0.23226708,30.5,79.5
2023-06-14,0.011770607,30.5,79.5
2023-06-15,12.29222,30.5,79.5
2023-06-16,3.3394706,30.5,79.5
2023-06-17,7.95337,30.5,79.5
2023-06-18,21.338919,30.5,79.5
2023-06-19,2.0917904,30.5,79.5
2023-06-20,13.314966,30.5,79.5
2023-06-21,11.850156,30.5,79.5
2023-06-22,12.943973,30.5,79.5
2023-06-23,0.0,30.5,79.5
2023-06-24,13.747068,30.5,79.5
2023-06-25,8.958664,30.5,79.5
2023-06-26,9.656958,30.5,79.5
2023-06-27,1.7311414,30.5,79.5
2023-06-28,8.577722,30.5,79.5
2023-06-29,18.151522,30.5,79.5
2023-06-30,12.994395,30.5,79.5
2023-07-01,13.655893,30.5,79.5
2023-07-02,25.835318,30.5,79.5
2023-07-03,2.7081878,30.5,79.5
2023-07-04,7.0413914,30.5,79.5
2023-07-05,24.718748,30.5,79.5
2023-07-06,17.650688,30.5,79.5
2023-07-07,4.867379,30.5,79.5
2023-07-08,3.4314637,30.5,79.5
2023-07-09,14.805004,30.5,79.5
2023-07-10,12.663419,30.5,79.5
2023-07-11,20.848028,30.5,79.5
2023-07-12,17.477144,30.5,79.5
2023-07-13,33.287743,30.5,79.5
2023-07-14,5.7022386,30.5,79.5
2023-07-15,25.13235,30.5,79.5
2023-07-16,45.983807,30.5,79.5
2023-07-17,24.55949,30.5,79.5
2023-07-18,47.74028,30.5,79.5
2023-07-19,17.13186,30.5,79.5
2023-07-20,10.100507,30.5,79.5
2023-07-21,12.150613,30.5,79.5
2023-07-22,43.883602,30.5,79.5
2023-07-23,16.02695,30.5,79.5
2023-07-24,42.49446,30.5,79.5
2023-07-25,29.7413,30.5,79.5
2023-07-26,29.319319,30.5,79.5
2023-07-27,14.392011,30.5,79.5
2023-07-28,14.158356,30.5,79.5
2023-07-29,47.765034,30.5,79.5
2023-07-30,7.5917845,30.5,79.5
2023-07-31,27.450708,30.5,79.5
2023-08-01,4.799515,30.5,79.5
2023-08-02,11.414771,30.5,79.5
2023-08-03,15.886888,30.5,79.5
2023-08-04,16.26384,30.5,79.5
2023-08-05,16.158773,30.5,79.5
2023-08-06,39.096275,30.5,79.5
2023-08-07,6.953767,30.5,79.5
2023-08-08,5.7129602,30.5,79.5
2023-08-09,5.7431154,30.5,79.5
2023-08-10,2.5998824,30.5,79.5
2023-08-11,3.3776786,30.5,79.5
2023-08-12,12.403596,30.5,79.5
2023-08-13,21.100346,30.5,79.5
2023-08-14,62.3282,30.5,79.5
2023-08-15,8.134485,30.5,79.5
2023-08-16,0.058237564,30.5,79.5
2023-08-17,0.31120205,30.5,79.5
2023-08-18,7.052942,30.5,79.5
2023-08-19,11.686234,30.5,79.5
2023-08-20,3.8835983,30.5,79.5
2023-08-21,5.3004546,30.5,79.5
2023-08-22,11.733881,30.5,79.5
2023-08-23,39.049316,30.5,79.5
2023-08-24,14.452945,30.5,79.5
2023-08-25,7.9576063,30.5,79.5
2023-08-26,5.6386213,30.5,79.5
2023-08-27,2.022777,30.5,79.5
2023-08-28,1.8989806,30.5,79.5
2023-08-29,2.7790263,30.5,79.5
2023-08-30,0.00016769819,30.5,79.5
2023-08-31,0.4513115,30.5,79.5
2023-09-01,0.0,30.5,79.5
2023-09-02,0.09629681,30.5,79.5
2023-09-03,1.2159348,30.5,79.5
2023-09-04,4.032985,30.5,79.5
2023-09-05,6.0050154,30.5,79.5
2023-09-06,11.242451,30.5,79.5
2023-09-07,0.0,30.5,79.5
2023-09-08,10.931612,30.5,79.5
2023-09-09,4.0888414,30.5,79.5
2023-09-10,25.446053,30.5,79.5
2023-09-11,17.164957,30.5,79.5
2023-09-12,0.80078006,30.5,79.5
2023-09-13,0.5790708,30.5,79.5
2023-09-14,0.7578316,30.5,79.5
2023-09-15,15.794446,30.5,79.5
2023-09-16,3.8081176,30.5,79.5
2023-09-17,2.5815725,30.5,79.5
2023-09-18,3.7845283,30.5,79.5
2023-09-19,3.9121687,30.5,79.5
2023-09-20,6.324892,30.5,79.5
2023-09-21,11.090751,30.5,79.5
2023-09-22,7.01487,30.5,79.5
2023-09-23,4.7276945,30.5,79.5
2023-09-24,1.3389343,30.5,79.5
2023-09-25,0.15978408,30.5,79.5
2023-09-26,0.0,30.5,79.5
2023-09-27,0.0,30.5,79.5
2023-09-28,0.161544,30.5,79.5
2023-09-29,0.0,30.5,79.5
2023-09-30,0.9314356,30.5,79.5
2023-10-01,0.2076219,30.5,79.5
2023-10-02,0.0,30.5,79.5
2023-10-03,5.429534,30.5,79.5
2023-10-04,1.8153294,30.5,79.5
2023-10-05,0.0015835332,30.5,79.5
2023-10-06,0.0,30.5,79.5
2023-10-07,0.0,30.5,79.5
2023-10-08,0.5548236,30.5,79.5
2023-10-09,0.2568475,30.5,79.5
2023-10-10,0.0,30.5,79.5
2023-10-11,0.28730056,30.5,79.5
2023-10-12,0.0,30.5,79.5
2023-10-13,0.0,30.5,79.5
2023-10-14,0.0,30.5,79.5
2023-10-15,1.2507528,30.5,79.5
2023-10-16,2.0873725,30.5,79.5
2023-10-17,16.004879,30.5,79.5
2023-10-18,6.578511,30.5,79.5
2023-10-19,0.5373608,30.5,79.5
2023-10-20,0.0,30.5,79.5
2023-10-21,0.026416421,30.5,79.5
2023-10-22,0.0,30.5,79.5
2023-10-23,0.0,30.5,79.5
2023-10-24,1.8943673,30.5,79.5
2023-10-25,0.0,30.5,79.5
2023-10-26,0.14080408,30.5,79.5
2023-10-27,0.0,30.5,79.5
2023-10-28,0.0,30.5,79.5
2023-10-29,0.0,30.5,79.5
2023-10-30,0.0,30.5,79.5
2023-10-31,0.0,30.5,79.5
2023-11-01,0.0,30.5,79.5
2023-11-02,0.0,30.5,79.5
2023-11-03,0.1591472,30.5,79.5
2023-11-04,0.1591472,30.5,79.5
2023-11-05,0.0,30.5,79.5
2023-11-06,0.0,30.5,79.5
2023-11-07,0.31770042,30.5,79.5
2023-11-08,0.0,30.5,79.5
2023-11-09,0.0,30.5,79.5
2023-11-10,0.0,30.5,79.5
2023-11-11,3.3067288,30.5,79.5
2023-11-12,0.0,30.5,79.5
2023-11-13,0.011462707,30.5,79.5
2023-11-14,0.0,30.5,79.5
2023-11-15,0.0,30.5,79.5
2023-11-16,0.0,30.5,79.5
2023-11-17,0.0,30.5,79.5
2023-11-18,0.0,30.5,79.5
2023-11-19,0.0,30.5,79.5
2023-11-20,0.15885021,30.5,79.5
2023-11-21,0.15885021,30.5,79.5
2023-11-22,0.0,30.5,79.5
2023-11-23,0.0,30.5,79.5
2023-11-24,0.0,30.5,79.5
2023-11-25,0.0,30.5,79.5
2023-11-26,0.0,30.5,79.5
2023-11-27,0.2114262,30.5,79.5
2023-11-28,0.46775568,30.5,79.5
2023-11-29,0.15885144,30.5,79.5
2023-11-30,0.0,30.5,79.5
2023-12-01,0.01776125,30.5,79.5
2023-12-02,0.0,30.5,79.5
2023-12-03,0.18418916,30.5,79.5
2023-12-04,0.7315895,30.5,79.5
2023-12-05,0.25176647,30.5,79.5
2023-12-06,0.0,30.5,79.5
2023-12-07,0.0,30.5,79.5
2023-12-08,0.0,30.5,79.5
2023-12-09,0.0,30.5,79.5
2023-12-10,0.0,30.5,79.5
2023-12-11,0.0,30.5,79.5
2023-12-12,0.15885021,30.5,79.5
2023-12-13,6.667063,30.5,79.5
2023-12-14,0.0,30.5,79.5
2023-12-15,0.0,30.5,79.5
2023-12-16,0.0,30.5,79.5
2023-12-17,0.30519015,30.5,79.5
2023-12-18,0.0002489238,30.5,79.5
2023-12-19,0.0,30.5,79.5
2023-12-20,0.0,30.5,79.5
2023-12-21,0.0,30.5,79.5
2023-12-22,0.0,30.5,79.5
2023-12-23,0.066362575,30.5,79.5
2023-12-24,0.0,30.5,79.5
2023-12-25,0.0,30.5,79.5
2023-12-26,0.0,30.5,79.5
2023-12-27,0.0,30.5,79.5
2023-12-28,0.0,30.5,79.5
2023-12-29,0.0,30.5,79.5
2023-12-30,0.0,30.5,79.5
2023-12-31,0.00743083,30.5,79.5
